legacy_detail_id,order_no,seq,filename
265ce3b7,QC26010002,1,4460f138.Image.175615.png
8aae69cb,QC26010002,1,02c22afa.Image.180330.png
5a24fc80,QC26010002,1,7bc0b30a.Image.180336.png
2f7aabf7,QC26010002,1,9302dac6.Image.181246.png
345fd1c5,QC26010003,1,08f45b2e.Image.182231.png
5d457df5,QC26010005,1,1f432e98.Image.182238.png
163ea9cc,QC26010005,1,8c5ce54c.Image.182243.png
ffb06ce1,QC26010005,1,8cd17078.Image.182249.png
1c69b6f7,QC26010008,1,42f9b762.Image.182837.jpg
62dd2789,QC26010009,1,75cf301d.Image.182843.jpg
1d88f3b7,QC26010010,1,d00ab6c9.Image.182848.jpg
314c691b,QC26010010,1,c743d39e.Image.182854.jpg
a754f995,QC26010017,1,db29dd41.Image.183329.jpg
06e72ff6,QC26010019,1,845aeff9.Image.183336.jpg
9bbd700a,QC26010019,1,346c6c64.Image.183342.jpg
0f581c35,QC26010019,1,ff0a309d.Image.183351.jpg
1f0295a2,QC26010019,1,695729f6.Image.183357.jpg
338fc7e5,QC26010020,1,e444e1cd.Image.183713.png
e94a5564,QC26010032,1,3af709c1.Image.161451.jpg
22d0327e,QC26010034,1,f093f383.Image.161742.jpg
5a833419,QC26010035,1,2f047292.Image.162901.jpg
61e81b71,QC26010036,1,4a8640fe.Image.163502.png
b7fef3f0,QC26010036,1,12471f8c.Image.165024.png
6e6b3c42,QC26010036,1,d4f8b791.Image.165442.png
15402247,QC26010036,1,a28fd1d8.Image.170435.png
3ab26312,QC26010037,1,1939990b.Image.170441.png
9b7ba768,QC26010043,1,a2afe3cf.Image.030406.png
1ad70f57,QC26010044,1,e382f50b.Image.030411.png
f1c5c7ba,QC26010045,1,d126ae29.Image.030417.png
d22db105,QC26010045,1,f87568ee.Image.031158.png
77eccd51,QC26010045,1,bd9874b4.Image.034420.png
c0ac295c,QC26010045,1,8e7a96e5.Image.034425.png
525d3cbd,QC26010046,1,39a3bddd.Image.034430.png
a4b5e010,QC26010046,1,66cc7f54.Image.034435.png
48fe0e53,QC26010046,1,8931e5c9.Image.034830.png
66c675f6,QC26010046,1,33c6cb67.Image.034837.png
17f7eebe,QC26010046,1,4ebb4183.Image.034843.png
d7a6fccd,QC26010047,1,ed893b15.Image.040216.png
f0af50dd,QC26010047,1,7f6dfbd1.Image.042510.png
179ac011,QC26010047,1,92100a9d.Image.043410.png
63551ee0,QC26010077,1,ce282738.Image.043416.png
16e0f9d9,QC26010078,1,a8f8edde.Image.043422.png
f722dea1,QC26010079,1,3a699e08.Image.043427.png
aedc686a,QC26010080,1,c72fc811.Image.043431.png
f56391c2,QC26010080,1,efce5879.Image.043436.png
92e22cb2,QC26010081,1,3d432a65.Image.044538.png
c55894cd,QC26010081,1,09fa2f6c.Image.045007.png
be285a87,QC26010082,1,fb740a0b.Image1.024927.png
d10a96ea,QC26010082,1,e3835212.Image1.025849.png
6adee672,QC26010083,1,c083ca85.Image1.030655.jpg
29c4bcee,QC26010083,1,bd34902b.Image1.032039.png
cace10dc,QC26010084,1,e44bf1f6.Image1.032046.png
09844c7e,QC26010084,1,d5e11bcf.Image1.032051.png
9537f4f2,QC26010084,1,4bba4a4b.Image1.032808.jpg
6d9a6559,QC26010090,1,e9367148.Image1.033519.png
952a2991,QC26010090,1,e6821350.Image1.033527.png
6a22a268,QC26010091,1,6de78c70.Image1.034201.png
241fc861,QC26010091,1,f9a00c6c.Image1.034207.png
0c6a4382,QC26010091,1,7a79a8d5.Image1.035151.jpg
698dc205,QC26010092,1,f33610ec.Image1.041207.png
ef9bb64a,QC26010093,1,f03dbc47.Image1.043445.png
bc217b06,QC26010094,1,a39127cd.Image1.043452.png
34a396c5,QC26010094,1,1383f170.Image1.044832.png
8d80014c,QC26010095,1,84dd9911.Image1.044839.png
99977d1d,QC26010096,1,6b9c4df2.Image1.045411.png
feb89901,QC26010096,1,01a1f46d.Image1.045417.png
50d2a35a,QC26010097,1,4de9a187.Image1.045423.png
5d9603e8,QC26010097,1,239cbdeb.Image1.060552.png
50398b6b,QC26010098,1,3a9a67f9.Image1.060559.png
7f40e0a6,QC26010098,1,b569be7b.Image1.061558.png
dc3de1a0,QC26010099,1,16522741.Image1.061603.png
94829f94,QC26010100,1,e21bff38.Image1.061609.png
ca137fb3,QC26010100,1,b383f6d8.Image1.061615.png
0ef700b9,QC26010100,1,83648393.Image1.062448.png
00a3bbb9,QC26010100,1,e3fa6e42.Image1.062456.png
67f3fdd6,QC26010100,1,4b3d83d4.Image1.062502.png
44607a76,QC26010100,1,b9458736.Image1.062507.png
5d4d2c8d,QC26010101,1,a828c759.Image1.063854.png
7e6f6026,QC26010102,1,9db25e77.Image1.072827.png
049c20f1,QC26010102,1,10c9c939.Image1.072833.png
b2c92f3b,QC26010104,1,46ba5543.Image1.072838.png
bb6725ce,QC26010105,1,67751c0a.Image1.014636.jpg
22547766,QC26010109,1,11bae063.Image1.020055.png
99422327,QC26010109,1,44182263.Image1.020102.png
04ebcd1b,QC26010109,1,29a36608.Image1.024543.png
48dd4420,QC26010112,1,84933039.Image1.024550.png
7b0551d6,QC26010112,1,1b9b19e8.Image1.025153.png
77eb175a,QC26010113,1,a3622205.Image1.030153.png
7c0dd3a0,QC26010114,1,34ca7947.Image1.030159.png
0c098ade,QC26010114,1,db65799f.Image1.030206.png
27d2a222,QC26010114,1,27453987.Image1.030213.png
fe0425df,QC26010115,1,d39b7615.Image1.031415.png
20ea7978,QC26010115,1,80296862.Image1.031423.png
dc0aa5bb,QC26010116,1,f032895d.Image1.032228.png
0f9fa974,QC26010119,1,c0d0f5fe.Image1.032234.png
00b6df75,QC26010120,1,39ef16e5.Image1.032239.png
3b3e98f0,QC26010120,1,a509d51e.Image1.032244.png
917ed837,QC26010121,1,dfe6c9b2.Image1.033422.png
2f694c18,QC26010125,1,81a265ef.Image1.033429.png
d925aa6d,QC26010125,1,9514bd4d.Image1.033435.png
79a40f35,QC26010127,1,d9411b34.Image1.033441.png
b0337ed0,QC26010127,1,0916eca9.Image1.041838.png
aef4bfd5,QC26010129,1,6322ea08.Image1.041846.png
cf1ded1b,QC26010129,1,b475dbdc.Image1.024431.jpg
83506885,QC26010130,1,59efe6a5.Image1.084017.jpg
d9d52783,QC26010130,1,fd2ec1d8.Image1.084442.jpg
513fef2c,QC26010130,1,7ce225e3.Image1.084832.jpg
fd61e71e,QC26010131,1,2fd44179.Image1.092001.jpg
a5142945,QC26010131,1,9edf8599.Image1.092538.jpg
f42bb566,QC26010131,1,44248199.Image1.094013.jpg
f2a804ca,QC26010131,1,3c5c7225.Image1.011859.jpg
202732d0,QC26010132,1,3fe48eab.Image1.012323.jpg
9cce104f,QC26010134,1,1ca3e35f.Image1.021107.png
4d4dc06d,QC26010135,1,c53af889.Image1.021115.png
79fa6183,QC26010135,1,406eace2.Image1.021121.png
cfacdcff,QC26010136,1,46cb9a03.Image1.021126.png
65eb0a86,QC26010136,1,00e2de82.Image1.021131.png
9ea2daf6,QC26010136,1,571e74fb.Image1.022252.png
e3bdeedd,QC26010136,1,a15fa048.Image1.022258.png
4cde21e3,QC26010137,1,e4c17deb.Image1.022303.png
df9eef02,QC26010144,1,fb062b6b.Image1.022309.png
2347e9a3,QC26010145,1,9d9a7cda.Image1.022314.png
207537cf,QC26010145,1,9d5a7f93.Image1.023046.png
7dcb1ddf,QC26010145,1,92027593.Image1.023052.png
0df26386,QC26010145,1,cbdbcabd.Image1.023756.jpg
06f96838,QC26010146,1,127dcf5a.Image1.024422.jpg
4e6ca1a2,QC26010147,1,672d38b0.Image1.025441.jpg
8f2881f5,QC26010147,1,8ddc7ecc.Image1.025750.jpg
948ebfaa,QC26010148,1,588d2394.Image1.031359.png
daca02b5,QC26010158,1,d359c1f5.Image1.031405.png
f2d1e991,QC26010159,1,bf7014d7.Image1.040400.png
2b83c9f1,QC26010159,1,d7630160.Image1.040406.png
c6e06171,QC26010159,1,936ccd4b.Image1.040412.png
f8979356,QC26010160,1,43dc60bb.Image1.040418.png
1d07d1d0,QC26010160,1,d5472088.Image1.042711.jpg
85a70b2e,QC26010161,1,e284b870.Image1.044644.jpg
7b5d6f89,QC26010161,1,3369c7ed.Image1.045113.jpg
bee5fb17,QC26010162,1,fb9d4e2f.Image1.072721.png
4c6c03e6,QC26010162,1,0fbf5298.Image1.072728.png
e0f6a3e9,QC26010163,1,61b607f1.Image1.072734.png
5ac3263d,QC26010163,1,87c878a7.Image1.073235.png
079af433,QC26010163,1,f4bc4bb8.Image1.073241.png
bf152f50,QC26010163,1,e26b844c.Image1.074407.png
242871a2,QC26010163,1,bc1d4356.Image1.074415.png
5bb255d5,QC26010164,1,1a1e6fe8.Image1.080809.png
961a83bc,QC26010164,1,a1333938.Image1.080816.png
7092eab8,QC26010164,1,d5c016a2.Image1.013349.png
67e3d9c6,QC26010165,1,4ca54f1c.Image1.013357.png
3dc13456,QC26010165,1,17e1434b.Image1.013849.png
8262c43c,QC26010166,1,923717f8.Image1.013854.png
1f5168b2,QC26010166,1,9258d4fb.Image1.014524.png
30087517,QC26010174,1,bea099dd.Image1.014531.png
7662620e,QC26010174,1,03f2b949.Image1.014537.png
2d6ffcaa,QC26010175,1,25b5c00c.Image1.015604.png
bab8c174,QC26010176,1,a882871c.Image1.015611.png
4aa12181,QC26010177,1,dd8c77d1.Image1.015616.png
babe1ca2,QC26010177,1,456563cd.Image1.045222.png
0cc8d1b3,QC26010179,1,211fb6ab.Image1.045228.png
049ea562,QC26010179,1,ab2d0bb2.Image1.045236.png
d84a44bc,QC26010179,1,dd6e8aa2.Image1.061637.png
6d9ee3fb,QC26010179,1,22f133b7.Image1.061643.png
9cd78048,QC26010180,1,58b6bacc.Image1.061649.png
6092ed94,QC26010181,1,902cb6ad.Image1.062522.png
236312f3,QC26010182,1,862c9964.Image1.062528.png
aa1931e5,QC26010182,1,1f151023.Image1.062532.png
e87a4e75,QC26010182,1,72a81516.Image1.064655.png
30df1182,QC26010182,1,b369ae59.Image1.064703.png
b406d949,QC26020183,1,f4d3cfc1.Image1.064710.png
16020a34,QC26020184,1,e01fa06c.Image1.085931.png
01e551ee,QC26020184,1,2f215f73.Image1.085937.png
049b85f8,QC26020184,1,43403156.Image1.085942.png
0bf5e41c,QC26010186,1,9baad082.Image1.061123.png
b3e08004,QC26020187,1,24fc5b05.Image1.062430.jpg
c5a52087,QC26020188,1,bd306af4.Image1.064104.png
e2ec1498,QC26020208,1,1288ecbe.Image1.064111.png
232847f9,QC26020209,1,a884d4bc.Image1.064117.png
a3cf8683,QC26020210,1,31060b0f.Image1.064123.png
7a082192,QC26020218,1,c3bcfac8.Image1.064130.png
e8749e27,QC26020218,1,a6aee8ae.Image1.065241.png
409ef8bd,QC26020218,1,b085976d.Image1.065247.png
c7d943f4,QC26020219,1,b47b5a80.Image1.065253.png
26bb8e6f,QC26020219,1,55abd5b0.Image1.071125.jpg
6405ff82,QC26020219,1,84cf353e.Image1.071916.png
2d969b3b,QC26020219,1,297dbd5c.Image1.072217.jpg
68b58ef5,QC26020221,1,048bbe58.Image1.072734.png
fed0b614,QC26020221,1,302bacb0.Image1.072740.png
28d2cec4,QC26020221,1,9a2504db.Image1.073122.png
23e5c438,QC26020222,1,89c74e07.Image1.073130.png
3699f074,QC26020223,1,f4e54d1d.Image1.073640.png
f94e9cdc,QC26020230,1,7531a881.Image1.073647.png
51aa4eed,QC26020230,1,89d205d4.Image1.073652.png
cc0f234e,QC26020242,1,f5cec1e4.Image1.074743.png
3a83ab77,QC26020242,1,1ddda39c.Image1.074752.png
d861c5d8,QC26020242,1,33026fff.Image1.074759.png
d4ae7a03,QC26020242,1,6e3bbc30.Image1.084114.png
c4304ab5,QC26020243,1,76d3c27a.Image1.084121.png
70397ec9,QC26020247,1,45dbcb4c.Image1.084126.png
5b43bd3b,QC26020247,1,28a9a1ea.Image1.084132.png
dbf0e5a8,QC26020247,1,8f213fff.Image1.084959.png
d1e2ad64,QC26020248,1,0b6f0c51.Image1.085005.png
404ef165,QC26020248,1,647bc5a8.Image1.085010.png
b4666739,QC26020248,1,79db7b99.Image1.090348.png
85b17ee8,QC26020248,1,5c337855.Image1.090357.png
3e6b33ae,QC26020248,1,d6594866.Image1.090403.png
a62628e6,QC26020248,1,b54696bd.Image1.090409.png
0520bc40,QC26020250,1,ea927967.Image1.091240.png
a0abe7df,QC26020250,1,03a745c1.Image1.091248.png
9dd4fc6b,QC26020251,1,e67f2654.Image1.091253.png
561a1deb,QC26020251,1,56a231ba.Image1.091300.png
434aa34d,QC26020251,1,1143b102.Image1.092848.jpg
5a64aca0,QC26020252,1,01bf0db5.Image1.094034.png
77d565a9,QC26020254,1,2b493e5d.Image1.094136.jpg
21f412e0,QC26020256,1,d9b279e8.Image1.094600.jpg
0950a5a4,QC26020257,1,ace80d2e.Image1.094921.jpg
f289bc45,QC26020257,1,193d7fd7.Image1.095306.jpg
3e31c84a,QC26020258,1,c1f5fad9.Image1.031510.png
1c816f7b,QC26020258,1,03b892d4.Image1.031516.png
38ce88fe,QC26020261,1,652f0215.Image1.031522.png
267bf4b2,QC26020262,1,1d4ba8ee.Image1.032531.jpg
9a994c76,QC26020263,1,87aef4ff.Image1.033238.png
df4d7d40,QC26020264,1,8bc20c1d.Image1.041919.jpg
1328531c,QC26020265,1,61e05cfb.Image1.042212.jpg
dbb9e2c6,QC26020265,1,0e1bd3dd.Image1.042700.jpg
7ee01ac9,QC26020265,1,57e6512a.Image1.065736.jpg
ef546e8f,QC26020265,1,ba9a5fbb.Image1.070520.jpg
faee24af,QC26020265,1,3dec7eba.Image1.071605.jpg
9206a06e,QC26020265,1,5179259e.Image1.072156.png
571ef1dc,QC26020265,1,3e400a18.Image1.072202.png
8a1337d1,QC26020266,1,a5df27b3.Image1.072208.png
2bbeca04,QC26020266,1,5c3d3cf4.Image1.072517.jpg
2f72a444,QC26020267,1,1653888b.Image1.073334.png
887c4ac0,QC26020267,1,7bdc6cf9.Image1.073844.jpg
1a936135,QC26020268,1,85696f9c.Image1.074433.jpg
8394ba06,QC26020269,1,2bf263e9.Image1.075516.png
7bf0a3b8,QC26020270,1,4ac5da19.Image1.075522.png
b42c24e7,QC26020271,1,3215b949.Image1.075529.png
d9fe648e,QC26020272,1,0420817b.Image1.075535.png
648ec275,QC26020272,1,02ef1bf3.Image1.075541.png
017055fb,QC26020272,1,7186839d.Image1.075547.png
ac2c4898,QC26020284,1,53dab05b.Image1.080709.png
76fdf4da,QC26020285,1,42043057.Image1.080716.png
ab4cd4ac,QC26020287,1,c3883877.Image1.080720.png
23266033,QC26020287,1,33973c58.Image1.080726.png
c0d01e4b,QC26020287,1,c91dfb07.Image1.081508.png
9ac61bfd,QC26020287,1,6328aa0c.Image1.081514.png
34846d2a,QC26020287,1,bae4060c.Image1.082024.jpg
6427862d,QC26020287,1,8656f73d.Image1.082444.png
fec6a78e,QC26020287,1,40cdb25a.Image1.082450.png
1859aa85,QC26020287,1,988745ef.Image1.035943.png
0b0d0506,QC26020288,1,5b73de8a.Image1.035949.png
29ebf70f,QC26020293,1,eb9b022c.Image1.035957.png
1b740e74,QC26020294,1,e1d4e44e.Image1.041054.png
8b7ef846,QC26020294,1,98bb5962.Image1.041100.png
23411fcf,QC26020295,1,a98e1f47.Image1.041107.png
95e3a90b,QC26020295,1,3f491172.Image1.041113.png
b5b1df5b,QC26020296,1,ab11347b.Image1.041933.jpg
060e8dfd,QC26020297,1,5d2d24a9.Image1.043753.jpg
1720d3db,QC26020297,1,b6d9c948.Image1.044058.jpg
d7065189,QC26020297,1,78c49a48.Image1.044440.png
c0f4c9ea,QC26020297,1,ad68855d.Image1.044445.png
b62bdc10,QC26020298,1,37ba403e.Image1.045417.png
2946a92f,QC26020298,1,e6d2ea07.Image1.045709.jpg
c0c3f103,QC26020298,1,a0b8904a.Image1.060425.jpg
bbf75a61,QC26020298,1,ea8d512b.Image1.060724.jpg
5d50510e,QC26020309,1,20da6aff.Image1.073808.png
34d4939d,QC26020324,1,cdb31998.Image1.080506.png
fca6b992,QC26020325,1,77910029.Image1.081258.png
ce6116aa,QC26020325,1,8aca1af6.Image1.081306.png
2f961ba1,QC26020333,1,ba7c3002.Image1.083829.png
d3d88aa4,QC26020333,1,52a05a0e.Image1.083836.png
e8e6e147,QC26020334,1,38f15dd0.Image1.083841.png
8b240d01,QC26020341,1,3e5d41d8.Image1.085135.png
3fc11505,QC26020342,1,615b943a.Image1.085141.png
51ea4008,QC26020344,1,a7a27e9c.Image1.085149.png
78a2b30c,QC26020345,1,fc1aba8d.Image1.085629.png
205b9d5d,QC26020346,1,963cc8a2.Image1.085634.png
8138411d,QC26020346,1,13f1582b.Image1.085640.png
c743d39e,QC26040635,1,0278785b.Image1.060829.png
db29dd41,QC26040636,1,203681a9.Image1.060837.png
845aeff9,QC26040636,1,6f9c75a1.Image1.061905.png
346c6c64,QC26040636,1,cd5d97f3.Image1.061914.png
ff0a309d,QC26040636,1,f10a8036.Image1.061920.png
695729f6,QC26040636,1,9e8a1d06.Image1.061926.png
e444e1cd,QC26040637,1,be9cd55c.Image1.061933.png
203dbdbe,QC26040637,1,3dacea52.Image1.061938.png
3af709c1,QC26040639,1,6f28c8ab.Image1.062308.png
f093f383,QC26040640,1,8bca7d09.Image1.062314.png
d4f8b791,QC26040656,1,144d4483.Image1.062528.png
1939990b,QC26040657,1,429d9d2e.Image1.062536.png
a2afe3cf,QC26040670,1,3664a2c4.Image1.062714.png
e382f50b,QC26040670,1,813701d8.Image1.062721.png
d126ae29,QC26040670,1,16ba477f.Image1.062838.png
f87568ee,QC26040673,1,d5ee9dc4.Image1.063219.png
bd9874b4,QC26040688,1,fb158ecc.Image1.063226.png
8e7a96e5,QC26040688,1,3b674f6a.Image1.063232.png
39a3bddd,QC26040688,1,a0be9640.Image1.063430.png
66cc7f54,QC26040688,1,3e5997ea.Image1.063436.png
e3835212,QC26040704,1,e3835212.Image2.025849.png
44182263,QC26040735,1,44182263.Image2.020102.png
29a36608,QC26040740,1,29a36608.Image2.024543.png
1b9b19e8,QC26040741,1,1b9b19e8.Image2.025153.png
80296862,QC26040743,1,80296862.Image2.031423.png
dfe6c9b2,QC26040745,1,dfe6c9b2.Image2.033422.png
0916eca9,QC26040746,1,0916eca9.Image2.041838.png
0916eca9,QC26040746,2,0916eca9.Image3.041838.png
0fbf5298,QC26040787,1,0fbf5298.Image2.072728.png
0fbf5298,QC26040787,2,0fbf5298.Image3.072728.png
e26b844c,QC26040789,1,e26b844c.Image2.074407.png
bc1d4356,QC26040789,1,bc1d4356.Image2.074415.png
9258d4fb,QC26040798,1,9258d4fb.Image2.014524.png
58b6bacc,QC26040801,1,58b6bacc.Image2.061649.png
72a81516,QC26040803,1,72a81516.Image2.064655.png
b369ae59,QC26040803,1,b369ae59.Image2.064703.png
e01fa06c,QC26040804,1,87b62433.Image1.011926.jpg
2f215f73,QC26040804,1,5761420b.Image1.011935.jpg
43403156,QC26040804,1,c49355ee.Image1.011944.jpg
ee6f28e2,QC26040804,1,5ac19f79.Image1.011953.jpg
9baad082,QC26040805,1,11ad0cfc.Image1.012814.png
9baad082,QC26040805,2,9baad082.Image2.061123.png
9baad082,QC26040805,3,9baad082.Image3.061123.png
24fc5b05,QC26040806,1,74498c64.Image1.023001.jpg
bd306af4,QC26040807,1,90047c34.Image1.023007.jpg
1288ecbe,QC26040807,1,ef6f2be9.Image1.023014.jpg
a884d4bc,QC26040807,1,a1456a83.Image1.023020.jpg
31060b0f,QC26040807,1,fad289cc.Image1.023026.jpg
31060b0f,QC26040807,2,31060b0f.Image2.064123.png
a6aee8ae,QC26040808,1,a6aee8ae.Image2.065241.png
a6aee8ae,QC26040808,2,a6aee8ae.Image3.065241.png
55abd5b0,QC26040825,1,f8dde9de.Image1.033254.jpg
84cf353e,QC26040826,1,d2774f33.Image1.033300.jpg
297dbd5c,QC26040827,1,186938d5.Image1.033306.jpg
048bbe58,QC26040828,1,2b8f51c7.Image1.081446.jpg
302bacb0,QC26040828,1,de1f8784.Image1.081934.jpg
9a2504db,QC26040829,1,b8294e91.Image1.082440.jpg
89c74e07,QC26040829,1,6b52509b.Image1.083036.jpg
f4e54d1d,QC26040830,1,898b58bb.Image1.083926.jpg
7531a881,QC26040830,1,2c7bf417.Image1.084746.jpg
89d205d4,QC26040830,1,ba7c43c0.Image1.084753.jpg
f5cec1e4,QC26040831,1,01bee8be.Image1.084758.jpg
f5cec1e4,QC26040831,2,f5cec1e4.Image2.074743.png
1ddda39c,QC26040831,1,bd2cfaa8.Image1.084805.jpg
33026fff,QC26040831,1,a2c009c8.Image1.085629.jpg
33026fff,QC26040831,2,33026fff.Image2.074759.png
6e3bbc30,QC26040832,1,96efb2a1.Image1.090024.jpg
6e3bbc30,QC26040832,2,6e3bbc30.Image2.084114.png
76d3c27a,QC26040832,1,9f8c8b1b.Image1.090906.jpg
45dbcb4c,QC26040832,1,8dd463e4.Image1.090913.jpg
45dbcb4c,QC26040832,2,45dbcb4c.Image2.084126.png
28a9a1ea,QC26040832,1,8a74b3b6.Image1.091433.jpg
8f213fff,QC26040833,1,c3e25012.Image1.092109.jpg
0b6f0c51,QC26040833,1,15d57c1d.Image1.092116.jpg
0b6f0c51,QC26040833,2,0b6f0c51.Image2.085005.png
0b6f0c51,QC26040833,3,0b6f0c51.Image3.085005.png
647bc5a8,QC26040833,1,d5e9e0a0.Image1.095117.jpg
79db7b99,QC26040834,1,9fe22d0c.Image1.095123.jpg
5c337855,QC26040834,1,756ff3c5.Image1.095130.jpg
5c337855,QC26040834,2,5c337855.Image2.090357.png
5c337855,QC26040834,3,5c337855.Image3.090357.png
d6594866,QC26040834,1,b260446b.Image1.095135.jpg
b54696bd,QC26040834,1,957ec99a.Image1.095845.jpg
b54696bd,QC26040834,2,b54696bd.Image2.090409.png
ea927967,QC26040835,1,76cd3662.Image1.095852.jpg
03a745c1,QC26040835,1,e5dbfe2d.Image1.012516.jpg
03a745c1,QC26040835,2,03a745c1.Image2.091248.png
03a745c1,QC26040835,3,03a745c1.Image3.091248.png
e67f2654,QC26040835,1,94f1e076.Image1.012522.jpg
56a231ba,QC26040835,1,6769bac8.Image1.012528.jpg
56a231ba,QC26040835,2,56a231ba.Image2.091300.png
1143b102,QC26040837,1,43e6a15d.Image1.012533.jpg
01bf0db5,QC26040838,1,8fa7512d.Image1.013252.jpg
2b493e5d,QC26040839,1,7c382591.Image1.013300.jpg
d9b279e8,QC26040840,1,40f9d6dd.Image1.013955.jpg
ace80d2e,QC26040841,1,414683dc.Image1.014001.jpg
193d7fd7,QC26040842,1,e770d57e.Image1.020137.jpg
c1f5fad9,QC26040846,1,45aa3eba.Image1.020143.jpg
03b892d4,QC26040846,1,57458395.Image1.022132.jpg
652f0215,QC26040846,1,f812a8f6.Image1.022137.jpg
1d4ba8ee,QC26040848,1,a2172d8e.Image1.022145.jpg
87aef4ff,QC26040849,1,7f35eafb.Image1.022150.jpg
87aef4ff,QC26040849,2,87aef4ff.Image2.033238.png
8bc20c1d,QC26040850,1,6f32e7a3.Image1.022157.jpg
61e05cfb,QC26040851,1,3f214bf0.Image1.022852.jpg
0e1bd3dd,QC26040852,1,58eac497.Image1.022858.jpg
57e6512a,QC26040855,1,afe114b8.Image1.023400.jpg
ba9a5fbb,QC26040856,1,2a7af5f2.Image1.023407.jpg
3dec7eba,QC26040857,1,ed912fb7.Image1.024158.jpg
5179259e,QC26040858,1,6e4fb64f.Image1.024205.jpg
3e400a18,QC26040858,1,9de85628.Image1.024213.jpg
a5df27b3,QC26040858,1,e8e67513.Image1.025444.jpg
5c3d3cf4,QC26040859,1,91ea9de5.Image1.025451.jpg
1653888b,QC26040860,1,774848ee.Image1.025457.jpg
7bdc6cf9,QC26040861,1,1f324613.Image1.025503.jpg
85696f9c,QC26040862,1,411c919f.Image1.025511.jpg
2bf263e9,QC26040863,1,7dca8358.Image1.025515.jpg
4ac5da19,QC26040863,1,ad485b13.Image1.025520.jpg
3215b949,QC26040863,1,e46fd446.Image1.030109.jpg
3215b949,QC26040863,2,3215b949.Image2.075529.png
0420817b,QC26040863,1,cfdd12b4.Image1.030114.jpg
0420817b,QC26040863,2,0420817b.Image2.075535.png
02ef1bf3,QC26040863,1,b8c766e7.Image1.031027.jpg
7186839d,QC26040863,1,a6700be1.Image1.031033.jpg
53dab05b,QC26040864,1,3b95ba92.Image1.031858.jpg
42043057,QC26040864,1,2cad5795.Image1.031904.jpg
c3883877,QC26040864,1,350e51bc.Image1.032504.jpg
c3883877,QC26040864,2,c3883877.Image2.080720.png
33973c58,QC26040864,1,3ec3c9a8.Image1.033947.jpg
c91dfb07,QC26040865,1,00a9797a.Image1.035806.jpg
6328aa0c,QC26040865,1,93be0f9b.Image1.035812.jpg
bae4060c,QC26040866,1,a6f31053.Image1.035816.jpg
8656f73d,QC26040867,1,a0a3cbf3.Image1.035821.jpg
40cdb25a,QC26040867,1,b4db43d4.Image1.035827.jpg
988745ef,QC26040868,1,23be1b64.Image1.035833.jpg
5b73de8a,QC26040868,1,6e2bbd4d.Image1.035838.jpg
eb9b022c,QC26040868,1,f30c3cb3.Image1.040744.jpg
eb9b022c,QC26040868,2,eb9b022c.Image2.035957.png
d814f928,QC26040868,1,fa2d3b4c.Image1.040751.jpg
e1d4e44e,QC26040869,1,13a35560.Image1.041800.jpg
98bb5962,QC26040869,1,a60e370d.Image1.041807.jpg
a98e1f47,QC26040869,1,24b252c2.Image1.042239.jpg
3f491172,QC26040869,1,a3e87ebc.Image1.042712.jpg
ab11347b,QC26040870,1,0f347dd6.Image1.081326.jpg
5d2d24a9,QC26040871,1,5240dd99.Image1.081318.jpg
b6d9c948,QC26040872,1,8e3c09c8.Image1.045609.jpg
78c49a48,QC26040873,1,2a79c61e.Image1.045616.jpg
ad68855d,QC26040873,1,727400c3.Image1.045622.jpg
37ba403e,QC26040874,1,c69a4e28.Image1.045629.jpg
e6d2ea07,QC26040875,1,1c36b64d.Image1.062804.jpg
a0b8904a,QC26040876,1,6aaa4f32.Image1.063432.jpg
ea8d512b,QC26040877,1,ab7473f6.Image1.063707.jpg
e27bd92e,QC26050890,1,4bcef36d.Image1.064347.jpg
9fd31114,QC26050890,1,3a849d63.Image1.072043.jpg
b505daf4,QC26050891,1,b893bbb5.Image1.072051.jpg
b8ab21b2,QC26050892,1,c9a255ba.Image1.074632.jpg
6dd966a2,QC26050893,1,efc2296d.Image1.075943.jpg
8f5a6617,QC26050893,1,282b6a99.Image1.075950.jpg
aa121af4,QC26050893,1,88bcdf03.Image1.075957.jpg
39ed3580,QC26050893,1,e3805542.Image1.080002.jpg
f78f81b3,QC26050894,1,ca36e87f.Image1.080409.jpg
7c86516c,QC26050894,1,997b2f56.Image1.080415.jpg
87a88b35,QC26050894,1,0897b090.Image1.081331.jpg
ccfd8d87,QC26050895,1,59917be2.Image1.081337.jpg
c280dc8c,QC26050895,1,2276ebc2.Image1.081343.jpg
a21ea2e8,QC26050895,1,1c0f4071.Image1.081349.jpg
3cfb85d6,QC26050895,1,e147566a.Image1.081354.jpg
a096cf62,QC26050895,1,bd26ade5.Image1.081958.png
46322a89,QC26050895,1,b8005c12.Image1.082055.jpg
459f94a6,QC26050896,1,1e6ddf66.Image1.082101.jpg
51fec46b,QC26050896,1,02a95881.Image1.082106.jpg
b058ad2c,QC26050896,1,e9245aef.Image1.071726.jpg
ef91fefe,QC26050896,1,f25ec4ae.Image1.071733.jpg
20da6aff,QC26040895,1,ab0f9881.Image1.071738.jpg
609b16cb,QC26050897,1,2f85fbb6.Image1.071744.jpg
198b1ed2,QC26050897,1,fd1c944f.Image1.071751.jpg
46fc6bed,QC26050897,1,b39f5ed6.Image1.013903.jpg
8b399261,QC26050897,1,957a471d.Image1.013908.jpg
c30f77bf,QC26050897,1,be0fbb6a.Image1.014532.jpg
e1a62356,QC26050899,1,927d68c6.Image1.014538.jpg
f4ca5893,QC26050899,1,ef2fd62f.Image1.015309.jpg
d9e08512,QC26050899,1,0da6b80b.Image1.015313.jpg
f66bc183,QC26050900,1,238f3a9f.Image1.030356.jpg
417b10f2,QC26050900,1,c607ca79.Image1.030403.jpg
c34ea8fd,QC26050901,1,3d9a1339.Image1.030411.jpg
f526dcc2,QC26050902,1,45109ec8.Image1.030756.jpg
aecd998c,QC26050902,1,0809455c.Image1.031621.jpg
9fa05423,QC26050902,1,efb34979.Image1.031628.jpg
2f0dc771,QC26050903,1,dd9a7f5a.Image1.031636.jpg
cdb31998,QC26040899,1,2a3474e7.Image1.033751.jpg
2d08b1b4,QC26050904,1,848dbbdd.Image1.033757.jpg
a36cbeea,QC26050904,1,5235ec82.Image1.033804.jpg
6cce493c,QC26050904,1,457bb07d.Image1.034956.jpg
eb47c97a,QC26050904,1,0123fb03.Image1.035906.jpg
51d8b1c8,QC26050906,1,6f649fc4.Image1.035912.jpg
77910029,QC26040905,1,10dd78c2.Image1.042502.jpg
8aca1af6,QC26040905,1,8aca1af6.Image2.081306.png
c33d7b5a,QC26050907,1,c1748eae.Image1.042510.jpg
54833d2e,QC26050909,1,a089df87.Image1.060719.jpg
33f18054,QC26050909,1,2a55af59.Image1.060728.jpg
4211c557,QC26050910,1,9219289e.Image1.060734.jpg
aef649b2,QC26050910,1,a7af98dd.Image1.061504.jpg
a1871450,QC26050910,1,65500d64.Image1.062042.jpg
15b5e684,QC26050910,1,1e1e77e3.Image1.064640.jpg
a813192b,QC26050911,1,e3f91901.Image1.064647.jpg
16730c88,QC26050911,1,9ea880ca.Image1.064656.jpg
ba7c3002,QC26040908,1,c12877c5.Image1.065325.jpg
52a05a0e,QC26040908,1,11c9cb14.Image1.065333.jpg
52a05a0e,QC26040908,2,52a05a0e.Image2.083836.png
38f15dd0,QC26040908,1,4f90812a.Image1.070731.jpg
23657e3b,QC26050912,1,e82e2e4c.Image1.070739.jpg
cfdb6fc8,QC26050914,1,546e6af8.Image1.012459.jpg
8152eacb,QC26050914,1,d64a1ac0.Image1.013207.jpg
e5571fd1,QC26050914,1,d8ff8f82.Image1.013213.jpg
3e5d41d8,QC26040913,1,b15b7f6b.Image1.013219.jpg
615b943a,QC26040913,1,7d6b1071.Image1.014027.jpg
30dbb9f3,QC26040913,1,40facd48.Image1.014032.jpg
a7a27e9c,QC26040913,1,6f1d81a9.Image1.015027.jpg
48e9a655,QC26050915,1,dd3462d1.Image1.025251.jpg
05efda96,QC26050915,1,b3d9c434.Image1.025259.jpg
1b84d4ba,QC26050917,1,46354a44.Image1.043746.jpg
5eda0329,QC26050917,1,50b247c1.Image1.062614.png
fc1aba8d,QC26040916,1,18f567f1.Image1.062620.png
963cc8a2,QC26040916,1,336d6f15.Image1.062626.png
13f1582b,QC26040916,1,e851d4e7.Image1.062632.png
f2ae4fe8,QC26050918,1,678b7313.Image1.062638.png
5ee26eed,QC26050926,1,f048cb1d.Image1.062644.png
28d27c49,QC26050926,1,41067f15.Image1.062651.png
78e13a59,QC26050926,1,174f2f4e.Image1.062657.png
65f07680,QC26050926,1,0d4f069d.Image1.074624.jpg
b13869eb,QC26050927,1,aa1755fb.Image1.074631.jpg
b51936b1,QC26050928,1,fff0c388.Image1.080114.jpg
f34046f8,QC26050929,1,3eaf133a.Image1.082324.jpg
4f91692a,QC26050930,1,dd17592d.Image1.082330.jpg
daddeb4b,QC26050930,1,2291f862.Image1.082335.jpg
981512c6,QC26050930,1,2ebec937.Image1.083746.jpg
a5ed3987,QC26050930,1,b17fa3c4.Image1.083751.jpg
e5659457,QC26050930,1,15e58a5b.Image1.083758.jpg
ac339fb5,QC26050931,1,234e7ee8.Image1.084637.jpg
5ed43fe3,QC26050931,1,4b017550.Image1.084643.jpg
dfbb3070,QC26050932,1,28cc88a4.Image1.084649.jpg
b6134d00,QC26050932,1,f259e588.Image1.084656.jpg
d04ca2e8,QC26050933,1,36261c74.Image1.084700.jpg
ac6b43be,QC26050934,1,31bd308d.Image1.092023.jpg
3912c947,QC26050937,1,e4459823.Image1.092523.jpg
f6286602,QC26050936,1,3439d4fe.Image1.092923.jpg
d2c2b08a,QC26050938,1,5d771846.Image1.093323.jpg
cd6e4450,QC26050938,1,940da5c6.Image1.093450.jpg
a64040a1,QC26050939,1,f6442b00.Image1.093416.jpg
fe2080f4,QC26050940,1,f985e108.Image1.093422.jpg
d6b9a4e3,QC26050940,1,39206993.Image1.093429.jpg
f11b4976,QC26050940,1,90d064ff.Image1.093434.jpg
61e6f465,QC26050941,1,aa4bde5e.Image1.093440.jpg
4232fdcb,QC26050941,1,323772a2.Image1.093445.jpg
2c316e7b,QC26050941,1,5ef64ec0.Image1.093451.jpg
50101509,QC26050941,1,18d3ecd0.Image1.093457.jpg
54b421d2,QC26050942,1,44ef13be.Image1.093504.jpg
e7cc2388,QC26050942,1,518a5d5e.Image1.095326.jpg
6b63c902,QC26050943,1,a1f38de0.Image1.095547.jpg
375a8fc2,QC26050943,1,6f75b936.Image1.030334.jpg
f69711ab,QC26050944,1,4c640540.Image1.030341.jpg
20bf0414,QC26050945,1,820c8ce8.Image1.030347.jpg
38c04dc7,QC26050946,1,3d484566.Image1.030354.jpg
47960f49,QC26050946,1,a8e8ef67.Image1.030358.jpg
cac9bd4c,QC26050953,1,b8f7680d.Image1.030403.jpg
8ff91997,QC26050955,1,e8cdbbe2.Image1.030409.jpg
d74cfe05,QC26050956,1,f89c8b95.Image1.030414.jpg
44e617b6,QC26050957,1,44ccbda4.Image1.032134.jpg
d9d30ea0,QC26050958,1,10d6ff48.Image1.032140.jpg
9e4ed934,QC26050959,1,c2a500da.Image1.032146.jpg
2cc61d93,QC26050960,1,fd2aca16.Image1.032154.jpg
27605f48,QC26050961,1,448db388.Image1.032936.jpg
c6b21c18,QC26050961,1,0d73d527.Image1.041001.jpg
dba8f8bd,QC26050961,1,a26f4094.Image1.041007.jpg
039f14e4,QC26050962,1,18213ffb.Image1.042018.jpg
aeb913b5,QC26050963,1,420dd29a.Image1.042024.jpg
b89e43f7,QC26050963,1,dca48f2b.Image1.042030.jpg
19a560f3,QC26050964,1,fbb85c0d.Image1.042036.jpg
0467c1c4,QC26050965,1,63cc6e63.Image1.043047.jpg
96e25ef6,QC26050965,1,d4e4ee5f.Image1.075650.jpg
2422ee15,QC26050966,1,ea901061.Image1.075658.jpg
bf1c29ac,QC26050967,1,26c1a6b7.Image1.075703.jpg
798646ef,QC26050967,1,612e7d2d.Image1.075709.jpg
52e830b5,QC26050968,1,b930c398.Image1.081610.jpg
d24a8340,QC26050971,1,7270cc54.Image1.084420.jpg
4b97aff1,QC26050973,1,646534a3.Image1.084426.jpg
c0098051,QC26050973,1,b244bfbb.Image1.084432.jpg
3b609e65,QC26050988,1,097d0d03.Image1.084438.jpg
0567d910,QC26050988,1,0e7a287f.Image1.034528.jpg
9e4fc77d,QC26050988,1,6ec53907.Image1.032851.jpg
d40c8b2f,QC26050988,1,a36a921a.Image1.032858.jpg
82f84233,QC26050988,1,e0944ec1.Image1.032904.jpg
2204675a,QC26050993,1,cf021326.Image1.032910.jpg
b9201966,QC26050993,1,6622c421.Image1.034007.jpg
071e7a90,QC26050994,1,d5f210ff.Image1.034948.jpg
77905ee8,QC26050994,1,0ac9d447.Image1.035528.jpg
c7b76911,QC26051001,1,4b5b8caf.Image1.040508.jpg
9cdbfa66,QC26051004,1,51bf1d30.Image1.041315.jpg
3652e63b,QC26051004,1,92f6997d.Image1.041321.jpg
9ab48b8f,QC26051004,1,a55639fa.Image1.042502.jpg
3d83e8f5,QC26051004,1,eaa76c35.Image1.043854.jpg
22bc646f,QC26051004,1,41846b38.Image1.044324.jpg
dfb3df92,QC26051005,1,78adf8e8.Image1.044330.jpg
9f4f453d,QC26051005,1,ef605e3a.Image1.044337.jpg
98af227f,QC26051005,1,5aedaf69.Image1.044343.jpg
288bbe5d,QC26051006,1,91c5017c.Image1.044350.jpg
02f1ced4,QC26051007,1,aebab49b.Image1.044356.jpg
26cb13ee,QC26051007,1,c08c07a4.Image1.063832.jpg
03a1b6e9,QC26051007,1,3efe4ff7.Image1.063837.jpg
5f0212f7,QC26051007,1,fc1d6f18.Image1.063844.jpg
b209ac3e,QC26051007,1,ccc4196f.Image1.063850.jpg
b1721771,QC26051008,1,cfcd16f2.Image1.074248.jpg
c3d88bbf,QC26051008,1,bfc6e6ec.Image1.074254.jpg
db5aebac,QC26051008,1,2ea69ad1.Image1.074300.jpg
301813ca,QC26051008,1,da4cb684.Image1.074305.jpg
81b543b4,QC26051008,1,3625a1ce.Image1.075655.jpg
57832dfa,QC26051008,1,0915f05c.Image1.075700.jpg
c9841a6e,QC26051008,1,64a6c62e.Image1.075709.jpg
60c97159,QC26051009,1,7da83d89.Image1.075714.jpg
f8fdc7bb,QC26051009,1,06610dec.Image1.075721.jpg
41607c60,QC26051009,1,b6133660.Image1.075726.jpg
a8237e71,QC26051009,1,44093690.Image1.075732.jpg
987281ad,QC26051009,1,a33e9f55.Image1.075739.jpg
5ebfaa01,QC26051009,1,68b8d3ec.Image1.082144.jpg
07a27f5c,QC26051010,1,f0c50176.Image1.082149.jpg
2db99341,QC26051011,1,64aa9bd7.Image1.082157.jpg
85c28188,QC26051011,1,d54dc4f5.Image1.082202.jpg
257bc087,QC26051011,1,fa22c6ff.Image1.082659.jpg
6ad762c0,QC26051011,1,320444f0.Image1.083915.jpg
014109a9,QC26051012,1,abf1e550.Image1.083922.jpg
36f7cac5,QC26051013,1,8572509e.Image1.083927.jpg
1e3ad3bf,QC26051014,1,b51b94fd.Image1.085448.jpg
38539580,QC26051015,1,d05bfd0f.Image1.085454.jpg
5d86303e,QC26051016,1,97ad080f.Image1.085458.jpg
9ae4fc93,QC26051017,1,5bc5b2ff.Image1.085504.jpg
546ecc55,QC26051017,1,4a7a1c1b.Image1.085509.jpg
187c78bc,QC26051017,1,31438968.Image1.091219.jpg
67529142,QC26051017,1,f90aa29c.Image1.091225.jpg
ea4c2f11,QC26051018,1,fef4b6d0.Image1.091230.jpg
b2df8d79,QC26051018,1,cb10cf04.Image1.092401.jpg
8c10453d,QC26051018,1,e799706a.Image1.092408.jpg
a88179e1,QC26051018,1,cee16698.Image1.092413.jpg
b9485ff8,QC26051019,1,9b6436da.Image1.092419.jpg
7bfc0281,QC26051019,1,ada12251.Image1.015150.jpg
2fefc749,QC26051019,1,09b2be99.Image1.015156.jpg
a92419ae,QC26051020,1,6bf7ed8e.Image1.015202.jpg
64a58ab4,QC26051020,1,12183dba.Image1.015208.jpg
386914f3,QC26051020,1,208ad1aa.Image1.022131.jpg
2e914af6,QC26051020,1,05b5a81d.Image1.023338.jpg
212a8dd8,QC26051021,1,7142bdbf.Image1.023346.jpg
a3b0ded2,QC26051021,1,d7fb28de.Image1.023351.jpg
74ac8d42,QC26051022,1,f8860b97.Image1.023357.jpg
94a646f1,QC26051022,1,b146a009.Image1.041039.jpg
8ae9a58e,QC26051022,1,a379ca1c.Image1.041648.jpg
4f0347db,QC26051023,1,d4f1da6f.Image1.044019.jpg
ce57d357,QC26051024,1,f0bb378b.Image1.044026.jpg
24887c33,QC26051025,1,a29d30bd.Image1.044032.jpg
3b918c64,QC26051026,1,ba4806d7.Image1.044903.jpg
1113fd95,QC26051027,1,deb61075.Image1.044908.jpg
d0e4ada6,QC26051028,1,88779efc.Image1.044913.jpg
2b668938,QC26051029,1,1832a053.Image1.045727.jpg
8a7c13b7,QC26051029,1,c494a84c.Image1.060827.jpg
3f3ab967,QC26051029,1,5ef58218.Image1.072221.jpg
c2bc583b,QC26051029,1,19267f74.Image1.091810.jpg
c5526f6b,QC26051030,1,ee521c08.Image1.091815.jpg
0b6c0a99,QC26051030,1,1305526b.Image1.091821.jpg
0e699aeb,QC26051040,1,aead2a97.Image1.093110.png
da130e71,QC26051041,1,6146b8f6.Image1.093745.jpg
cd79b73c,QC26051042,1,c960d2ae.Image1.093755.jpg
ab3ffded,QC26051043,1,65c8ef38.Image1.093802.jpg
5a299c29,QC26051043,1,6f0ddd67.Image1.090302.jpg
75b54a62,QC26051044,1,44027ab1.Image1.090309.jpg
db88c61e,QC26051044,1,3e013ef2.Image1.090314.jpg
4896d3f1,QC26051059,1,fa26bbee.Image1.090917.jpg
82e4ecd4,QC26051060,1,ad523f2e.Image1.092311.jpg
e18b200c,QC26051100,1,aaa27c75.Image1.093227.jpg
0fec62ac,QC26051100,1,088cb6bb.Image1.093233.jpg
6548d111,QC26051100,1,6d0dea51.Image1.093240.jpg
8ed47daf,QC26041047,1,4b748b7c.Image1.093246.jpg
0278785b,QC26041047,1,e835dc75.Image1.094150.jpg
0278785b,QC26041047,2,0278785b.Image2.060829.png
203681a9,QC26041047,1,ce940add.Image1.094157.jpg
6f9c75a1,QC26041050,1,e8e1cd75.Image1.094204.jpg
cd5d97f3,QC26041050,1,b7e99c1b.Image1.094208.jpg
f10a8036,QC26041050,1,0e695eeb.Image1.094213.jpg
9e8a1d06,QC26041050,1,c29fb1e9.Image1.094816.jpg
be9cd55c,QC26041050,1,d1855e08.Image1.094823.jpg
3dacea52,QC26041050,1,edc6fd75.Image1.011406.jpg
6f28c8ab,QC26041051,1,790ccb42.Image1.012126.jpg
8bca7d09,QC26041051,1,f36beaa1.Image1.012133.jpg
6e5ace91,QC26041051,1,fd33f580.Image1.013219.jpg
40832472,QC26041051,1,2f33c686.Image1.014422.jpg
7cf2a44c,QC26041051,1,80e4008f.Image1.014429.jpg
144d4483,QC26041052,1,2b79acab.Image1.014435.jpg
b9038b38,QC26041052,1,63a866c9.Image1.014759.jpg
429d9d2e,QC26041052,1,667e63f8.Image1.014805.jpg
3664a2c4,QC26041053,1,93539790.Image1.014810.jpg
3664a2c4,QC26041053,2,3664a2c4.Image2.062714.png
813701d8,QC26041053,1,977eda71.Image1.014815.jpg
16ba477f,QC26041054,1,d8dd0fa9.Image1.015102.jpg
d5ee9dc4,QC26041059,1,5567100b.Image1.015108.jpg
fb158ecc,QC26041059,1,ac4b9db7.Image1.015508.jpg
3b674f6a,QC26041059,1,a1b5f55d.Image1.015513.jpg
a0be9640,QC26041061,1,f10b6b50.Image1.015519.jpg
3e5997ea,QC26041061,1,d2ea9ba9.Image1.060653.jpg
e588dad4,QC26051118,1,e757c4fa.Image1.071525.jpg
4857ccc2,QC26051118,1,22113da5.Image1.072005.jpg
e2c742a1,QC26051121,1,1d766bd5.Image1.072011.jpg
d01f43f7,QC26051123,1,5911e7dd.Image1.072957.jpg
0c93b517,QC26051124,1,eeebf17e.Image1.073004.jpg
e8f0f70a,QC26051125,1,5263a2a5.Image1.073010.jpg
239da8e2,QC26051125,1,2c56b7a0.Image1.073449.jpg
d6c67697,QC26051125,1,6e550b41.Image1.073456.jpg
8323a3a0,QC26051126,1,6047613f.Image1.073500.jpg
d200a29b,QC26051127,1,380ffa79.Image1.074028.jpg
47cb8d9a,QC26051128,1,f9fe10fc.Image1.074034.jpg
8b255827,QC26051128,1,bc768a72.Image1.074039.jpg
d6d30c73,QC26051129,1,60b198da.Image1.074045.jpg
0074d9bd,QC26051129,1,886fa666.Image1.075208.jpg
34106cc5,QC26051130,1,168f3df9.Image1.075215.jpg
4fa6584d,QC26051130,1,aa4e6427.Image1.080336.jpg
26f5469c,QC26051130,1,1831363b.Image1.080343.jpg
6f65d3b2,QC26051130,1,6a96e091.Image1.080347.jpg
f9f6d5ff,QC26051130,1,bc39a04a.Image1.025941.jpg
17335a9c,QC26051130,1,242b14d2.Image1.025954.jpg
433c9289,QC26051130,1,b4beb95b.Image1.030000.jpg
aff02790,QC26051131,1,195d6af0.Image1.030006.jpg
0e91883b,QC26051131,1,38d07c19.Image1.032310.jpg
08eaafa8,QC26051131,1,54c82d11.Image1.032317.jpg
59e64d1d,QC26051131,1,f55e991d.Image1.032324.jpg
0538e34e,QC26051133,1,d53edb7d.Image1.032331.jpg
bcf595d4,QC26051133,1,0232ad03.Image1.032338.jpg
98fcd0ec,QC26051133,1,da2e0e08.Image1.012458.jpg
ebe00919,QC26051133,1,7e15a1e9.Image1.023658.jpg
5c58df10,QC26051134,1,cb03247d.Image1.023704.jpg
75c2a04b,QC26051134,1,dd494b71.Image1.023710.jpg
b4656ec5,QC26051134,1,81e28f50.Image1.025809.jpg
8296b029,QC26051134,1,7b2afc1d.Image1.031840.jpg
6f592536,QC26051135,1,8972ef90.Image1.031847.jpg
6f062125,QC26051135,1,9b878526.Image1.033757.jpg
70e0026f,QC26051136,1,022f9457.Image1.035507.jpg
bb7c9439,QC26051136,1,ddd0457f.Image1.035514.jpg
46fe2bd1,QC26051136,1,1a0b8d16.Image1.035520.jpg
f72bf5d7,QC26051136,1,68e333ec.Image1.040101.jpg
b59d8270,QC26051136,1,d8e082f8.Image1.040107.jpg
49ac20b7,QC26051137,1,f5d78dd3.Image1.041206.jpg
c3477d77,QC26051137,1,1c83dedd.Image1.041212.jpg
1526687a,QC26051137,1,08657c50.Image1.041219.jpg
926304fe,QC26051138,1,2bd918bc.Image1.041225.jpg
cd543252,QC26051139,1,92aa46e5.Image1.041231.jpg
daa5d484,QC26051139,1,7b0afa6b.Image1.041237.jpg
bd172f38,QC26051139,1,1d1362de.Image1.060423.jpg
77ca0ed6,QC26051139,1,f45e12f5.Image1.063927.jpg
653fec8e,QC26051139,1,0cce4e32.Image1.065701.jpg
a9b578be,QC26051140,1,4652a92e.Image1.065707.jpg
80736f2e,QC26051140,1,994811a6.Image1.065713.jpg
60c4bbf7,QC26051140,1,76552848.Image1.065720.jpg
6a7bdc82,QC26051142,1,d5a63efc.Image1.070936.jpg
b360bbb9,QC26051142,1,08a43c76.Image1.071559.jpg
3d72bc3e,QC26051143,1,8b5c0586.Image1.073106.jpg
d1adc4e6,QC26051143,1,49230a84.Image1.075714.jpg
45bcd738,QC26051144,1,53caf50c.Image1.044851.jpg
27992daf,QC26051144,1,3acfe032.Image1.044858.jpg
a830636d,QC26051144,1,cd1e707e.Image1.044903.jpg
c3749414,QC26051145,1,ea9042cf.Image1.044926.jpg
3353202e,QC26051146,1,5210217a.Image1.044934.jpg
0d73ed9b,QC26051146,1,c1ecc1ad.Image1.044939.jpg
d595cf02,QC26051148,1,b65930cd.Image1.044947.jpg
f71194ac,QC26051147,1,7aa06128.Image1.075635.png
7774c7bb,QC26051149,1,41da5278.Image1.075641.png
f3f4c6e8,QC26051149,1,398e3c6f.Image1.085113.jpg
6c14bb09,QC26051149,1,a23662ef.Image1.085119.jpg
80d8ae87,QC26051149,1,30e9c667.Image1.085124.jpg
e89c389d,QC26051150,1,9a7e8611.Image1.085130.jpg
7cb932ae,QC26051150,1,3b875fbf.Image1.085136.jpg
a4bc9ebd,QC26051151,1,e759b151.Image1.085157.jpg
b632bec9,QC26051151,1,fa82e4dd.Image1.085202.jpg
0f5949a2,QC26051151,1,de3b17de.Image1.085207.jpg
4c575b4e,QC26051151,1,f4cb6998.Image1.032202.jpg
a1601787,QC26051151,1,987206c7.Image1.032208.jpg
1c187394,QC26051152,1,4c70b894.Image1.032213.jpg
13825faf,QC26051154,1,f6e7aa11.Image1.061548.png
e1b73530,QC26051154,1,5138bf2a.Image1.061556.png
b2795eff,QC26051155,1,5565ee04.Image1.062338.jpg
ba1e9f12,QC26051156,1,79658c34.Image1.062345.jpg
2d5b944b,QC26051157,1,e39b350b.Image1.062350.jpg
2e666d1f,QC26051158,1,c187c788.Image1.062355.jpg
a3dd3eaa,QC26051159,1,858b2322.Image1.063614.jpg
f6414385,QC26051160,1,ab8badfd.Image1.063620.jpg
7e50cfc3,QC26051161,1,c920ff95.Image1.063625.jpg
f492b1aa,QC26051161,1,7f61b364.Image1.063704.jpg
4010fc7b,QC26051161,1,0f1b351b.Image1.063711.jpg
e3b15c1d,QC26051161,1,0b86bfc8.Image1.063716.jpg
6af23f27,QC26051162,1,e90bd8b9.Image1.064710.jpg
1309b006,QC26051162,1,bccd7f01.Image1.064717.jpg
49286c90,QC26051162,1,c737548d.Image1.064724.jpg
616ba346,QC26051163,1,63398b5c.Image1.071944.jpg
2c43418b,QC26051164,1,d73660e9.Image1.071954.jpg
a147e972,QC26051164,1,933d21ff.Image1.072003.jpg
8b5f8766,QC26051165,1,77a92106.Image1.072014.jpg
ef19db18,QC26051165,1,5b3a6508.Image1.072019.jpg
201608db,QC26051165,1,b24e4ce0.Image1.072028.jpg
a041c251,QC26051166,1,6a1eb6cf.Image1.072037.jpg
ac19f882,QC26051166,1,35c43d64.Image1.072050.jpg
6cd3b585,QC26051166,1,e63c1dd5.Image1.074230.jpg
1a3c76f5,QC26051166,1,8e1b61fa.Image1.074238.jpg
09dceee5,QC26051167,1,b0637761.Image1.074243.jpg
ea5242b4,QC26051167,1,bf2af169.Image1.074248.jpg
3f501da5,QC26051167,1,9df42d86.Image1.074256.jpg
5cc45d53,QC26051167,1,ac067174.Image1.092618.png
8edde28b,QC26051167,1,f8fbe70c.Image1.042020.jpg
f4ca4a08,QC26051167,1,5a42d0a0.Image1.042025.jpg
1d2593cb,QC26051167,1,9194c14a.Image1.042032.jpg
49cc0c1b,QC26051167,1,f6acd757.Image1.042038.jpg
283d058f,QC26051167,1,d7ca78cc.Image1.042044.jpg
dd19a991,QC26051171,1,14f4218d.Image1.042050.jpg
437b73f0,QC26051189,1,a8a89acd.Image1.042059.jpg
30f090ca,QC26051189,1,4d84ded7.Image1.042104.jpg
b92900ad,QC26051189,1,d7d0d4c0.Image1.042110.jpg
073daeb2,QC26051190,1,5548b0d8.Image1.043637.jpg
987c4bd6,QC26051190,1,a7ebbd5a.Image1.043644.jpg
b21e4ab4,QC26051190,1,fb99592b.Image1.043650.jpg
a7198f76,QC26051190,1,f25190e4.Image1.045015.jpg
a681374f,QC26051191,1,14f328e6.Image1.045021.jpg
c7d889d8,QC26051191,1,e5a3424e.Image1.015226.png
3c1521e4,QC26051192,1,dd80a848.Image1.021024.jpg
c40804dd,QC26051192,1,8c8a7604.Image1.021029.jpg
2dcff3dd,QC26051192,1,a5940265.Image1.021034.jpg
135119f3,QC26051192,1,a9a59243.Image1.021039.jpg
2b4b4480,QC26051193,1,0e5a6ef9.Image1.021647.jpg
d4245d0c,QC26051193,1,e3e7be40.Image1.021653.jpg
e928cb64,QC26041136,1,3972c81f.Image1.021658.jpg
1660019a,QC26041136,1,d1bd739a.Image1.021705.jpg
aa6ef9cd,QC26041136,1,539c2f52.Image1.021712.jpg
5b42599a,QC26041137,1,312d404b.Image1.021718.jpg
3b895859,QC26041137,1,28a5a3cf.Image1.022505.jpg
87b62433,QC26051195,1,a514f181.Image1.022511.jpg
5761420b,QC26051195,1,69fdcdef.Image1.022518.jpg
5ac19f79,QC26051195,1,08731fc7.Image1.022525.jpg
11ad0cfc,QC26041153,1,65b46e68.Image1.022908.jpg
11ad0cfc,QC26041153,2,11ad0cfc.Image2.012814.png
11ad0cfc,QC26041153,3,11ad0cfc.Image3.012814.png
74498c64,QC26051205,1,2dd6775a.Image1.022914.jpg
90047c34,QC26051205,1,7401e4c4.Image1.022921.jpg
ef6f2be9,QC26051205,1,d96a39dc.Image1.022926.jpg
a1456a83,QC26051205,1,3bbb9da9.Image1.024423.jpg
fad289cc,QC26051205,1,81805d3f.Image1.024428.jpg
bb1f0c70,QC26041178,1,4b361a46.Image1.024433.jpg
957e884f,QC26041179,1,42c92617.Image1.024438.jpg
28010b37,QC26041180,1,4176f80c.Image1.061823.jpg
71019260,QC26041181,1,b40d543a.Image1.061831.jpg
f8dde9de,QC26051206,1,feb54348.Image1.061839.jpg
d2774f33,QC26051206,1,d2774f33.Image2.033300.jpg
d2774f33,QC26051206,2,d2774f33.Image3.033300.jpg
186938d5,QC26051206,1,71a8d325.Image1.062659.jpg
2b8f51c7,QC26051224,1,10debce2.Image1.062705.jpg
de1f8784,QC26051225,1,9b4d5bd7.Image1.062711.jpg
de1f8784,QC26051225,2,de1f8784.Image2.081934.jpg
de1f8784,QC26051225,3,de1f8784.Image3.081934.jpg
b8294e91,QC26051226,1,cb15c17d.Image1.062720.jpg
6b52509b,QC26051227,1,50671aa6.Image1.062725.jpg
898b58bb,QC26051228,1,0be42636.Image1.063359.jpg
2c7bf417,QC26051229,1,9c88dff6.Image1.063405.jpg
2c7bf417,QC26051229,2,2c7bf417.Image2.084746.jpg
2c7bf417,QC26051229,3,2c7bf417.Image3.084746.jpg
ba7c43c0,QC26051229,1,2c5833b3.Image1.063410.jpg
ba7c43c0,QC26051229,2,ba7c43c0.Image2.084753.jpg
01bee8be,QC26051229,1,1aa1f7eb.Image1.063910.jpg
bd2cfaa8,QC26051229,1,725b0c1f.Image1.063916.jpg
a2c009c8,QC26051230,1,2caab079.Image1.063922.jpg
a2c009c8,QC26051230,2,a2c009c8.Image2.085629.jpg
a2c009c8,QC26051230,3,a2c009c8.Image3.085629.jpg
96efb2a1,QC26051231,1,5acbe63e.Image1.063927.jpg
9f8c8b1b,QC26051233,1,c4acea6e.Image1.064834.jpg
8dd463e4,QC26051233,1,1b6b32d5.Image1.064841.jpg
8a74b3b6,QC26051234,1,703bfe12.Image1.064903.jpg
c3e25012,QC26051235,1,72462dff.Image1.064909.jpg
15d57c1d,QC26051235,1,d42889e4.Image1.064914.jpg
9fe22d0c,QC26051236,1,2c44458f.Image1.065529.jpg
756ff3c5,QC26051236,1,5badce91.Image1.065535.jpg
b260446b,QC26051236,1,731a8036.Image1.065540.jpg
957ec99a,QC26051237,1,775a5ed9.Image1.070125.jpg
957ec99a,QC26051237,2,957ec99a.Image2.095845.jpg
957ec99a,QC26051237,3,957ec99a.Image3.095845.jpg
76cd3662,QC26051237,1,629b5833.Image1.070132.jpg
e5dbfe2d,QC26051238,1,9923fa07.Image1.070137.jpg
94f1e076,QC26051238,1,7c412f14.Image1.070143.jpg
6769bac8,QC26051238,1,c7871fb1.Image1.070149.jpg
43e6a15d,QC26051238,1,d57e75c2.Image1.070900.jpg
8fa7512d,QC26051239,1,397229cf.Image1.070905.jpg
7c382591,QC26051239,1,37225094.Image1.070912.jpg
7c382591,QC26051239,2,7c382591.Image2.013300.jpg
40f9d6dd,QC26051240,1,95c175ec.Image1.071431.jpg
40f9d6dd,QC26051240,2,40f9d6dd.Image2.013955.jpg
414683dc,QC26051240,1,6579b648.Image1.071438.jpg
e770d57e,QC26051241,1,e3626574.Image1.071443.jpg
45aa3eba,QC26051241,1,8618bc15.Image1.072015.jpg
57458395,QC26051242,1,8d526981.Image1.072020.jpg
f812a8f6,QC26051242,1,29a030ca.Image1.072025.jpg
a2172d8e,QC26051242,1,61aa487c.Image1.072032.jpg
7f35eafb,QC26051242,1,e20fc053.Image1.072723.jpg
6f32e7a3,QC26051242,1,28779828.Image1.072729.jpg
3f214bf0,QC26051243,1,d0340b23.Image1.072733.jpg
58eac497,QC26051243,1,8ae39a3d.Image1.094104.jpg
afe114b8,QC26051244,1,187f475a.Image1.094111.jpg
2a7af5f2,QC26051244,1,ae5717ce.Image1.094835.jpg
ed912fb7,QC26051245,1,554e3e74.Image1.094842.jpg
6e4fb64f,QC26051245,1,f046f723.Image1.094847.jpg
6e4fb64f,QC26051245,2,6e4fb64f.Image2.024205.jpg
9de85628,QC26051245,1,9de85628.Image2.024213.jpg
9de85628,QC26051245,2,9de85628.Image3.024213.jpg
e8e67513,QC26051246,1,ef90fa49.Image1.094854.jpg
e8e67513,QC26051246,2,e8e67513.Image2.025444.jpg
91ea9de5,QC26051246,1,70ae98b8.Image1.095456.jpg
91ea9de5,QC26051246,2,91ea9de5.Image2.025451.jpg
91ea9de5,QC26051246,3,91ea9de5.Image3.025451.jpg
774848ee,QC26051246,1,08a3e3c2.Image1.095503.jpg
774848ee,QC26051246,2,774848ee.Image2.025457.jpg
774848ee,QC26051246,3,774848ee.Image3.025457.jpg
1f324613,QC26051246,1,acf01910.Image1.095509.jpg
1f324613,QC26051246,2,1f324613.Image2.025503.jpg
1f324613,QC26051246,3,1f324613.Image3.025503.jpg
411c919f,QC26051246,1,a44f717f.Image1.095516.jpg
7dca8358,QC26051246,1,c3e3a3a3.Image1.100153.jpg
ad485b13,QC26051246,1,a7f79fef.Image1.101729.jpg
e46fd446,QC26051247,1,f7f663f0.Image1.101737.jpg
cfdd12b4,QC26051247,1,d9ac4787.Image1.101743.jpg
b8c766e7,QC26051248,1,b1a9c40b.Image1.101748.jpg
a6700be1,QC26051248,1,773540f5.Image1.101754.jpg
3b95ba92,QC26051249,1,949fc07f.Image1.101806.jpg
3b95ba92,QC26051249,2,3b95ba92.Image2.031858.jpg
3b95ba92,QC26051249,3,3b95ba92.Image3.031858.jpg
2cad5795,QC26051249,1,acdd9a94.Image1.101818.jpg
2cad5795,QC26051249,2,2cad5795.Image2.031904.jpg
350e51bc,QC26051250,1,e294efe5.Image1.103459.jpg
3ec3c9a8,QC26051251,1,963366ea.Image1.103504.jpg
3ec3c9a8,QC26051251,2,3ec3c9a8.Image2.033947.jpg
00a9797a,QC26051252,1,dcc767ee.Image1.103509.jpg
00a9797a,QC26051252,2,00a9797a.Image2.035806.jpg
93be0f9b,QC26051252,1,11d067ac.Image1.104856.jpg
a6f31053,QC26051252,1,12bb2090.Image1.104901.jpg
a0a3cbf3,QC26051252,1,806c6237.Image1.104907.jpg
a0a3cbf3,QC26051252,2,a0a3cbf3.Image2.035821.jpg
a0a3cbf3,QC26051252,3,a0a3cbf3.Image3.035821.jpg
b4db43d4,QC26051252,1,0b420fae.Image1.104914.jpg
b4db43d4,QC26051252,2,b4db43d4.Image2.035827.jpg
23be1b64,QC26051252,1,342e9add.Image1.104920.jpg
23be1b64,QC26051252,2,23be1b64.Image2.035833.jpg
23be1b64,QC26051252,3,23be1b64.Image3.035833.jpg
6e2bbd4d,QC26051252,1,c1cd5364.Image1.104925.jpg
6e2bbd4d,QC26051252,2,6e2bbd4d.Image2.035838.jpg
f30c3cb3,QC26051253,1,4bdec251.Image1.104938.jpg
f30c3cb3,QC26051253,2,f30c3cb3.Image2.040744.jpg
f30c3cb3,QC26051253,3,f30c3cb3.Image3.040744.jpg
fa2d3b4c,QC26051253,1,4f69f075.Image1.112953.jpg
fa2d3b4c,QC26051253,2,fa2d3b4c.Image2.040751.jpg
13a35560,QC26051254,1,8d688634.Image1.113000.jpg
13a35560,QC26051254,2,13a35560.Image2.041800.jpg
13a35560,QC26051254,3,13a35560.Image3.041800.jpg
a60e370d,QC26051254,1,1279470d.Image1.113005.jpg
24b252c2,QC26051255,1,18491a57.Image1.113012.jpg
a3e87ebc,QC26051256,1,3f2e4c7a.Image1.113017.jpg
0f347dd6,QC26060001,1,101d86d4.Image1.113024.jpg
2a79c61e,QC26051257,1,cc46b235.Image1.113310.jpg
2a79c61e,QC26051257,2,2a79c61e.Image2.045616.jpg
2a79c61e,QC26051257,3,2a79c61e.Image3.045616.jpg
727400c3,QC26051257,1,851d0611.Image1.113317.jpg
727400c3,QC26051257,2,727400c3.Image2.045622.jpg
c69a4e28,QC26051257,1,f855abf9.Image1.114555.jpg
1c36b64d,QC26051258,1,cd976ca3.Image1.114604.jpg
6aaa4f32,QC26051259,1,e723c29a.Image1.114610.jpg
ab7473f6,QC26051260,1,9fdea6df.Image1.114621.jpg
4bcef36d,QC26051261,1,572ec016.Image1.114627.jpg
3a849d63,QC26051264,1,aba77102.Image1.114633.jpg
b893bbb5,QC26051264,1,248b21a1.Image1.114638.jpg
c9a255ba,QC26051265,1,7dca4ef4.Image1.114643.jpg
efc2296d,QC26051195,1,dc412aee.Image1.114648.jpg
282b6a99,QC26051195,1,0fff90db.Image1.114654.jpg
88bcdf03,QC26051195,1,333b96f1.Image1.114659.jpg
e3805542,QC26051195,1,55bed40f.Image1.120644.jpg
ca36e87f,QC26051193,1,6823aa4d.Image1.120650.jpg
ca36e87f,QC26051193,2,ca36e87f.Image2.080409.jpg
ca36e87f,QC26051193,3,ca36e87f.Image3.080409.jpg
997b2f56,QC26051193,1,ad8ca974.Image1.120656.jpg
0897b090,QC26051205,1,5774d699.Image1.120702.jpg
59917be2,QC26051205,1,e9733d39.Image1.120708.jpg
2276ebc2,QC26051205,1,9ac4e4ae.Image1.121053.jpg
1c0f4071,QC26051205,1,d4268523.Image1.121058.jpg
e147566a,QC26051205,1,b3a440cd.Image1.121107.jpg
bd26ade5,QC26041153,1,6d6c7ef6.Image1.121517.jpg
bd26ade5,QC26041153,2,bd26ade5.Image2.081958.png
bd26ade5,QC26041153,3,bd26ade5.Image3.081958.png
b8005c12,QC26051206,1,ac0f7c16.Image1.121523.jpg
1e6ddf66,QC26051206,1,e0339d2f.Image1.121529.jpg
1e6ddf66,QC26051206,2,1e6ddf66.Image2.082101.jpg
1e6ddf66,QC26051206,3,1e6ddf66.Image3.082101.jpg
02a95881,QC26051206,1,ca35848e.Image1.122521.jpg
e9245aef,QC26060001,1,12cbbb8d.Image1.122526.jpg
f25ec4ae,QC26060001,1,ccff32f8.Image1.122533.jpg
ab0f9881,QC26060001,1,186add38.Image1.122538.jpg
2f85fbb6,QC26060001,1,6248eb47.Image1.123938.jpg
fd1c944f,QC26060001,1,0215201b.Image1.123944.jpg
b39f5ed6,QC26060002,1,c1b2a003.Image1.123950.jpg
b39f5ed6,QC26060002,2,b39f5ed6.Image2.013903.jpg
b39f5ed6,QC26060002,3,b39f5ed6.Image3.013903.jpg
957a471d,QC26060002,1,f1f497a8.Image1.123956.jpg
be0fbb6a,QC26060003,1,b5d5f756.Image1.124448.jpg
927d68c6,QC26060003,1,a70987fa.Image1.124453.jpg
ef2fd62f,QC26060004,1,a32da3bc.Image1.124459.jpg
0da6b80b,QC26060004,1,470834ef.Image1.124505.jpg
238f3a9f,QC26060006,1,3ab96352.Image1.124511.jpg
c607ca79,QC26060006,1,2b890bae.Image1.124518.jpg
c607ca79,QC26060006,2,c607ca79.Image2.030403.jpg
c607ca79,QC26060006,3,c607ca79.Image3.030403.jpg
59447b68,QC26060006,1,aeced8b0.Image1.130226.jpg
3d9a1339,QC26060006,1,92aa14e7.Image1.130235.jpg
3d9a1339,QC26060006,2,3d9a1339.Image2.030411.jpg
3d9a1339,QC26060006,3,3d9a1339.Image3.030411.jpg
45109ec8,QC26051269,1,30e10c57.Image1.130241.jpg
0809455c,QC26060007,1,ce7132bd.Image1.130246.jpg
0809455c,QC26060007,2,0809455c.Image2.031621.jpg
0809455c,QC26060007,3,0809455c.Image3.031621.jpg
efb34979,QC26060007,1,b6f7ffe2.Image1.130253.jpg
dd9a7f5a,QC26060007,1,5f41ba63.Image1.130259.jpg
2a3474e7,QC26060010,1,2a3474e7.Image2.033751.jpg
2a3474e7,QC26060010,2,2a3474e7.Image3.033751.jpg
848dbbdd,QC26060010,1,9467971d.Image1.131149.jpg
5235ec82,QC26060010,1,3c46a5e7.Image1.131155.jpg
5235ec82,QC26060010,2,5235ec82.Image2.033804.jpg
457bb07d,QC26060012,1,68a57c95.Image1.131218.jpg
457bb07d,QC26060012,2,457bb07d.Image2.034956.jpg
457bb07d,QC26060012,3,457bb07d.Image3.034956.jpg
0123fb03,QC26060015,1,a1596ee0.Image1.131226.jpg
6f649fc4,QC26060015,1,92c2406f.Image1.131233.jpg
6f649fc4,QC26060015,2,6f649fc4.Image2.035912.jpg
6f649fc4,QC26060015,3,6f649fc4.Image3.035912.jpg
10dd78c2,QC26060016,1,bd24bc58.Image1.131238.jpg
38687140,QC26060016,1,80dde779.Image1.131244.jpg
c1748eae,QC26060016,1,10e938a8.Image1.131729.jpg
c1748eae,QC26060016,2,c1748eae.Image2.042510.jpg
a089df87,QC26060017,1,619d29ab.Image1.131735.jpg
2a55af59,QC26060017,1,83331abe.Image1.040349.jpg
9219289e,QC26060017,1,d9332ddf.Image1.040354.jpg
a7af98dd,QC26060018,1,2c84c2a7.Image1.040401.jpg
65500d64,QC26060019,1,221b4f3b.Image1.040407.jpg
1e1e77e3,QC26060023,1,7a6d0ab2.Image1.040413.jpg
e3f91901,QC26060023,1,bbaeb6c7.Image1.040420.jpg
e3f91901,QC26060023,2,e3f91901.Image2.064647.jpg
9ea880ca,QC26060023,1,f8c63864.Image1.042254.jpg
9ea880ca,QC26060023,2,9ea880ca.Image2.064656.jpg
c12877c5,QC26060025,1,e341e5d5.Image1.042259.jpg
11c9cb14,QC26060025,1,f0033a0f.Image1.042305.jpg
4f90812a,QC26060028,1,8a240a78.Image1.042312.jpg
e82e2e4c,QC26060028,1,4b5a8f12.Image1.042317.jpg
546e6af8,QC26051270,1,358ec5ca.Image1.042323.jpg
d64a1ac0,QC26051271,1,be0b6350.Image1.042329.jpg
d8ff8f82,QC26051271,1,c4198b2c.Image1.042335.jpg
b15b7f6b,QC26051271,1,4d2fc689.Image1.044030.jpg
7d6b1071,QC26051272,1,a103d49c.Image1.044036.jpg
40facd48,QC26051272,1,dbe35ce6.Image1.044042.jpg
6f1d81a9,QC26051273,1,7ea81fc9.Image1.053741.jpg
dd3462d1,QC26051274,1,d54b1876.Image1.053746.jpg
b3d9c434,QC26051274,1,13fbe7ef.Image1.053750.jpg
b3d9c434,QC26051274,2,b3d9c434.Image2.025259.jpg
46354a44,QC26051275,1,cbbf27a6.Image1.053756.jpg
50b247c1,QC26051276,1,7eb1e143.Image1.053801.jpg
18f567f1,QC26051276,1,9a0d32cd.Image1.054451.jpg
18f567f1,QC26051276,2,18f567f1.Image2.062620.png
18f567f1,QC26051276,3,18f567f1.Image3.062620.png
336d6f15,QC26051276,1,0029d2f5.Image1.054459.jpg
336d6f15,QC26051276,2,336d6f15.Image2.062626.png
336d6f15,QC26051276,3,336d6f15.Image3.062626.png
e851d4e7,QC26051276,1,7aebcfab.Image1.054505.jpg
678b7313,QC26051276,1,a4b61aef.Image1.054509.jpg
f048cb1d,QC26051276,1,cfcdd58e.Image1.055556.jpg
41067f15,QC26051276,1,4d3cbaeb.Image1.055603.jpg
174f2f4e,QC26051276,1,57b2e591.Image1.055744.jpg
0d4f069d,QC26060039,1,2f404232.Image1.061139.jpg
aa1755fb,QC26060039,1,b4d753cd.Image1.061144.jpg
fff0c388,QC26060040,1,d87f3a43.Image1.061151.jpg
3eaf133a,QC26060041,1,33d82947.Image1.065619.jpg
dd17592d,QC26060041,1,dd17f8b9.Image1.065626.jpg
2291f862,QC26060041,1,bf7f6fc9.Image1.065633.jpg
2ebec937,QC26060042,1,9f97c544.Image1.070914.jpg
b17fa3c4,QC26060042,1,a792d5cd.Image1.070921.jpg
15e58a5b,QC26060042,1,77cd13ef.Image1.070925.jpg
15e58a5b,QC26060042,2,15e58a5b.Image2.083758.jpg
234e7ee8,QC26060043,1,f6f2ede3.Image1.070932.jpg
4b017550,QC26060043,1,1ae7986f.Image1.074507.jpg
28cc88a4,QC26060043,1,948c5b39.Image1.075712.png
f259e588,QC26060043,1,77e9f2a4.Image1.075718.png
36261c74,QC26060043,1,0a919d82.Image1.080208.jpg
31bd308d,QC26060044,1,5a48a4b2.Image1.080215.jpg
e4459823,QC26060044,1,3343f4f1.Image1.080223.jpg
3439d4fe,QC26060044,1,4209428c.Image1.080228.jpg
3439d4fe,QC26060044,2,3439d4fe.Image2.092923.jpg
3439d4fe,QC26060044,3,3439d4fe.Image3.092923.jpg
5d771846,QC26060044,1,3740a487.Image1.081135.jpg
940da5c6,QC26060044,1,540ca34f.Image1.081142.jpg
f6442b00,QC26060049,1,52ed2989.Image1.082339.jpg
f985e108,QC26060049,1,bcf9906f.Image1.082347.jpg
f985e108,QC26060049,2,f985e108.Image2.093422.jpg
39206993,QC26060049,1,12a207a6.Image1.082352.jpg
39206993,QC26060049,2,39206993.Image2.093429.jpg
90d064ff,QC26060049,1,7f4d6fcc.Image1.082357.jpg
90d064ff,QC26060049,2,90d064ff.Image2.093434.jpg
90d064ff,QC26060049,3,90d064ff.Image3.093434.jpg
aa4bde5e,QC26060049,1,b06a50cb.Image1.082406.jpg
323772a2,QC26060049,1,f5c31531.Image1.093044.jpg
323772a2,QC26060049,2,323772a2.Image2.093445.jpg
5ef64ec0,QC26060049,1,ec4ed7c7.Image1.093050.jpg
18d3ecd0,QC26060049,1,d848ce0f.Image1.094843.jpg
44ef13be,QC26060049,1,acd21faf.Image1.094850.jpg
518a5d5e,QC26060050,1,518a5d5e.Image2.095326.jpg
a1f38de0,QC26060051,1,75ca928d.Image1.094855.jpg
a1f38de0,QC26060051,2,a1f38de0.Image2.095547.jpg
6f75b936,QC26060052,1,ac0a8234.Image1.094900.jpg
4c640540,QC26060052,1,a0f604e6.Image1.095759.jpg
4c640540,QC26060052,2,4c640540.Image2.030341.jpg
4c640540,QC26060052,3,4c640540.Image3.030341.jpg
820c8ce8,QC26060052,1,fce85139.Image1.095806.jpg
3d484566,QC26060052,1,9a1e3e31.Image1.095812.jpg
a8e8ef67,QC26060052,1,90b021a2.Image1.095819.jpg
b8f7680d,QC26060052,1,8375c33f.Image1.095823.jpg
e8cdbbe2,QC26060052,1,d55b56bc.Image1.015114.jpg
f89c8b95,QC26060052,1,e89acdeb.Image1.015122.jpg
44ccbda4,QC26060053,1,1db8551b.Image1.015129.jpg
10d6ff48,QC26060053,1,ed6e4cf5.Image1.015135.jpg
c2a500da,QC26060053,1,268f29fa.Image1.015140.jpg
fd2aca16,QC26060053,1,b00852f8.Image1.015147.jpg
448db388,QC26060054,1,176959a2.Image1.015152.jpg
0d73d527,QC26060057,1,d4e89025.Image1.015158.jpg
a26f4094,QC26060057,1,912a86b0.Image1.015203.jpg
a26f4094,QC26060057,2,a26f4094.Image2.041007.jpg
a26f4094,QC26060057,3,a26f4094.Image3.041007.jpg
18213ffb,QC26060058,1,a4d8024a.Image1.015209.jpg
420dd29a,QC26060058,1,ff2f8c43.Image1.015216.jpg
dca48f2b,QC26060058,1,5ef9957f.Image1.015220.jpg
fbb85c0d,QC26060058,1,54efe1ab.Image1.020107.jpg
fbb85c0d,QC26060058,2,fbb85c0d.Image2.042036.jpg
63cc6e63,QC26060059,1,83419f10.Image1.020114.jpg
d4e4ee5f,QC26060056,1,48f49c5d.Image1.020119.jpg
ea901061,QC26060056,1,cc26ddc1.Image1.020126.jpg
26c1a6b7,QC26060056,1,89dfc39c.Image1.020131.jpg
612e7d2d,QC26060056,1,64f7e454.Image1.020917.jpg
b930c398,QC26060073,1,24c7d970.Image1.020925.jpg
7270cc54,QC26060074,1,62353840.Image1.022157.jpg
646534a3,QC26060074,1,b953faea.Image1.022203.jpg
b244bfbb,QC26060074,1,e17a4fd3.Image1.022209.jpg
097d0d03,QC26060074,1,b0ae6090.Image1.022217.jpg
0e7a287f,QC26060075,1,576c4a71.Image1.023217.jpg
6ec53907,QC26060076,1,e3a91b79.Image1.023223.jpg
a36a921a,QC26060076,1,4ab6961a.Image1.023228.jpg
e0944ec1,QC26060076,1,510b2d15.Image1.023235.jpg
cf021326,QC26060076,1,ab035859.Image1.023240.jpg
6622c421,QC26060077,1,1e1d3fac.Image1.023247.jpg
d5f210ff,QC26060078,1,97ce5555.Image1.024306.jpg
0ac9d447,QC26060079,1,75f25ff3.Image1.024312.jpg
51bf1d30,QC26060081,1,336a6a74.Image1.025332.jpg
51bf1d30,QC26060081,2,51bf1d30.Image2.041315.jpg
92f6997d,QC26060081,1,29766d53.Image1.025338.jpg
92f6997d,QC26060081,2,92f6997d.Image2.041321.jpg
a55639fa,QC26060082,1,3ad480f5.Image1.025344.jpg
eaa76c35,QC26060083,1,bbd16898.Image1.025351.jpg
eaa76c35,QC26060083,2,eaa76c35.Image2.043854.jpg
41846b38,QC26060085,1,bf8cee1e.Image1.025358.jpg
78adf8e8,QC26060085,1,2971631d.Image1.040420.jpg
ef605e3a,QC26060085,1,c9563f93.Image1.040427.jpg
ef605e3a,QC26060085,2,ef605e3a.Image2.044337.jpg
5aedaf69,QC26060085,1,ba53f080.Image1.040432.jpg
91c5017c,QC26060085,1,80388260.Image1.040439.jpg
91c5017c,QC26060085,2,91c5017c.Image2.044350.jpg
aebab49b,QC26060085,1,9efc65c1.Image1.040447.jpg
c08c07a4,QC26060087,1,17129619.Image1.040453.jpg
3efe4ff7,QC26060087,1,89bc1808.Image1.040500.jpg
fc1d6f18,QC26060087,1,d5322c54.Image1.043830.jpg
ccc4196f,QC26060087,1,2d98e4b8.Image1.043835.jpg
cfcd16f2,QC26060088,1,cf712aab.Image1.043840.jpg
bfc6e6ec,QC26060088,1,3640392e.Image1.043846.jpg
2ea69ad1,QC26060088,1,ef1d702e.Image1.043853.jpg
2ea69ad1,QC26060088,2,2ea69ad1.Image2.074300.jpg
2ea69ad1,QC26060088,3,2ea69ad1.Image3.074300.jpg
da4cb684,QC26060088,1,690b5101.Image1.043857.jpg
3625a1ce,QC26060089,1,57e5f8fa.Image1.043902.jpg
0915f05c,QC26060089,1,1ec5f094.Image1.065622.jpg
64a6c62e,QC26060089,1,a7b990fb.Image1.065629.jpg
7da83d89,QC26060089,1,29bc1f10.Image1.065637.jpg
06610dec,QC26060089,1,e4826048.Image1.065641.jpg
b6133660,QC26060089,1,87f83523.Image1.065652.jpg
44093690,QC26060089,1,50996dca.Image1.065704.jpg
a33e9f55,QC26060089,1,d9624dcd.Image1.065714.jpg
68b8d3ec,QC26060090,1,b13ac8e5.Image1.065723.jpg
68b8d3ec,QC26060090,2,68b8d3ec.Image2.082144.jpg
68b8d3ec,QC26060090,3,68b8d3ec.Image3.082144.jpg
f0c50176,QC26060090,1,12bd476f.Image1.065730.jpg
d54dc4f5,QC26060090,1,635d0f77.Image1.065738.jpg
fa22c6ff,QC26060091,1,911a8970.Image1.070918.jpg
320444f0,QC26060092,1,94ee38d1.Image1.070929.jpg
320444f0,QC26060092,2,320444f0.Image2.083915.jpg
320444f0,QC26060092,3,320444f0.Image3.083915.jpg
abf1e550,QC26060092,1,323fd0ad.Image1.070933.jpg
abf1e550,QC26060092,2,abf1e550.Image2.083922.jpg
abf1e550,QC26060092,3,abf1e550.Image3.083922.jpg
8572509e,QC26060092,1,88a59af6.Image1.070940.jpg
b51b94fd,QC26060099,1,fddf37bc.Image1.070946.jpg
d05bfd0f,QC26060099,1,133feaf8.Image1.070952.jpg
d05bfd0f,QC26060099,2,d05bfd0f.Image2.085454.jpg
97ad080f,QC26060099,1,f50783b0.Image1.070958.jpg
5bc5b2ff,QC26060099,1,b90a7741.Image1.071004.jpg
4a7a1c1b,QC26060099,1,3d28af93.Image1.071241.jpg
31438968,QC26060100,1,7f712ace.Image1.071246.jpg
f90aa29c,QC26060100,1,96271a87.Image1.071252.jpg
f90aa29c,QC26060100,2,f90aa29c.Image2.091225.jpg
fef4b6d0,QC26060100,1,bfe59b8a.Image1.071258.jpg
fef4b6d0,QC26060100,2,fef4b6d0.Image2.091230.jpg
cb10cf04,QC26060101,1,a84e9003.Image1.071302.jpg
e799706a,QC26060101,1,48174e3c.Image1.073147.jpg
e799706a,QC26060101,2,e799706a.Image2.092408.jpg
cee16698,QC26060101,1,303e2be3.Image1.073154.jpg
cee16698,QC26060101,2,cee16698.Image2.092413.jpg
9b6436da,QC26060101,1,a8e0826f.Image1.073159.jpg
ada12251,QC26060104,1,c99887f2.Image1.074213.jpg
09b2be99,QC26060104,1,4d691aa0.Image1.074219.jpg
09b2be99,QC26060104,2,09b2be99.Image2.015156.jpg
09b2be99,QC26060104,3,09b2be99.Image3.015156.jpg
6bf7ed8e,QC26060104,1,a4091ec6.Image1.074226.jpg
12183dba,QC26060104,1,385b080c.Image1.074233.jpg
208ad1aa,QC26060105,1,44bf92fe.Image1.074240.jpg
208ad1aa,QC26060105,2,208ad1aa.Image2.022131.jpg
208ad1aa,QC26060105,3,208ad1aa.Image3.022131.jpg
05b5a81d,QC26060106,1,f1710268.Image1.074250.jpg
7142bdbf,QC26060106,1,3618bace.Image1.074254.jpg
7142bdbf,QC26060106,2,7142bdbf.Image2.023346.jpg
7142bdbf,QC26060106,3,7142bdbf.Image3.023346.jpg
d7fb28de,QC26060106,1,5ad64d39.Image1.075504.jpg
f8860b97,QC26060106,1,82e85e39.Image1.075633.jpg
b146a009,QC26060107,1,b1c787cc.Image1.075638.jpg
a379ca1c,QC26060108,1,7ef69c08.Image1.075643.jpg
d4f1da6f,QC26060109,1,ee944ded.Image1.075649.jpg
f0bb378b,QC26060109,1,2b2e82de.Image1.081103.jpg
a29d30bd,QC26060109,1,6a08c066.Image1.081117.jpg
ba4806d7,QC26060110,1,87aa392c.Image1.081256.jpg
deb61075,QC26060110,1,45f1fadd.Image1.081301.jpg
88779efc,QC26060110,1,e4b3e8cd.Image1.081925.png
1832a053,QC26060111,1,1c4ed89a.Image1.083128.jpg
c494a84c,QC26060112,1,3bb5935f.Image1.083134.jpg
5ef58218,QC26060115,1,1d12805e.Image1.083141.jpg
19267f74,QC26060118,1,677b7cb3.Image1.091940.jpg
19267f74,QC26060118,2,19267f74.Image2.091810.jpg
ee521c08,QC26060118,1,59cc0b47.Image1.091946.jpg
ee521c08,QC26060118,2,ee521c08.Image2.091815.jpg
1305526b,QC26060118,1,3ab063f5.Image1.091951.jpg
aead2a97,QC26060121,1,0616815e.Image1.091957.jpg
6146b8f6,QC26060123,1,0bd74064.Image1.092004.jpg
c960d2ae,QC26060123,1,e8877d31.Image1.092122.jpg
65c8ef38,QC26060123,1,4fe8d462.Image1.092126.jpg
65c8ef38,QC26060123,2,65c8ef38.Image2.093802.jpg
65c8ef38,QC26060123,3,65c8ef38.Image3.093802.jpg
6f0ddd67,QC26060128,1,11156e1d.Image1.093341.jpg
44027ab1,QC26060128,1,d1b0cfdd.Image1.093348.jpg
3e013ef2,QC26060128,1,14c83808.Image1.093354.jpg
fa26bbee,QC26060129,1,70377505.Image1.100417.jpg
ad523f2e,QC26060130,1,d19e4d69.Image1.100424.jpg
aaa27c75,QC26060131,1,be526d3f.Image1.100433.jpg
088cb6bb,QC26060131,1,ec24a8a6.Image1.020558.jpg
6d0dea51,QC26060131,1,b353a78c.Image1.020603.jpg
4b748b7c,QC26060131,1,129995de.Image1.020546.jpg
e835dc75,QC26060132,1,34489588.Image1.100452.jpg
ce940add,QC26060132,1,175c1747.Image1.020553.jpg
e8e1cd75,QC26060132,1,d8a2df0b.Image1.020612.jpg
b7e99c1b,QC26060132,1,6eb14238.Image1.020621.jpg
0e695eeb,QC26060132,1,4b9008ac.Image1.020629.jpg
c29fb1e9,QC26060133,1,885bb573.Image1.020639.jpg
d1855e08,QC26060133,1,f7003dc0.Image1.060750.jpg
edc6fd75,QC26060134,1,c3f19b11.Image1.060758.jpg
790ccb42,QC26060135,1,46f7db14.Image1.060803.jpg
790ccb42,QC26060135,2,790ccb42.Image2.012126.jpg
790ccb42,QC26060135,3,790ccb42.Image3.012126.jpg
f36beaa1,QC26060135,1,25270776.Image1.060809.jpg
fd33f580,QC26060136,1,df040b87.Image1.060815.jpg
2f33c686,QC26060137,1,c1ab7569.Image1.060820.jpg
2f33c686,QC26060137,2,2f33c686.Image2.014422.jpg
2f33c686,QC26060137,3,2f33c686.Image3.014422.jpg
80e4008f,QC26060137,1,9729bfba.Image1.060826.jpg
2b79acab,QC26060137,1,4c70b359.Image1.060832.jpg
63a866c9,QC26060138,1,69ef4689.Image1.060837.jpg
667e63f8,QC26060138,1,bf5a0649.Image1.060842.jpg
93539790,QC26060138,1,0b7a526a.Image1.060849.jpg
977eda71,QC26060138,1,436f6257.Image1.061511.jpg
d8dd0fa9,QC26060139,1,b118497b.Image1.061518.jpg
5567100b,QC26060139,1,9c62da2b.Image1.061524.jpg
ac4b9db7,QC26060140,1,6c2113eb.Image1.061531.jpg
ac4b9db7,QC26060140,2,ac4b9db7.Image2.015508.jpg
a1b5f55d,QC26060140,1,cc57c378.Image1.061536.jpg
f10b6b50,QC26060140,1,891dee21.Image1.063216.jpg
d2ea9ba9,QC26060145,1,c2f29f28.Image1.063221.jpg
d2ea9ba9,QC26060145,2,d2ea9ba9.Image2.060653.jpg
b765d759,QC26060146,1,eefc39bc.Image1.063227.jpg
8c5a5e71,QC26060146,1,a707679a.Image1.063237.jpg
26cb34a6,QC26060146,1,f1039262.Image1.063249.jpg
2d420ff0,QC26060146,1,f6740a40.Image1.063300.jpg
cb563e0e,QC26060146,1,d3eb95bd.Image1.063310.jpg
e757c4fa,QC26060155,1,bebb94f6.Image1.065054.jpg
22113da5,QC26060156,1,9f59cf15.Image1.065103.jpg
22113da5,QC26060156,2,22113da5.Image2.072005.jpg
1d766bd5,QC26060156,1,f8a3695a.Image1.065111.jpg
eeebf17e,QC26060157,1,75df90c4.Image1.065121.jpg
5263a2a5,QC26060157,1,3c88a3cd.Image1.065128.jpg
5263a2a5,QC26060157,2,5263a2a5.Image2.073010.jpg
2c56b7a0,QC26060158,1,891a8cd6.Image1.070903.jpg
6e550b41,QC26060158,1,6b13fe49.Image1.070910.jpg
6047613f,QC26060158,1,fdff7bbc.Image1.070917.jpg
380ffa79,QC26060159,1,d9d7ff1d.Image1.070923.jpg
380ffa79,QC26060159,2,380ffa79.Image2.074028.jpg
f9fe10fc,QC26060159,1,e50b468e.Image1.070929.jpg
bc768a72,QC26060159,1,ea39fa5c.Image1.070936.jpg
60b198da,QC26060159,1,90663935.Image1.074628.jpg
886fa666,QC26060160,1,a6579c5e.Image1.074633.jpg
168f3df9,QC26060160,1,88c7aef1.Image1.074641.jpg
aa4e6427,QC26060161,1,a04e0859.Image1.074645.jpg
aa4e6427,QC26060161,2,aa4e6427.Image2.080336.jpg
aa4e6427,QC26060161,3,aa4e6427.Image3.080336.jpg
1831363b,QC26060161,1,337319fa.Image1.074649.jpg
1831363b,QC26060161,2,1831363b.Image2.080343.jpg
6a96e091,QC26060161,1,a17356e1.Image1.074655.jpg
bc39a04a,QC26060162,1,9312352a.Image1.074701.jpg
242b14d2,QC26060162,1,7aa77471.Image1.074707.jpg
242b14d2,QC26060162,2,242b14d2.Image2.025954.jpg
b4beb95b,QC26060162,1,c631784e.Image1.074713.jpg
b4beb95b,QC26060162,2,b4beb95b.Image2.030000.jpg
195d6af0,QC26060162,1,a5aebf8c.Image1.074718.jpg
38d07c19,QC26060163,1,2b7016cc.Image1.074722.jpg
54c82d11,QC26060163,1,dd58af27.Image1.074730.jpg
f55e991d,QC26060163,1,828f0bea.Image1.075824.jpg
d53edb7d,QC26060163,1,d03502a5.Image1.075829.jpg
0232ad03,QC26060163,1,9d797629.Image1.075839.jpg
da2e0e08,QC26060164,1,02b74719.Image1.075855.jpg
da2e0e08,QC26060164,2,da2e0e08.Image2.012458.jpg
da2e0e08,QC26060164,3,da2e0e08.Image3.012458.jpg
7e15a1e9,QC26060165,1,626ae76e.Image1.075908.jpg
cb03247d,QC26060165,1,310c6a45.Image1.075913.jpg
cb03247d,QC26060165,2,cb03247d.Image2.023704.jpg
dd494b71,QC26060165,1,42ba2077.Image1.075923.jpg
dd494b71,QC26060165,2,dd494b71.Image2.023710.jpg
81e28f50,QC26060166,1,de7f0da8.Image1.094531.jpg
81e28f50,QC26060166,2,81e28f50.Image2.025809.jpg
81e28f50,QC26060166,3,81e28f50.Image3.025809.jpg
7b2afc1d,QC26060167,1,b21d289a.Image1.094536.jpg
7b2afc1d,QC26060167,2,7b2afc1d.Image2.031840.jpg
7b2afc1d,QC26060167,3,7b2afc1d.Image3.031840.jpg
8972ef90,QC26060167,1,37198d4f.Image1.094543.jpg
9b878526,QC26060168,1,592dde4c.Image1.094549.jpg
022f9457,QC26060169,1,7237e5ee.Image1.094555.jpg
ddd0457f,QC26060169,1,de485213.Image1.094601.jpg
1a0b8d16,QC26060169,1,9adf8b72.Image1.142426.jpg
1a0b8d16,QC26060169,2,1a0b8d16.Image2.035520.jpg
68e333ec,QC26060170,1,37ecdf18.Image1.142432.jpg
68e333ec,QC26060170,2,68e333ec.Image2.040101.jpg
68e333ec,QC26060170,3,68e333ec.Image3.040101.jpg
d8e082f8,QC26060170,1,ecafc82f.Image1.142437.jpg
f5d78dd3,QC26060171,1,fac89873.Image1.142444.jpg
1c83dedd,QC26060171,1,3dc69381.Image1.142448.jpg
08657c50,QC26060171,1,d8b6aae9.Image1.142453.jpg
2bd918bc,QC26060171,1,8422fcb2.Image1.142458.jpg
92aa46e5,QC26060171,1,25eacff8.Image1.142504.jpg
7b0afa6b,QC26060171,1,f0d2a1b4.Image1.143014.jpg
1d1362de,QC26060172,1,caed92c8.Image1.143547.jpg
f45e12f5,QC26060173,1,0cf43520.Image1.143558.jpg
f45e12f5,QC26060173,2,f45e12f5.Image2.063927.jpg
0cce4e32,QC26060174,1,831edfc4.Image1.013207.jpg
4652a92e,QC26060174,1,25bd3043.Image1.013211.jpg
994811a6,QC26060174,1,e34a225f.Image1.013217.jpg
76552848,QC26060174,1,81ac6dc4.Image1.013223.jpg
d5a63efc,QC26060175,1,fd501439.Image1.014141.jpg
08a43c76,QC26060176,1,b0732c9d.Image1.014147.jpg
8b5c0586,QC26060177,1,deeb980f.Image1.014154.jpg
8b5c0586,QC26060177,2,8b5c0586.Image2.073106.jpg
49230a84,QC26060178,1,7c8e380c.Image1.014200.jpg
49230a84,QC26060178,2,49230a84.Image2.075714.jpg
53caf50c,QC26060179,1,5babb75e.Image1.021221.jpg
53caf50c,QC26060179,2,53caf50c.Image2.044851.jpg
53caf50c,QC26060179,3,53caf50c.Image3.044851.jpg
3acfe032,QC26060179,1,2ffa896b.Image1.021229.jpg
3acfe032,QC26060179,2,3acfe032.Image2.044858.jpg
cd1e707e,QC26060179,1,a60a479f.Image1.021234.jpg
012a1f6d,QC26060179,1,f4deb6ff.Image1.021239.jpg
2f459411,QC26060179,1,1ee51e22.Image1.021244.jpg
2f459411,QC26060179,2,2f459411.Image2.044915.jpg
b0b58e35,QC26060179,1,71ae045d.Image1.021249.jpg
b0b58e35,QC26060179,2,b0b58e35.Image2.044921.jpg
ea9042cf,QC26060179,1,704f08c1.Image1.021254.jpg
5210217a,QC26060179,1,5c5a9926.Image1.021301.jpg
c1ecc1ad,QC26060179,1,5a5f1793.Image1.022216.jpg
190260ac,QC26060179,1,e2c22b4f.Image1.022221.jpg
b65930cd,QC26060179,1,669bfb0e.Image1.022226.jpg
b65930cd,QC26060179,2,b65930cd.Image2.044947.jpg
f70734a3,QC26060179,1,ec15dcbd.Image1.024120.jpg
7aa06128,QC26060180,1,130fa955.Image1.024125.jpg
41da5278,QC26060180,1,98f9580b.Image1.024132.jpg
398e3c6f,QC26060181,1,40dfbdd0.Image1.024136.jpg
a23662ef,QC26060181,1,cfc11495.Image1.025056.jpg
a23662ef,QC26060181,2,a23662ef.Image2.085119.jpg
a23662ef,QC26060181,3,a23662ef.Image3.085119.jpg
30e9c667,QC26060181,1,8bcbcba8.Image1.025101.jpg
9a7e8611,QC26060181,1,c3ed35f1.Image1.025108.jpg
3b875fbf,QC26060181,1,53383d54.Image1.025113.jpg
3b875fbf,QC26060181,2,3b875fbf.Image2.085136.jpg
e759b151,QC26060181,1,77220504.Image1.025119.jpg
fa82e4dd,QC26060181,1,fb02a3e5.Image1.031742.jpg
de3b17de,QC26060181,1,070ac54a.Image1.031752.jpg
23805dd6,QC26060181,1,21cf40e7.Image1.031759.jpg
f4cb6998,QC26060182,1,08e7f494.Image1.031804.jpg
987206c7,QC26060182,1,7c8b449b.Image1.031810.jpg
4c70b894,QC26060182,1,f7d308dd.Image1.031816.jpg
0ce65c2c,QC26051278,1,d2dd2bc6.Image1.032356.jpg
9bede586,QC26051278,1,ac000956.Image1.032401.jpg
12404a45,QC26051278,1,afb8891e.Image1.032406.jpg
f6e7aa11,QC26060183,1,753dc9cc.Image1.032820.jpg
47d011ee,QC26060183,1,08ae30e7.Image1.032826.jpg
5138bf2a,QC26060183,1,2f1be4ff.Image1.040328.jpg
5565ee04,QC26060184,1,58ea1a58.Image1.040335.jpg
5565ee04,QC26060184,2,5565ee04.Image2.062338.jpg
5565ee04,QC26060184,3,5565ee04.Image3.062338.jpg
79658c34,QC26060184,1,ac93128f.Image1.040340.jpg
79658c34,QC26060184,2,79658c34.Image2.062345.jpg
e39b350b,QC26060184,1,5a6e310d.Image1.040347.jpg
c187c788,QC26060184,1,95e0a00c.Image1.040353.jpg
858b2322,QC26060185,1,22fa8dbe.Image1.040359.jpg
ab8badfd,QC26060185,1,2c21b25f.Image1.040406.jpg
ab8badfd,QC26060185,2,ab8badfd.Image2.063620.jpg
ab8badfd,QC26060185,3,ab8badfd.Image3.063620.jpg
c920ff95,QC26060185,1,65b54c76.Image1.041759.jpg
7f61b364,QC26060186,1,783d27be.Image1.041806.jpg
7f61b364,QC26060186,2,7f61b364.Image2.063704.jpg
7f61b364,QC26060186,3,7f61b364.Image3.063704.jpg
0f1b351b,QC26060186,1,171b1ffd.Image1.041831.jpg
0f1b351b,QC26060186,2,0f1b351b.Image2.063711.jpg
0b86bfc8,QC26060186,1,8b85bbb0.Image1.041838.jpg
e90bd8b9,QC26060187,1,fd016ca4.Image1.041844.jpg
bccd7f01,QC26060187,1,d51bda65.Image1.041850.jpg
bccd7f01,QC26060187,2,bccd7f01.Image2.064717.jpg
bccd7f01,QC26060187,3,bccd7f01.Image3.064717.jpg
c737548d,QC26060187,1,2a84894a.Image1.041856.jpg
c737548d,QC26060187,2,c737548d.Image2.064724.jpg
c737548d,QC26060187,3,c737548d.Image3.064724.jpg
63398b5c,QC26060188,1,dd83b2d8.Image1.041902.jpg
d73660e9,QC26060188,1,c9654532.Image1.041908.jpg
d73660e9,QC26060188,2,d73660e9.Image2.071954.jpg
d73660e9,QC26060188,3,d73660e9.Image3.071954.jpg
933d21ff,QC26060188,1,9de66a14.Image1.095308.jpg
77a92106,QC26060188,1,82c3e724.Image1.095315.jpg
77a92106,QC26060188,2,77a92106.Image2.072014.jpg
77a92106,QC26060188,3,77a92106.Image3.072014.jpg
5b3a6508,QC26060188,1,b4e02811.Image1.095321.jpg
b24e4ce0,QC26060188,1,1e2c3e92.Image1.095327.jpg
6a1eb6cf,QC26060188,1,db1b6667.Image1.095333.jpg
35c43d64,QC26060188,1,ea74ad27.Image1.095339.jpg
e63c1dd5,QC26060189,1,73500026.Image1.131912.jpg
e63c1dd5,QC26060189,2,e63c1dd5.Image2.074230.jpg
8e1b61fa,QC26060189,1,362ca8f4.Image1.131928.jpg
8e1b61fa,QC26060189,2,8e1b61fa.Image2.074238.jpg
8e1b61fa,QC26060189,3,8e1b61fa.Image3.074238.jpg
b0637761,QC26060189,1,ff2aeae6.Image1.131933.jpg
b0637761,QC26060189,2,b0637761.Image2.074243.jpg
bf2af169,QC26060189,1,ba70dfb4.Image1.131938.jpg
bf2af169,QC26060189,2,bf2af169.Image2.074248.jpg
9df42d86,QC26060189,1,b0967b7e.Image1.131944.jpg
ac067174,QC26060190,1,dcb7efce.Image1.024020.jpg
f8fbe70c,QC26060192,1,34cf13d2.Image1.024028.jpg
f8fbe70c,QC26060192,2,f8fbe70c.Image2.042020.jpg
5a42d0a0,QC26060192,1,6001bac9.Image1.024034.jpg
5a42d0a0,QC26060192,2,5a42d0a0.Image2.042025.jpg
5a42d0a0,QC26060192,3,5a42d0a0.Image3.042025.jpg
9194c14a,QC26060192,1,00a04152.Image1.024039.jpg
9194c14a,QC26060192,2,9194c14a.Image2.042032.jpg
9194c14a,QC26060192,3,9194c14a.Image3.042032.jpg
f6acd757,QC26060192,1,53f2ca51.Image1.024045.jpg
f6acd757,QC26060192,2,f6acd757.Image2.042038.jpg
f6acd757,QC26060192,3,f6acd757.Image3.042038.jpg
d7ca78cc,QC26060192,1,3c30f73a.Image1.094458.jpg
14f4218d,QC26060192,1,fc63881e.Image1.094518.jpg
14f4218d,QC26060192,2,14f4218d.Image2.042050.jpg
97e6b27d,QC26060192,1,27e0a469.Image1.094522.jpg
a8a89acd,QC26060192,1,b55bb37f.Image1.094532.jpg
4d84ded7,QC26060192,1,bdc395f9.Image1.094731.jpg
d7d0d4c0,QC26060192,1,74e4a658.Image1.094736.jpg
5548b0d8,QC26060193,1,85608008.Image1.094741.jpg
a7ebbd5a,QC26060193,1,8ae2c24d.Image1.094747.jpg
fb99592b,QC26060193,1,4a3914ce.Image1.094753.jpg
f25190e4,QC26060194,1,6756914f.Image1.094758.jpg
f25190e4,QC26060194,2,f25190e4.Image2.045015.jpg
f25190e4,QC26060194,3,f25190e4.Image3.045015.jpg
14f328e6,QC26060194,1,274bae1f.Image1.094923.jpg
e5a3424e,QC26051280,1,d3d21609.Image1.094924.jpg
dd80a848,QC26060195,1,08a538f4.Image1.095502.jpg
8c8a7604,QC26060195,1,fafd5696.Image1.095508.jpg
a5940265,QC26060195,1,190cdab8.Image1.082833.jpg
a9a59243,QC26060195,1,2df7b9a2.Image1.082839.jpg
0e5a6ef9,QC26070001,1,6dfa074d.Image1.082846.jpg
e3e7be40,QC26070001,1,c2125ea4.Image1.082853.jpg
3972c81f,QC26070001,1,948c987e.Image1.082858.jpg
d1bd739a,QC26070001,1,ea951e0e.Image1.082903.jpg
539c2f52,QC26070001,1,f8a1f8d0.Image1.084011.jpg
312d404b,QC26070001,1,c2375751.Image1.084016.jpg
28a5a3cf,QC26041183,1,794fc336.Image1.084022.jpg
a514f181,QC26041183,1,41ba4109.Image1.084026.jpg
69fdcdef,QC26041183,1,e384d0af.Image1.084031.jpg
6231f74d,QC26041183,1,0b85bab1.Image1.084038.jpg
08731fc7,QC26041183,1,881ea020.Image1.084057.jpg
65b46e68,QC26060196,1,72b3d591.Image1.084102.jpg
2dd6775a,QC26060196,1,ca746bbb.Image1.084137.jpg
7401e4c4,QC26060196,1,a9e91ca2.Image1.085423.jpg
7401e4c4,QC26060196,2,7401e4c4.Image2.022921.jpg
7401e4c4,QC26060196,3,7401e4c4.Image3.022921.jpg
d96a39dc,QC26060196,1,352402bd.Image1.085429.jpg
3bbb9da9,QC26060197,1,f96e2985.Image1.085434.jpg
81805d3f,QC26060197,1,51ab9a3c.Image1.085439.jpg
4b361a46,QC26060197,1,b4f7b2d5.Image1.085443.jpg
42c92617,QC26060197,1,252cd0e4.Image1.085449.jpg
4176f80c,QC26060198,1,9e1d7eb9.Image1.090544.jpg
b40d543a,QC26060198,1,cbd53787.Image1.090550.jpg
b40d543a,QC26060198,2,b40d543a.Image2.061831.jpg
b40d543a,QC26060198,3,b40d543a.Image3.061831.jpg
feb54348,QC26060198,1,6733a072.Image1.090557.jpg
ab0f0076,QC26060198,1,11d3c6ed.Image1.090602.jpg
71a8d325,QC26060199,1,1894f20a.Image1.091803.jpg
10debce2,QC26060199,1,b24c29d3.Image1.091810.jpg
10debce2,QC26060199,2,10debce2.Image2.062705.jpg
9b4d5bd7,QC26060199,1,4ec0a761.Image1.091815.jpg
cb15c17d,QC26060199,1,5c2f3fe2.Image1.091821.jpg
cb15c17d,QC26060199,2,cb15c17d.Image2.062720.jpg
50671aa6,QC26060199,1,40113856.Image1.091833.jpg
0be42636,QC26060200,1,8fb48dab.Image1.091839.jpg
9c88dff6,QC26060200,1,cb43d1b6.Image1.092518.jpg
2c5833b3,QC26060200,1,8755b2f2.Image1.092524.jpg
1aa1f7eb,QC26060201,1,146afd99.Image1.092531.jpg
1aa1f7eb,QC26060201,2,1aa1f7eb.Image2.063910.jpg
725b0c1f,QC26060201,1,e22c955f.Image1.092537.jpg
725b0c1f,QC26060201,2,725b0c1f.Image2.063916.jpg
725b0c1f,QC26060201,3,725b0c1f.Image3.063916.jpg
2caab079,QC26060201,1,ba8f8151.Image1.092543.jpg
5acbe63e,QC26060201,1,b394518c.Image1.093437.jpg
c4acea6e,QC26060202,1,baae044e.Image1.093444.jpg
1b6b32d5,QC26060202,1,eb5cb0eb.Image1.093450.jpg
703bfe12,QC26060202,1,10d973c4.Image1.093456.jpg
72462dff,QC26060202,1,998f8c59.Image1.093502.jpg
d42889e4,QC26060202,1,c5966533.Image1.093508.jpg
d42889e4,QC26060202,2,d42889e4.Image2.064914.jpg
69ec227c,QC26060202,1,f3349f45.Image1.033835.jpg
2c44458f,QC26060203,1,2d7a891a.Image1.033840.jpg
5badce91,QC26060203,1,738c583f.Image1.033845.jpg
5badce91,QC26060203,2,5badce91.Image2.065535.jpg
731a8036,QC26060203,1,6516b488.Image1.033849.jpg
775a5ed9,QC26060204,1,77037918.Image1.033859.jpg
629b5833,QC26060204,1,9d6148df.Image1.033909.jpg
9923fa07,QC26060204,1,8066932d.Image1.045232.jpg
9923fa07,QC26060204,2,9923fa07.Image2.070137.jpg
7c412f14,QC26060204,1,dbc24218.Image1.045237.jpg
c7871fb1,QC26060204,1,9c79679f.Image1.045242.jpg
d57e75c2,QC26060205,1,dc708e3d.Image1.045247.jpg
397229cf,QC26060205,1,a8c76140.Image1.045253.jpg
37225094,QC26060205,1,21950b35.Image1.045301.jpg
95c175ec,QC26060206,1,836b2ce0.Image1.045306.jpg
6579b648,QC26060206,1,dbaa8f87.Image1.045311.jpg
6579b648,QC26060206,2,6579b648.Image2.071438.jpg
6579b648,QC26060206,3,6579b648.Image3.071438.jpg
e3626574,QC26060206,1,1cdd34a9.Image1.094632.jpg
8618bc15,QC26060207,1,3e8bcec6.Image1.094639.jpg
8d526981,QC26060207,1,40186004.Image1.094646.jpg
8d526981,QC26060207,2,8d526981.Image2.072020.jpg
8d526981,QC26060207,3,8d526981.Image3.072020.jpg
29a030ca,QC26060207,1,cb57013f.Image1.094650.jpg
61aa487c,QC26060207,1,388fdd08.Image1.094656.jpg
e20fc053,QC26060208,1,cc2ecb79.Image1.094702.jpg
28779828,QC26060208,1,d27099b0.Image1.010529.jpg
d0340b23,QC26060208,1,b1ae8410.Image1.010536.jpg
8ae39a3d,QC26060209,1,36b01f32.Image1.010542.jpg
8ae39a3d,QC26060209,2,8ae39a3d.Image2.094104.jpg
187f475a,QC26060209,1,714d86c0.Image1.012632.jpg
ae5717ce,QC26060210,1,0e0de3c8.Image1.012638.jpg
554e3e74,QC26060210,1,7fc6a94e.Image1.012643.jpg
554e3e74,QC26060210,2,554e3e74.Image2.094842.jpg
554e3e74,QC26060210,3,554e3e74.Image3.094842.jpg
f046f723,QC26060210,1,a356a573.Image1.012650.jpg
f046f723,QC26060210,2,f046f723.Image2.094847.jpg
f046f723,QC26060210,3,f046f723.Image3.094847.jpg
a52bc9f6,QC26060210,1,556a3cb5.Image1.012655.jpg
ef90fa49,QC26060210,1,4680e1c8.Image1.012700.jpg
ef90fa49,QC26060210,2,ef90fa49.Image2.094854.jpg
70ae98b8,QC26060211,1,1828eaee.Image1.012706.jpg
08a3e3c2,QC26060211,1,e8fa13f5.Image1.012712.jpg
acf01910,QC26060211,1,f34bc057.Image1.033200.png
a44f717f,QC26060211,1,2b05661f.Image1.033205.png
c3e3a3a3,QC26060212,1,d526c386.Image1.033212.png
a7f79fef,QC26060213,1,16c4c1d7.Image1.033216.png
f7f663f0,QC26060213,1,498b590d.Image1.033223.png
d9ac4787,QC26060213,1,26b865d5.Image1.042300.jpg
b1a9c40b,QC26060213,1,af89fe13.Image1.042315.jpg
b1a9c40b,QC26060213,2,b1a9c40b.Image2.101748.jpg
b1a9c40b,QC26060213,3,b1a9c40b.Image3.101748.jpg
773540f5,QC26060213,1,3557fc95.Image1.042322.jpg
773540f5,QC26060213,2,773540f5.Image2.101754.jpg
949fc07f,QC26060213,1,aa93e01f.Image1.042326.jpg
949fc07f,QC26060213,2,949fc07f.Image2.101806.jpg
949fc07f,QC26060213,3,949fc07f.Image3.101806.jpg
acdd9a94,QC26060213,1,ebd2b193.Image1.042331.jpg
e294efe5,QC26060214,1,b9bc4be4.Image1.042335.jpg
963366ea,QC26060214,1,94b8d8b5.Image1.042351.jpg
dcc767ee,QC26060214,1,b37ec43c.Image1.042357.jpg
11d067ac,QC26060215,1,831374fb.Image1.042404.jpg
12bb2090,QC26060215,1,fba7aba6.Image1.042409.jpg
806c6237,QC26060215,1,daaef742.Image1.042414.jpg
0b420fae,QC26060215,1,a4d4d9a1.Image1.042419.jpg
342e9add,QC26060215,1,6f9da264.Image1.043740.jpg
c1cd5364,QC26060215,1,7fbd9119.Image1.043746.jpg
4bdec251,QC26060215,1,821c2f63.Image1.043753.jpg
4f69f075,QC26060216,1,893d14d4.Image1.043758.jpg
8d688634,QC26060216,1,5ea1faa3.Image1.043804.jpg
1279470d,QC26060216,1,12bb233e.Image1.054337.jpg
1279470d,QC26060216,2,1279470d.Image2.113005.jpg
18491a57,QC26060216,1,7ae6f1cc.Image1.054344.jpg
3f2e4c7a,QC26060216,1,22316bc6.Image1.054350.jpg
101d86d4,QC26060216,1,7ae9eaf2.Image1.054356.jpg
101d86d4,QC26060216,2,101d86d4.Image2.113024.jpg
101d86d4,QC26060216,3,101d86d4.Image3.113024.jpg
c177bc89,QC26060216,1,7860afc8.Image1.054408.jpg
cc46b235,QC26060217,1,8035ef8b.Image1.054413.jpg
851d0611,QC26060217,1,79b6f52f.Image1.055252.jpg
f855abf9,QC26060218,1,8068abfb.Image1.055259.jpg
cd976ca3,QC26060218,1,533df917.Image1.055305.jpg
cd976ca3,QC26060218,2,cd976ca3.Image2.114604.jpg
e723c29a,QC26060218,1,26626426.Image1.055311.jpg
9fdea6df,QC26060218,1,37fb3d81.Image1.055316.jpg
572ec016,QC26060218,1,e28f6c10.Image1.055323.jpg
aba77102,QC26060218,1,246e548c.Image1.055329.jpg
aba77102,QC26060218,2,aba77102.Image2.114633.jpg
248b21a1,QC26060218,1,c0da91a3.Image1.055333.jpg
7dca4ef4,QC26060218,1,368e6fc6.Image1.070528.jpg
0fff90db,QC26060218,1,8916f122.Image1.092757.jpg
333b96f1,QC26060218,1,676154fa.Image1.092839.jpg
333b96f1,QC26060218,2,333b96f1.Image2.114659.jpg
55bed40f,QC26060219,1,d32820be.Image1.092844.jpg
55bed40f,QC26060219,2,55bed40f.Image2.120644.jpg
6823aa4d,QC26060219,1,a66acd85.Image1.092848.jpg
6823aa4d,QC26060219,2,6823aa4d.Image2.120650.jpg
ad8ca974,QC26060219,1,e4e94806.Image1.092853.jpg
ad8ca974,QC26060219,2,ad8ca974.Image2.120656.jpg
ad8ca974,QC26060219,3,ad8ca974.Image3.120657.jpg
5774d699,QC26060219,1,46bcd471.Image1.092858.jpg
e9733d39,QC26060219,1,7030e2f1.Image1.095542.jpg
e9733d39,QC26060219,2,e9733d39.Image2.120708.jpg
9ac4e4ae,QC26060220,1,48deb926.Image1.095548.jpg
d4268523,QC26060220,1,407ba87e.Image1.095554.jpg
b3a440cd,QC26060220,1,8cd82867.Image1.095600.jpg
6d6c7ef6,QC26060221,1,e391fcec.Image1.095605.jpg
ac0f7c16,QC26060221,1,afbbee54.Image1.095610.jpg
e0339d2f,QC26060221,1,0b3d837d.Image1.095616.jpg
ca35848e,QC26060222,1,ad6e0615.Image1.095622.jpg
12cbbb8d,QC26060222,1,7694f654.Image1.021610.jpg
ccff32f8,QC26060222,1,342992d8.Image1.021617.jpg
186add38,QC26060222,1,b86dc4bf.Image1.021619.jpg
0215201b,QC26060223,1,94ab5ffb.Image1.021621.jpg
c1b2a003,QC26060223,1,3a28596a.Image1.022350.jpg
f1f497a8,QC26060223,1,9adc21d0.Image1.022356.jpg
b5d5f756,QC26060224,1,b16168b3.Image1.022406.jpg
a70987fa,QC26060224,1,6fdf94b7.Image1.023236.jpg
a32da3bc,QC26060224,1,31b7dd23.Image1.023242.jpg
470834ef,QC26060224,1,2f6bd01b.Image1.024051.jpg
3ab96352,QC26060224,1,95d355bd.Image1.024057.jpg
2b890bae,QC26060224,1,fe5a53c9.Image1.024101.jpg
aeced8b0,QC26060225,1,704e026d.Image1.024107.jpg
aeced8b0,QC26060225,2,aeced8b0.Image2.130226.jpg
aeced8b0,QC26060225,3,aeced8b0.Image3.130226.jpg
92aa14e7,QC26060225,1,e9bfeb19.Image1.024113.jpg
92aa14e7,QC26060225,2,92aa14e7.Image2.130235.jpg
30e10c57,QC26060225,1,601eb805.Image1.024121.jpg
ce7132bd,QC26060225,1,311fc01e.Image1.032737.jpg
b6f7ffe2,QC26060225,1,89fa1ed4.Image1.032743.jpg
5f41ba63,QC26060225,1,0de1f736.Image1.032749.jpg
dd362268,QC26060225,1,51c94633.Image1.032756.jpg
9467971d,QC26060226,1,3bb1ad9b.Image1.032800.jpg
9467971d,QC26060226,2,9467971d.Image2.131149.jpg
9467971d,QC26060226,3,9467971d.Image3.131149.jpg
3c46a5e7,QC26060226,1,e972fbed.Image1.061055.jpg
68a57c95,QC26060226,1,9d92510f.Image1.061101.jpg
a1596ee0,QC26060226,1,8b5c311c.Image1.061134.jpg
92c2406f,QC26060226,1,e7ab79b2.Image1.061321.jpg
bd24bc58,QC26060226,1,4e9cbc73.Image1.061326.jpg
80dde779,QC26060226,1,f2124824.Image1.061333.jpg
10e938a8,QC26060227,1,1946cbac.Image1.061339.jpg
619d29ab,QC26060227,1,ea73486d.Image1.061344.jpg
83331abe,QC26060228,1,18b0ebc1.Image1.061738.jpg
d9332ddf,QC26060228,1,874f1170.Image1.061744.jpg
2c84c2a7,QC26060228,1,902a0adc.Image1.061750.jpg
221b4f3b,QC26060228,1,02a2968c.Image1.061757.jpg
7a6d0ab2,QC26060228,1,936fa08b.Image1.061802.jpg
7a6d0ab2,QC26060228,2,7a6d0ab2.Image2.040413.jpg
7a6d0ab2,QC26060228,3,7a6d0ab2.Image3.040413.jpg
bbaeb6c7,QC26060228,1,addf2644.Image1.062448.jpg
bbaeb6c7,QC26060228,2,bbaeb6c7.Image2.040420.jpg
bbaeb6c7,QC26060228,3,bbaeb6c7.Image3.040420.jpg
f8c63864,QC26060229,1,47b0080c.Image1.062457.jpg
e341e5d5,QC26060229,1,c7dd1b45.Image1.062502.jpg
f0033a0f,QC26060229,1,77a6d8bf.Image1.062509.jpg
8a240a78,QC26060229,1,2808cf95.Image1.062516.jpg
4b5a8f12,QC26060229,1,0b7f81fd.Image1.062521.jpg
358ec5ca,QC26060229,1,d0fa5a3c.Image1.062740.jpg
be0b6350,QC26060229,1,8ce2416c.Image1.062745.jpg
c4198b2c,QC26060229,1,e3717b87.Image1.062754.jpg
4d2fc689,QC26060230,1,e25c1223.Image1.062801.jpg
a103d49c,QC26060230,1,7a188d11.Image1.063629.jpg
dbe35ce6,QC26060230,1,4149cade.Image1.063635.jpg
7ea81fc9,QC26060231,1,90297554.Image1.063641.jpg
d54b1876,QC26060231,1,260d154d.Image1.063648.jpg
13fbe7ef,QC26060231,1,cbba0ebf.Image1.063656.jpg
cbbf27a6,QC26060231,1,141f59b5.Image1.063701.jpg
7eb1e143,QC26060231,1,114cc443.Image1.065006.jpg
7eb1e143,QC26060231,2,7eb1e143.Image2.053801.jpg
9a0d32cd,QC26060232,1,f81a1aa8.Image1.065012.jpg
0029d2f5,QC26060232,1,fc1bd4a8.Image1.065017.jpg
0029d2f5,QC26060232,2,0029d2f5.Image2.054459.jpg
0029d2f5,QC26060232,3,0029d2f5.Image3.054459.jpg
7aebcfab,QC26060232,1,1bb72f1f.Image1.065022.jpg
7aebcfab,QC26060232,2,7aebcfab.Image2.054505.jpg
a4b61aef,QC26060232,1,e3a261ea.Image1.065542.jpg
cfcdd58e,QC26060233,1,f69aa0f5.Image1.065548.jpg
4d3cbaeb,QC26060233,1,8fd3c59c.Image1.065554.jpg
57b2e591,QC26060233,1,8a53d405.Image1.065559.jpg
57b2e591,QC26060233,2,57b2e591.Image2.055744.jpg
2f404232,QC26060234,1,dc72c34d.Image1.065604.jpg
b4d753cd,QC26060234,1,361cb51a.Image1.065609.jpg
b4d753cd,QC26060234,2,b4d753cd.Image2.061144.jpg
d87f3a43,QC26060234,1,e6312d96.Image1.071426.jpg
33d82947,QC26060235,1,5ec52e35.Image1.071434.jpg
33d82947,QC26060235,2,33d82947.Image2.065619.jpg
dd17f8b9,QC26060235,1,0f90490e.Image1.071440.jpg
bf7f6fc9,QC26060235,1,c8dffd65.Image1.073507.jpg
9f97c544,QC26060236,1,00a09eb6.Image1.073513.jpg
a792d5cd,QC26060236,1,aa502f99.Image1.073518.jpg
77cd13ef,QC26060236,1,36741e0c.Image1.073523.jpg
f6f2ede3,QC26060236,1,90767634.Image1.073528.jpg
1ae7986f,QC26060237,1,c72a3c41.Image1.073535.jpg
1ae7986f,QC26060237,2,1ae7986f.Image2.074507.jpg
948c5b39,QC26060238,1,96cba5eb.Image1.073540.jpg
948c5b39,QC26060238,2,948c5b39.Image2.075712.png
77e9f2a4,QC26060238,1,2629fb69.Image1.073545.jpg
0a919d82,QC26070002,1,3264c809.Image1.074459.jpg
0a919d82,QC26070002,2,0a919d82.Image2.080208.jpg
5a48a4b2,QC26070002,1,35df7abe.Image1.074506.jpg
3343f4f1,QC26070002,1,d4a6d9aa.Image1.074511.jpg
4209428c,QC26070002,1,99b89d10.Image1.074518.jpg
3740a487,QC26060239,1,5c3da959.Image1.074523.jpg
540ca34f,QC26060239,1,a00186d7.Image1.074533.jpg
12a207a6,QC26060240,1,d6ac9e95.Image1.075411.jpg
7f4d6fcc,QC26060240,1,6c6ae847.Image1.075417.jpg
b06a50cb,QC26060240,1,50745f9b.Image1.075424.jpg
f5c31531,QC26060245,1,6dc121ae.Image1.075429.jpg
ec4ed7c7,QC26060245,1,a73d9803.Image1.075434.jpg
d848ce0f,QC26060246,1,4cc3a92c.Image1.102624.jpg
d848ce0f,QC26060246,2,d848ce0f.Image2.094843.jpg
acd21faf,QC26060246,1,80fd037e.Image1.102630.jpg
acd21faf,QC26060246,2,acd21faf.Image2.094850.jpg
7babc6b6,QC26060246,1,9c117bfa.Image1.102636.jpg
75ca928d,QC26060246,1,ab7b894b.Image1.102641.jpg
ac0a8234,QC26060246,1,ac0a8234.Image1.094900.jpg
a0f604e6,QC26060247,1,a0f604e6.Image1.095759.jpg
fce85139,QC26060247,1,fce85139.Image1.095806.jpg
9a1e3e31,QC26060247,1,9a1e3e31.Image1.095812.jpg
90b021a2,QC26060247,1,90b021a2.Image1.095819.jpg
8375c33f,QC26060247,1,8375c33f.Image1.095823.jpg
d55b56bc,QC26060248,1,d55b56bc.Image1.015114.jpg
d55b56bc,QC26060248,2,d55b56bc.Image2.015114.jpg
e89acdeb,QC26060248,1,e89acdeb.Image1.015122.jpg
e89acdeb,QC26060248,2,e89acdeb.Image2.015122.jpg
e89acdeb,QC26060248,3,e89acdeb.Image3.015122.jpg
1db8551b,QC26060248,1,1db8551b.Image1.015129.jpg
1db8551b,QC26060248,2,1db8551b.Image2.015129.jpg
ed6e4cf5,QC26060248,1,ed6e4cf5.Image1.015135.jpg
ed6e4cf5,QC26060248,2,ed6e4cf5.Image2.015135.jpg
268f29fa,QC26060248,1,268f29fa.Image1.015140.jpg
b00852f8,QC26060248,1,b00852f8.Image1.015147.jpg
176959a2,QC26060248,1,176959a2.Image1.015152.jpg
d4e89025,QC26060248,1,d4e89025.Image1.015158.jpg
912a86b0,QC26060248,1,912a86b0.Image1.015203.jpg
a4d8024a,QC26060248,1,a4d8024a.Image1.015209.jpg
ff2f8c43,QC26060248,1,ff2f8c43.Image1.015216.jpg
5ef9957f,QC26060248,1,5ef9957f.Image1.015220.jpg
54efe1ab,QC26060249,1,54efe1ab.Image1.020107.jpg
83419f10,QC26060249,1,83419f10.Image1.020114.jpg
48f49c5d,QC26060249,1,48f49c5d.Image1.020119.jpg
cc26ddc1,QC26060249,1,cc26ddc1.Image1.020126.jpg
89dfc39c,QC26060249,1,89dfc39c.Image1.020131.jpg
64f7e454,QC26060250,1,64f7e454.Image1.020917.jpg
64f7e454,QC26060250,2,64f7e454.Image2.020917.jpg
64f7e454,QC26060250,3,64f7e454.Image3.020917.jpg
24c7d970,QC26060250,1,24c7d970.Image1.020925.jpg
62353840,QC26060251,1,62353840.Image1.022157.jpg
b953faea,QC26060251,1,b953faea.Image1.022203.jpg
e17a4fd3,QC26060251,1,e17a4fd3.Image1.022209.jpg
b0ae6090,QC26060251,1,b0ae6090.Image1.022217.jpg
576c4a71,QC26060252,1,576c4a71.Image1.023217.jpg
e3a91b79,QC26060252,1,e3a91b79.Image1.023223.jpg
4ab6961a,QC26060252,1,4ab6961a.Image1.023228.jpg
510b2d15,QC26060252,1,510b2d15.Image1.023235.jpg
ab035859,QC26060252,1,ab035859.Image1.023240.jpg
1e1d3fac,QC26060252,1,1e1d3fac.Image1.023247.jpg
97ce5555,QC26060253,1,97ce5555.Image1.024306.jpg
97ce5555,QC26060253,2,97ce5555.Image2.024306.jpg
97ce5555,QC26060253,3,97ce5555.Image3.024306.jpg
75f25ff3,QC26060253,1,75f25ff3.Image1.024312.jpg
336a6a74,QC26060254,1,336a6a74.Image1.025332.jpg
336a6a74,QC26060254,2,336a6a74.Image2.025332.jpg
336a6a74,QC26060254,3,336a6a74.Image3.025332.jpg
29766d53,QC26060254,1,29766d53.Image1.025338.jpg
3ad480f5,QC26060254,1,3ad480f5.Image1.025344.jpg
bbd16898,QC26060254,1,bbd16898.Image1.025351.jpg
bf8cee1e,QC26060254,1,bf8cee1e.Image1.025358.jpg
2971631d,QC26051281,1,2971631d.Image1.040420.jpg
c9563f93,QC26051281,1,c9563f93.Image1.040427.jpg
ba53f080,QC26051281,1,ba53f080.Image1.040432.jpg
80388260,QC26051281,1,80388260.Image1.040439.jpg
9efc65c1,QC26051281,1,9efc65c1.Image1.040447.jpg
17129619,QC26051281,1,17129619.Image1.040453.jpg
89bc1808,QC26051281,1,89bc1808.Image1.040500.jpg
d5322c54,QC26060255,1,d5322c54.Image1.043830.jpg
2d98e4b8,QC26060255,1,2d98e4b8.Image1.043835.jpg
cf712aab,QC26060255,1,cf712aab.Image1.043840.jpg
3640392e,QC26060255,1,3640392e.Image1.043846.jpg
ef1d702e,QC26060255,1,ef1d702e.Image1.043853.jpg
690b5101,QC26060255,1,690b5101.Image1.043857.jpg
57e5f8fa,QC26060255,1,57e5f8fa.Image1.043902.jpg
1ec5f094,QC26060259,1,1ec5f094.Image1.065622.jpg
a7b990fb,QC26060259,1,a7b990fb.Image1.065629.jpg
29bc1f10,QC26060259,1,29bc1f10.Image1.065637.jpg
e4826048,QC26060259,1,e4826048.Image1.065641.jpg
e4826048,QC26060259,2,e4826048.Image2.065641.jpg
87f83523,QC26060259,1,87f83523.Image1.065652.jpg
50996dca,QC26060259,1,50996dca.Image1.065704.jpg
d9624dcd,QC26060259,1,d9624dcd.Image1.065714.jpg
b13ac8e5,QC26060259,1,b13ac8e5.Image1.065723.jpg
12bd476f,QC26060259,1,12bd476f.Image1.065730.jpg
635d0f77,QC26060259,1,635d0f77.Image1.065738.jpg
911a8970,QC26070003,1,911a8970.Image1.070918.jpg
911a8970,QC26070003,2,911a8970.Image2.070918.jpg
94ee38d1,QC26070003,1,94ee38d1.Image1.070929.jpg
94ee38d1,QC26070003,2,94ee38d1.Image2.070929.jpg
94ee38d1,QC26070003,3,94ee38d1.Image3.070929.jpg
323fd0ad,QC26070003,1,323fd0ad.Image1.070933.jpg
323fd0ad,QC26070003,2,323fd0ad.Image2.070933.jpg
88a59af6,QC26070003,1,88a59af6.Image1.070940.jpg
88a59af6,QC26070003,2,88a59af6.Image2.070940.jpg
fddf37bc,QC26070003,1,fddf37bc.Image1.070946.jpg
fddf37bc,QC26070003,2,fddf37bc.Image2.070946.jpg
133feaf8,QC26070003,1,133feaf8.Image1.070952.jpg
133feaf8,QC26070003,2,133feaf8.Image2.070952.jpg
f50783b0,QC26070003,1,f50783b0.Image1.070958.jpg
b90a7741,QC26070003,1,b90a7741.Image1.071004.jpg
3d28af93,QC26060260,1,3d28af93.Image1.071241.jpg
3d28af93,QC26060260,2,3d28af93.Image2.071241.jpg
3d28af93,QC26060260,3,3d28af93.Image3.071241.jpg
7f712ace,QC26060260,1,7f712ace.Image1.071246.jpg
7f712ace,QC26060260,2,7f712ace.Image2.071246.jpg
96271a87,QC26060260,1,96271a87.Image1.071252.jpg
bfe59b8a,QC26060260,1,bfe59b8a.Image1.071258.jpg
a84e9003,QC26060260,1,a84e9003.Image1.071302.jpg
a84e9003,QC26060260,2,a84e9003.Image2.071302.jpg
48174e3c,QC26060261,1,48174e3c.Image1.073147.jpg
303e2be3,QC26060261,1,303e2be3.Image1.073154.jpg
303e2be3,QC26060261,2,303e2be3.Image2.073154.jpg
a8e0826f,QC26060261,1,a8e0826f.Image1.073159.jpg
c99887f2,QC26070004,1,c99887f2.Image1.074213.jpg
4d691aa0,QC26070004,1,4d691aa0.Image1.074219.jpg
4d691aa0,QC26070004,2,4d691aa0.Image2.074219.jpg
4d691aa0,QC26070004,3,4d691aa0.Image3.074219.jpg
a4091ec6,QC26070004,1,a4091ec6.Image1.074226.jpg
385b080c,QC26070004,1,385b080c.Image1.074233.jpg
385b080c,QC26070004,2,385b080c.Image2.074233.jpg
385b080c,QC26070004,3,385b080c.Image3.074233.jpg
44bf92fe,QC26070004,1,44bf92fe.Image1.074240.jpg
f1710268,QC26070004,1,f1710268.Image1.074250.jpg
f1710268,QC26070004,2,f1710268.Image2.074250.jpg
3618bace,QC26070004,1,3618bace.Image1.074254.jpg
5ad64d39,QC26070005,1,5ad64d39.Image1.075504.jpg
82e85e39,QC26060262,1,82e85e39.Image1.075633.jpg
b1c787cc,QC26060262,1,b1c787cc.Image1.075638.jpg
b1c787cc,QC26060262,2,b1c787cc.Image2.075638.jpg
b1c787cc,QC26060262,3,b1c787cc.Image3.075638.jpg
7ef69c08,QC26060262,1,7ef69c08.Image1.075643.jpg
ee944ded,QC26060262,1,ee944ded.Image1.075649.jpg
2b2e82de,QC26060263,1,2b2e82de.Image1.081103.jpg
6a08c066,QC26060263,1,6a08c066.Image1.081117.jpg
87aa392c,QC26060263,1,87aa392c.Image1.081256.jpg
87aa392c,QC26060263,2,87aa392c.Image2.081256.jpg
87aa392c,QC26060263,3,87aa392c.Image3.081256.jpg
45f1fadd,QC26060263,1,45f1fadd.Image1.081301.jpg
45f1fadd,QC26060263,2,45f1fadd.Image2.081301.jpg
e4b3e8cd,QC26060264,1,e4b3e8cd.Image1.081925.png
1c4ed89a,QC26060265,1,1c4ed89a.Image1.083128.jpg
3bb5935f,QC26060265,1,3bb5935f.Image1.083134.jpg
3bb5935f,QC26060265,2,3bb5935f.Image2.083134.jpg
1d12805e,QC26060265,1,1d12805e.Image1.083141.jpg
1d12805e,QC26060265,2,1d12805e.Image2.083141.png
677b7cb3,QC26070006,1,677b7cb3.Image1.091940.jpg
59cc0b47,QC26070006,1,59cc0b47.Image1.091946.jpg
3ab063f5,QC26070006,1,3ab063f5.Image1.091951.jpg
0616815e,QC26070006,1,0616815e.Image1.091957.jpg
0bd74064,QC26070006,1,0bd74064.Image1.092004.jpg
e8877d31,QC26070007,1,e8877d31.Image1.092122.jpg
e8877d31,QC26070007,2,e8877d31.Image2.092122.jpg
e8877d31,QC26070007,3,e8877d31.Image3.092122.jpg
4fe8d462,QC26070007,1,4fe8d462.Image1.092126.jpg
11156e1d,QC26070008,1,11156e1d.Image1.093341.jpg
11156e1d,QC26070008,2,11156e1d.Image2.093341.jpg
d1b0cfdd,QC26070008,1,d1b0cfdd.Image1.093348.jpg
d1b0cfdd,QC26070008,2,d1b0cfdd.Image2.093348.jpg
d1b0cfdd,QC26070008,3,d1b0cfdd.Image3.093348.jpg
14c83808,QC26070008,1,14c83808.Image1.093354.jpg
14c83808,QC26070008,2,14c83808.Image2.093354.jpg
70377505,QC26070011,1,70377505.Image1.100417.jpg
d19e4d69,QC26070011,1,d19e4d69.Image1.100424.jpg
d19e4d69,QC26070011,2,d19e4d69.Image2.100424.jpg
d19e4d69,QC26070011,3,d19e4d69.Image3.100424.jpg
be526d3f,QC26070011,1,be526d3f.Image1.100433.jpg
be526d3f,QC26070011,2,be526d3f.Image2.100433.jpg
ec24a8a6,QC26070011,1,ec24a8a6.Image1.020558.jpg
b353a78c,QC26070011,1,b353a78c.Image1.020603.jpg
b353a78c,QC26070011,2,b353a78c.Image2.020603.jpg
129995de,QC26070011,1,129995de.Image1.020546.jpg
34489588,QC26070011,1,34489588.Image1.100452.jpg
175c1747,QC26070011,1,175c1747.Image1.020553.jpg
175c1747,QC26070011,2,175c1747.Image2.020553.jpg
d8a2df0b,QC26070011,1,d8a2df0b.Image1.020612.jpg
6eb14238,QC26070011,1,6eb14238.Image1.020621.jpg
6eb14238,QC26070011,2,6eb14238.Image2.020621.jpg
4b9008ac,QC26070011,1,4b9008ac.Image1.020629.jpg
885bb573,QC26070011,1,885bb573.Image1.020639.jpg
885bb573,QC26070011,2,885bb573.Image2.020639.jpg
f7003dc0,QC26070012,1,f7003dc0.Image1.060750.jpg
c3f19b11,QC26070012,1,c3f19b11.Image1.060758.jpg
46f7db14,QC26070012,1,46f7db14.Image1.060803.jpg
25270776,QC26070012,1,25270776.Image1.060809.jpg
df040b87,QC26070012,1,df040b87.Image1.060815.jpg
c1ab7569,QC26070012,1,c1ab7569.Image1.060820.jpg
9729bfba,QC26070012,1,9729bfba.Image1.060826.jpg
4c70b359,QC26070012,1,4c70b359.Image1.060832.jpg
69ef4689,QC26070012,1,69ef4689.Image1.060837.jpg
bf5a0649,QC26070012,1,bf5a0649.Image1.060842.jpg
0b7a526a,QC26070012,1,0b7a526a.Image1.060849.jpg
0b7a526a,QC26070012,2,0b7a526a.Image2.060849.jpg
436f6257,QC26060267,1,436f6257.Image1.061511.jpg
b118497b,QC26060267,1,b118497b.Image1.061518.jpg
9c62da2b,QC26060267,1,9c62da2b.Image1.061524.jpg
6c2113eb,QC26060267,1,6c2113eb.Image1.061531.jpg
cc57c378,QC26060267,1,cc57c378.Image1.061536.jpg
891dee21,QC26070013,1,891dee21.Image1.063216.jpg
c2f29f28,QC26070013,1,c2f29f28.Image1.063221.jpg
c2f29f28,QC26070013,2,c2f29f28.Image2.063221.jpg
eefc39bc,QC26070013,1,eefc39bc.Image1.063227.jpg
eefc39bc,QC26070013,2,eefc39bc.Image2.063227.jpg
a707679a,QC26070013,1,a707679a.Image1.063237.jpg
f1039262,QC26070013,1,f1039262.Image1.063249.jpg
f6740a40,QC26070013,1,f6740a40.Image1.063300.jpg
d3eb95bd,QC26070013,1,d3eb95bd.Image1.063310.jpg
d3eb95bd,QC26070013,2,d3eb95bd.Image2.063310.jpg
bebb94f6,QC26070014,1,bebb94f6.Image1.065054.jpg
9f59cf15,QC26070014,1,9f59cf15.Image1.065103.jpg
9f59cf15,QC26070014,2,9f59cf15.Image2.065103.jpg
f8a3695a,QC26070014,1,f8a3695a.Image1.065111.jpg
75df90c4,QC26070014,1,75df90c4.Image1.065121.jpg
3c88a3cd,QC26070014,1,3c88a3cd.Image1.065128.jpg
891a8cd6,QC26070015,1,891a8cd6.Image1.070903.jpg
891a8cd6,QC26070015,2,891a8cd6.Image2.070903.jpg
6b13fe49,QC26070015,1,6b13fe49.Image1.070910.jpg
fdff7bbc,QC26070015,1,fdff7bbc.Image1.070917.jpg
d9d7ff1d,QC26070015,1,d9d7ff1d.Image1.070923.jpg
e50b468e,QC26070015,1,e50b468e.Image1.070929.jpg
ea39fa5c,QC26070015,1,ea39fa5c.Image1.070936.jpg
90663935,QC26070016,1,90663935.Image1.074628.jpg
a6579c5e,QC26070016,1,a6579c5e.Image1.074633.jpg
88c7aef1,QC26070016,1,88c7aef1.Image1.074641.jpg
a04e0859,QC26070016,1,a04e0859.Image1.074645.jpg
a04e0859,QC26070016,2,a04e0859.Image2.074645.jpg
337319fa,QC26070016,1,337319fa.Image1.074649.jpg
337319fa,QC26070016,2,337319fa.Image2.074649.jpg
a17356e1,QC26070016,1,a17356e1.Image1.074655.jpg
a17356e1,QC26070016,2,a17356e1.Image2.074655.jpg
9312352a,QC26070016,1,9312352a.Image1.074701.jpg
7aa77471,QC26070016,1,7aa77471.Image1.074707.jpg
c631784e,QC26070016,1,c631784e.Image1.074713.jpg
a5aebf8c,QC26070016,1,a5aebf8c.Image1.074718.jpg
2b7016cc,QC26070016,1,2b7016cc.Image1.074722.jpg
dd58af27,QC26070016,1,dd58af27.Image1.074730.jpg
dd58af27,QC26070016,2,dd58af27.Image2.074730.jpg
828f0bea,QC26070017,1,828f0bea.Image1.075824.jpg
d03502a5,QC26070017,1,d03502a5.Image1.075829.jpg
9d797629,QC26070017,1,9d797629.Image1.075839.jpg
02b74719,QC26070017,1,02b74719.Image1.075855.jpg
626ae76e,QC26070017,1,626ae76e.Image1.075908.jpg
310c6a45,QC26070017,1,310c6a45.Image1.075913.jpg
310c6a45,QC26070017,2,310c6a45.Image2.075913.jpg
42ba2077,QC26070017,1,42ba2077.Image1.075923.jpg
de7f0da8,QC26060268,1,de7f0da8.Image1.094531.jpg
b21d289a,QC26060268,1,b21d289a.Image1.094536.jpg
37198d4f,QC26060268,1,37198d4f.Image1.094543.jpg
592dde4c,QC26060268,1,592dde4c.Image1.094549.jpg
7237e5ee,QC26060268,1,7237e5ee.Image1.094555.jpg
de485213,QC26060268,1,de485213.Image1.094601.jpg
de485213,QC26060268,2,de485213.Image2.094601.jpg
9adf8b72,QC26070021,1,9adf8b72.Image1.142426.jpg
37ecdf18,QC26070021,1,37ecdf18.Image1.142432.jpg
ecafc82f,QC26070021,1,ecafc82f.Image1.142437.jpg
ecafc82f,QC26070021,2,ecafc82f.Image2.142437.jpg
fac89873,QC26070021,1,fac89873.Image1.142444.jpg
3dc69381,QC26070021,1,3dc69381.Image1.142448.jpg
d8b6aae9,QC26070021,1,d8b6aae9.Image1.142453.jpg
8422fcb2,QC26070021,1,8422fcb2.Image1.142458.jpg
25eacff8,QC26070021,1,25eacff8.Image1.142504.jpg
f0d2a1b4,QC26070022,1,f0d2a1b4.Image1.143014.jpg
caed92c8,QC26070023,1,caed92c8.Image1.143547.jpg
0cf43520,QC26070023,1,0cf43520.Image1.143558.jpg
0cf43520,QC26070023,2,0cf43520.Image2.143558.jpg
831edfc4,QC26070024,1,831edfc4.Image1.013207.jpg
25bd3043,QC26070024,1,25bd3043.Image1.013211.jpg
e34a225f,QC26070024,1,e34a225f.Image1.013217.jpg
81ac6dc4,QC26070024,1,81ac6dc4.Image1.013223.jpg
fd501439,QC26070025,1,fd501439.Image1.014141.jpg
b0732c9d,QC26070025,1,b0732c9d.Image1.014147.jpg
deeb980f,QC26070025,1,deeb980f.Image1.014154.jpg
7c8e380c,QC26070025,1,7c8e380c.Image1.014200.jpg
5babb75e,QC26070026,1,5babb75e.Image1.021221.jpg
2ffa896b,QC26070026,1,2ffa896b.Image1.021229.jpg
a60a479f,QC26070026,1,a60a479f.Image1.021234.jpg
f4deb6ff,QC26070026,1,f4deb6ff.Image1.021239.jpg
1ee51e22,QC26070026,1,1ee51e22.Image1.021244.jpg
71ae045d,QC26070026,1,71ae045d.Image1.021249.jpg
704f08c1,QC26070026,1,704f08c1.Image1.021254.jpg
5c5a9926,QC26070026,1,5c5a9926.Image1.021301.jpg
5a5f1793,QC26070027,1,5a5f1793.Image1.022216.jpg
e2c22b4f,QC26070027,1,e2c22b4f.Image1.022221.jpg
669bfb0e,QC26070027,1,669bfb0e.Image1.022226.jpg
ec15dcbd,QC26060269,1,ec15dcbd.Image1.024120.jpg
130fa955,QC26060269,1,130fa955.Image1.024125.jpg
130fa955,QC26060269,2,130fa955.Image2.024125.jpg
130fa955,QC26060269,3,130fa955.Image3.024125.jpg
98f9580b,QC26060269,1,98f9580b.Image1.024132.jpg
40dfbdd0,QC26060269,1,40dfbdd0.Image1.024136.jpg
cfc11495,QC26070028,1,cfc11495.Image1.025056.jpg
8bcbcba8,QC26070028,1,8bcbcba8.Image1.025101.jpg
c3ed35f1,QC26070028,1,c3ed35f1.Image1.025108.jpg
53383d54,QC26070028,1,53383d54.Image1.025113.jpg
77220504,QC26070028,1,77220504.Image1.025119.jpg
fb02a3e5,QC26060270,1,fb02a3e5.Image1.031742.jpg
fb02a3e5,QC26060270,2,fb02a3e5.Image2.031742.jpg
fb02a3e5,QC26060270,3,fb02a3e5.Image3.031742.jpg
070ac54a,QC26060270,1,070ac54a.Image1.031752.jpg
070ac54a,QC26060270,2,070ac54a.Image2.031752.jpg
070ac54a,QC26060270,3,070ac54a.Image3.031752.jpg
21cf40e7,QC26060270,1,21cf40e7.Image1.031759.jpg
21cf40e7,QC26060270,2,21cf40e7.Image2.031759.jpg
21cf40e7,QC26060270,3,21cf40e7.Image3.031759.jpg
08e7f494,QC26060270,1,08e7f494.Image1.031804.jpg
08e7f494,QC26060270,2,08e7f494.Image2.031804.jpg
08e7f494,QC26060270,3,08e7f494.Image3.031804.jpg
7c8b449b,QC26060270,1,7c8b449b.Image1.031810.jpg
f7d308dd,QC26060270,1,f7d308dd.Image1.031816.jpg
d2dd2bc6,QC26060271,1,d2dd2bc6.Image1.032356.jpg
ac000956,QC26060271,1,ac000956.Image1.032401.jpg
afb8891e,QC26060271,1,afb8891e.Image1.032406.jpg
afb8891e,QC26060271,2,afb8891e.Image2.032406.jpg
753dc9cc,QC26070029,1,753dc9cc.Image1.032820.jpg
753dc9cc,QC26070029,2,753dc9cc.Image2.032820.jpg
08ae30e7,QC26070029,1,08ae30e7.Image1.032826.jpg
2f1be4ff,QC26070033,1,2f1be4ff.Image1.040328.jpg
2f1be4ff,QC26070033,2,2f1be4ff.Image2.040328.jpg
2f1be4ff,QC26070033,3,2f1be4ff.Image3.040328.jpg
58ea1a58,QC26070033,1,58ea1a58.Image1.040335.jpg
ac93128f,QC26070033,1,ac93128f.Image1.040340.jpg
ac93128f,QC26070033,2,ac93128f.Image2.040340.jpg
5a6e310d,QC26070033,1,5a6e310d.Image1.040347.jpg
95e0a00c,QC26070033,1,95e0a00c.Image1.040353.jpg
22fa8dbe,QC26070033,1,22fa8dbe.Image1.040359.jpg
2c21b25f,QC26070033,1,2c21b25f.Image1.040406.jpg
65b54c76,QC26070034,1,65b54c76.Image1.041759.jpg
65b54c76,QC26070034,2,65b54c76.Image2.041759.jpg
65b54c76,QC26070034,3,65b54c76.Image3.041759.jpg
783d27be,QC26070034,1,783d27be.Image1.041806.jpg
171b1ffd,QC26070034,1,171b1ffd.Image1.041831.jpg
8b85bbb0,QC26070034,1,8b85bbb0.Image1.041838.jpg
fd016ca4,QC26070034,1,fd016ca4.Image1.041844.jpg
d51bda65,QC26070034,1,d51bda65.Image1.041850.jpg
2a84894a,QC26070034,1,2a84894a.Image1.041856.jpg
dd83b2d8,QC26070034,1,dd83b2d8.Image1.041902.jpg
c9654532,QC26070034,1,c9654532.Image1.041908.jpg
9de66a14,QC26070036,1,9de66a14.Image1.095308.jpg
82c3e724,QC26070036,1,82c3e724.Image1.095315.jpg
82c3e724,QC26070036,2,82c3e724.Image2.095315.jpg
b4e02811,QC26070036,1,b4e02811.Image1.095321.jpg
b4e02811,QC26070036,2,b4e02811.Image2.095321.jpg
1e2c3e92,QC26070036,1,1e2c3e92.Image1.095327.jpg
1e2c3e92,QC26070036,2,1e2c3e92.Image2.095327.jpg
1e2c3e92,QC26070036,3,1e2c3e92.Image3.095327.jpg
db1b6667,QC26070036,1,db1b6667.Image1.095333.jpg
db1b6667,QC26070036,2,db1b6667.Image2.095333.jpg
ea74ad27,QC26070036,1,ea74ad27.Image1.095339.jpg
73500026,QC26070037,1,73500026.Image1.131912.jpg
362ca8f4,QC26070037,1,362ca8f4.Image1.131928.jpg
ff2aeae6,QC26070037,1,ff2aeae6.Image1.131933.jpg
ba70dfb4,QC26070037,1,ba70dfb4.Image1.131938.jpg
b0967b7e,QC26070037,1,b0967b7e.Image1.131944.jpg
dcb7efce,QC26070038,1,dcb7efce.Image1.024020.jpg
34cf13d2,QC26070038,1,34cf13d2.Image1.024028.jpg
34cf13d2,QC26070038,2,34cf13d2.Image2.024028.jpg
6001bac9,QC26070038,1,6001bac9.Image1.024034.jpg
00a04152,QC26070038,1,00a04152.Image1.024039.jpg
53f2ca51,QC26070038,1,53f2ca51.Image1.024045.jpg
3c30f73a,QC26070039,1,3c30f73a.Image1.094458.jpg
3c30f73a,QC26070039,2,3c30f73a.Image2.094458.jpg
3c30f73a,QC26070039,3,3c30f73a.Image3.094458.jpg
fc63881e,QC26070039,1,fc63881e.Image1.094518.jpg
27e0a469,QC26070039,1,27e0a469.Image1.094522.jpg
b55bb37f,QC26070039,1,b55bb37f.Image1.094532.jpg
bdc395f9,QC26070040,1,bdc395f9.Image1.094731.jpg
74e4a658,QC26070040,1,74e4a658.Image1.094736.jpg
85608008,QC26070040,1,85608008.Image1.094741.jpg
8ae2c24d,QC26070040,1,8ae2c24d.Image1.094747.jpg
4a3914ce,QC26070040,1,4a3914ce.Image1.094753.jpg
6756914f,QC26070040,1,6756914f.Image1.094758.jpg
274bae1f,QC26070041,1,274bae1f.Image1.094923.jpg
274bae1f,QC26070041,2,274bae1f.Image2.094923.jpg
274bae1f,QC26070041,3,274bae1f.Image3.094923.jpg
d3d21609,QC26070041,1,d3d21609.Image1.094924.jpg
d3d21609,QC26070041,2,d3d21609.Image2.094924.jpg
08a538f4,QC26070042,1,08a538f4.Image1.095502.jpg
fafd5696,QC26070042,1,fafd5696.Image1.095508.jpg
190cdab8,QC26070046,1,190cdab8.Image1.082833.jpg
2df7b9a2,QC26070046,1,2df7b9a2.Image1.082839.jpg
6dfa074d,QC26070046,1,6dfa074d.Image1.082846.jpg
c2125ea4,QC26070046,1,c2125ea4.Image1.082853.jpg
948c987e,QC26070046,1,948c987e.Image1.082858.jpg
ea951e0e,QC26070046,1,ea951e0e.Image1.082903.jpg
f8a1f8d0,QC26070045,1,f8a1f8d0.Image1.084011.jpg
c2375751,QC26070045,1,c2375751.Image1.084016.jpg
794fc336,QC26070045,1,794fc336.Image1.084022.jpg
41ba4109,QC26070045,1,41ba4109.Image1.084026.jpg
e384d0af,QC26070045,1,e384d0af.Image1.084031.jpg
0b85bab1,QC26070045,1,0b85bab1.Image1.084038.jpg
881ea020,QC26070045,1,881ea020.Image1.084057.jpg
72b3d591,QC26070045,1,72b3d591.Image1.084102.jpg
ca746bbb,QC26070045,1,ca746bbb.Image1.084137.jpg
a9e91ca2,QC26070047,1,a9e91ca2.Image1.085423.jpg
a9e91ca2,QC26070047,2,a9e91ca2.Image2.085423.jpg
352402bd,QC26070047,1,352402bd.Image1.085429.jpg
f96e2985,QC26070047,1,f96e2985.Image1.085434.jpg
51ab9a3c,QC26070047,1,51ab9a3c.Image1.085439.jpg
b4f7b2d5,QC26070047,1,b4f7b2d5.Image1.085443.jpg
252cd0e4,QC26070047,1,252cd0e4.Image1.085449.jpg
9e1d7eb9,QC26070048,1,9e1d7eb9.Image1.090544.jpg
cbd53787,QC26070048,1,cbd53787.Image1.090550.jpg
cbd53787,QC26070048,2,cbd53787.Image2.090550.jpg
6733a072,QC26070048,1,6733a072.Image1.090557.jpg
11d3c6ed,QC26070048,1,11d3c6ed.Image1.090602.jpg
1894f20a,QC26070049,1,1894f20a.Image1.091803.jpg
b24c29d3,QC26070049,1,b24c29d3.Image1.091810.jpg
4ec0a761,QC26070049,1,4ec0a761.Image1.091815.jpg
5c2f3fe2,QC26070049,1,5c2f3fe2.Image1.091821.jpg
5c2f3fe2,QC26070049,2,5c2f3fe2.Image2.091821.jpg
40113856,QC26070049,1,40113856.Image1.091833.jpg
8fb48dab,QC26070049,1,8fb48dab.Image1.091839.jpg
8fb48dab,QC26070049,2,8fb48dab.Image2.091839.jpg
8fb48dab,QC26070049,3,8fb48dab.Image3.091839.jpg
cb43d1b6,QC26070050,1,cb43d1b6.Image1.092518.jpg
8755b2f2,QC26070050,1,8755b2f2.Image1.092524.jpg
146afd99,QC26070050,1,146afd99.Image1.092531.jpg
146afd99,QC26070050,2,146afd99.Image2.092531.jpg
e22c955f,QC26070050,1,e22c955f.Image1.092537.jpg
ba8f8151,QC26070050,1,ba8f8151.Image1.092543.jpg
ba8f8151,QC26070050,2,ba8f8151.Image2.092543.jpg
b394518c,QC26070051,1,b394518c.Image1.093437.jpg
b394518c,QC26070051,2,b394518c.Image2.093437.jpg
baae044e,QC26070051,1,baae044e.Image1.093444.jpg
eb5cb0eb,QC26070051,1,eb5cb0eb.Image1.093450.jpg
10d973c4,QC26070051,1,10d973c4.Image1.093456.jpg
998f8c59,QC26070051,1,998f8c59.Image1.093502.jpg
c5966533,QC26070051,1,c5966533.Image1.093508.jpg
f3349f45,QC26070052,1,f3349f45.Image1.033835.jpg
f3349f45,QC26070052,2,f3349f45.Image2.033835.jpg
2d7a891a,QC26070052,1,2d7a891a.Image1.033840.jpg
738c583f,QC26070052,1,738c583f.Image1.033845.jpg
6516b488,QC26070052,1,6516b488.Image1.033849.jpg
77037918,QC26070052,1,77037918.Image1.033859.jpg
9d6148df,QC26070052,1,9d6148df.Image1.033909.jpg
8066932d,QC26070053,1,8066932d.Image1.045232.jpg
dbc24218,QC26070053,1,dbc24218.Image1.045237.jpg
9c79679f,QC26070053,1,9c79679f.Image1.045242.jpg
dc708e3d,QC26070053,1,dc708e3d.Image1.045247.jpg
a8c76140,QC26070053,1,a8c76140.Image1.045253.jpg
21950b35,QC26070053,1,21950b35.Image1.045301.jpg
836b2ce0,QC26070053,1,836b2ce0.Image1.045306.jpg
dbaa8f87,QC26070053,1,dbaa8f87.Image1.045311.jpg
dbaa8f87,QC26070053,2,dbaa8f87.Image2.045311.jpg
dbaa8f87,QC26070053,3,dbaa8f87.Image3.045311.jpg
1cdd34a9,QC26070054,1,1cdd34a9.Image1.094632.jpg
1cdd34a9,QC26070054,2,1cdd34a9.Image2.094632.jpg
3e8bcec6,QC26070054,1,3e8bcec6.Image1.094639.jpg
40186004,QC26070054,1,40186004.Image1.094646.jpg
cb57013f,QC26070054,1,cb57013f.Image1.094650.jpg
388fdd08,QC26070054,1,388fdd08.Image1.094656.jpg
cc2ecb79,QC26070054,1,cc2ecb79.Image1.094702.jpg
d27099b0,QC26070055,1,d27099b0.Image1.010529.jpg
d27099b0,QC26070055,2,d27099b0.Image2.010529.jpg
b1ae8410,QC26070055,1,b1ae8410.Image1.010536.jpg
36b01f32,QC26070055,1,36b01f32.Image1.010542.jpg
714d86c0,QC26070056,1,714d86c0.Image1.012632.jpg
0e0de3c8,QC26070056,1,0e0de3c8.Image1.012638.jpg
7fc6a94e,QC26070056,1,7fc6a94e.Image1.012643.jpg
a356a573,QC26070056,1,a356a573.Image1.012650.jpg
556a3cb5,QC26070056,1,556a3cb5.Image1.012655.jpg
4680e1c8,QC26070056,1,4680e1c8.Image1.012700.jpg
1828eaee,QC26070056,1,1828eaee.Image1.012706.jpg
e8fa13f5,QC26070056,1,e8fa13f5.Image1.012712.jpg
f34bc057,QC26060272,1,f34bc057.Image1.033200.png
2b05661f,QC26060272,1,2b05661f.Image1.033205.png
2b05661f,QC26060272,2,2b05661f.Image2.033205.png
d526c386,QC26060272,1,d526c386.Image1.033212.png
d526c386,QC26060272,2,d526c386.Image2.033212.png
d526c386,QC26060272,3,d526c386.Image3.033212.png
16c4c1d7,QC26060272,1,16c4c1d7.Image1.033216.png
498b590d,QC26060272,1,498b590d.Image1.033223.png
26b865d5,QC26070057,1,26b865d5.Image1.042300.jpg
26b865d5,QC26070057,2,26b865d5.Image2.042300.jpg
af89fe13,QC26070057,1,af89fe13.Image1.042315.jpg
3557fc95,QC26070057,1,3557fc95.Image1.042322.jpg
aa93e01f,QC26070057,1,aa93e01f.Image1.042326.jpg
ebd2b193,QC26070057,1,ebd2b193.Image1.042331.jpg
b9bc4be4,QC26070057,1,b9bc4be4.Image1.042335.jpg
94b8d8b5,QC26070058,1,94b8d8b5.Image1.042351.jpg
b37ec43c,QC26070058,1,b37ec43c.Image1.042357.jpg
831374fb,QC26070058,1,831374fb.Image1.042404.jpg
fba7aba6,QC26070058,1,fba7aba6.Image1.042409.jpg
daaef742,QC26070058,1,daaef742.Image1.042414.jpg
a4d4d9a1,QC26070058,1,a4d4d9a1.Image1.042419.jpg
6f9da264,QC26070059,1,6f9da264.Image1.043740.jpg
7fbd9119,QC26070059,1,7fbd9119.Image1.043746.jpg
821c2f63,QC26070059,1,821c2f63.Image1.043753.jpg
893d14d4,QC26070059,1,893d14d4.Image1.043758.jpg
5ea1faa3,QC26070059,1,5ea1faa3.Image1.043804.jpg
12bb233e,QC26070060,1,12bb233e.Image1.054337.jpg
12bb233e,QC26070060,2,12bb233e.Image2.054337.jpg
7ae6f1cc,QC26070060,1,7ae6f1cc.Image1.054344.jpg
7ae6f1cc,QC26070060,2,7ae6f1cc.Image2.054344.jpg
22316bc6,QC26070060,1,22316bc6.Image1.054350.jpg
7ae9eaf2,QC26070060,1,7ae9eaf2.Image1.054356.jpg
ee060129,QC26070060,1,ee060129.Image1.054401.jpg
7860afc8,QC26070060,1,7860afc8.Image1.054408.jpg
7860afc8,QC26070060,2,7860afc8.Image2.054408.jpg
8035ef8b,QC26070060,1,8035ef8b.Image1.054413.jpg
79b6f52f,QC26070061,1,79b6f52f.Image1.055252.jpg
8068abfb,QC26070061,1,8068abfb.Image1.055259.jpg
533df917,QC26070061,1,533df917.Image1.055305.jpg
26626426,QC26070061,1,26626426.Image1.055311.jpg
37fb3d81,QC26070061,1,37fb3d81.Image1.055316.jpg
e28f6c10,QC26070061,1,e28f6c10.Image1.055323.jpg
246e548c,QC26070061,1,246e548c.Image1.055329.jpg
c0da91a3,QC26070061,1,c0da91a3.Image1.055333.jpg
368e6fc6,QC26070062,1,368e6fc6.Image1.070528.jpg
368e6fc6,QC26070062,2,368e6fc6.Image2.070528.jpg
8916f122,QC26070063,1,8916f122.Image1.092757.jpg
8916f122,QC26070063,2,8916f122.Image2.092757.jpg
8916f122,QC26070063,3,8916f122.Image3.092757.jpg
676154fa,QC26070063,1,676154fa.Image1.092839.jpg
676154fa,QC26070063,2,676154fa.Image2.092839.jpg
d32820be,QC26070063,1,d32820be.Image1.092844.jpg
a66acd85,QC26070063,1,a66acd85.Image1.092848.jpg
e4e94806,QC26070063,1,e4e94806.Image1.092853.jpg
46bcd471,QC26070063,1,46bcd471.Image1.092858.jpg
7030e2f1,QC26070064,1,7030e2f1.Image1.095542.jpg
7030e2f1,QC26070064,2,7030e2f1.Image2.095542.jpg
48deb926,QC26070064,1,48deb926.Image1.095548.jpg
407ba87e,QC26070064,1,407ba87e.Image1.095554.jpg
8cd82867,QC26070064,1,8cd82867.Image1.095600.jpg
e391fcec,QC26070064,1,e391fcec.Image1.095605.jpg
afbbee54,QC26070064,1,afbbee54.Image1.095610.jpg
0b3d837d,QC26070064,1,0b3d837d.Image1.095616.jpg
ad6e0615,QC26070064,1,ad6e0615.Image1.095622.jpg
7694f654,QC26070065,1,7694f654.Image1.021610.jpg
7694f654,QC26070065,2,7694f654.Image2.021610.jpg
7694f654,QC26070065,3,7694f654.Image3.021610.jpg
342992d8,QC26070065,1,342992d8.Image1.021617.jpg
342992d8,QC26070065,2,342992d8.Image2.021617.jpg
342992d8,QC26070065,3,342992d8.Image3.021617.jpg
b86dc4bf,QC26070068,1,b86dc4bf.Image1.021619.jpg
94ab5ffb,QC26070065,1,94ab5ffb.Image1.021621.jpg
3a28596a,QC26070067,1,3a28596a.Image1.022350.jpg
9adc21d0,QC26070067,1,9adc21d0.Image1.022356.jpg
b16168b3,QC26070067,1,b16168b3.Image1.022406.jpg
6fdf94b7,QC26070069,1,6fdf94b7.Image1.023236.jpg
31b7dd23,QC26070069,1,31b7dd23.Image1.023242.jpg
2f6bd01b,QC26070070,1,2f6bd01b.Image1.024051.jpg
2f6bd01b,QC26070070,2,2f6bd01b.Image2.024051.jpg
2f6bd01b,QC26070070,3,2f6bd01b.Image3.024051.jpg
95d355bd,QC26070070,1,95d355bd.Image1.024057.jpg
fe5a53c9,QC26070070,1,fe5a53c9.Image1.024101.jpg
704e026d,QC26070070,1,704e026d.Image1.024107.jpg
e9bfeb19,QC26070070,1,e9bfeb19.Image1.024113.jpg
601eb805,QC26070070,1,601eb805.Image1.024121.jpg
311fc01e,QC26060274,1,311fc01e.Image1.032737.jpg
311fc01e,QC26060274,2,311fc01e.Image2.032737.jpg
311fc01e,QC26060274,3,311fc01e.Image3.032737.jpg
89fa1ed4,QC26060274,1,89fa1ed4.Image1.032743.jpg
0de1f736,QC26060274,1,0de1f736.Image1.032749.jpg
51c94633,QC26060274,1,51c94633.Image1.032756.jpg
3bb1ad9b,QC26060274,1,3bb1ad9b.Image1.032800.jpg
e972fbed,QC26070074,1,e972fbed.Image1.061055.jpg
9d92510f,QC26070074,1,9d92510f.Image1.061101.jpg
9d92510f,QC26070074,2,9d92510f.Image2.061101.jpg
9d92510f,QC26070074,3,9d92510f.Image3.061101.jpg
8b5c311c,QC26070074,1,8b5c311c.Image1.061134.jpg
e7ab79b2,QC26070075,1,e7ab79b2.Image1.061321.jpg
4e9cbc73,QC26070075,1,4e9cbc73.Image1.061326.jpg
4e9cbc73,QC26070075,2,4e9cbc73.Image2.061326.jpg
f2124824,QC26070075,1,f2124824.Image1.061333.jpg
f2124824,QC26070075,2,f2124824.Image2.061333.jpg
1946cbac,QC26070075,1,1946cbac.Image1.061339.jpg
ea73486d,QC26070075,1,ea73486d.Image1.061344.jpg
18b0ebc1,QC26070076,1,18b0ebc1.Image1.061738.jpg
874f1170,QC26070076,1,874f1170.Image1.061744.jpg
874f1170,QC26070076,2,874f1170.Image2.061744.jpg
902a0adc,QC26070076,1,902a0adc.Image1.061750.jpg
02a2968c,QC26070076,1,02a2968c.Image1.061757.jpg
936fa08b,QC26070076,1,936fa08b.Image1.061802.jpg
addf2644,QC26070077,1,addf2644.Image1.062448.jpg
47b0080c,QC26070077,1,47b0080c.Image1.062457.jpg
47b0080c,QC26070077,2,47b0080c.Image2.062457.jpg
c7dd1b45,QC26070077,1,c7dd1b45.Image1.062502.jpg
77a6d8bf,QC26070077,1,77a6d8bf.Image1.062509.jpg
2808cf95,QC26070077,1,2808cf95.Image1.062516.jpg
0b7f81fd,QC26070077,1,0b7f81fd.Image1.062521.jpg
d0fa5a3c,QC26070078,1,d0fa5a3c.Image1.062740.jpg
8ce2416c,QC26070078,1,8ce2416c.Image1.062745.jpg
8ce2416c,QC26070078,2,8ce2416c.Image2.062745.jpg
e3717b87,QC26070078,1,e3717b87.Image1.062754.jpg
e25c1223,QC26070078,1,e25c1223.Image1.062801.jpg
e25c1223,QC26070078,2,e25c1223.Image2.062801.jpg
7a188d11,QC26070079,1,7a188d11.Image1.063629.jpg
4149cade,QC26070079,1,4149cade.Image1.063635.jpg
4149cade,QC26070079,2,4149cade.Image2.063635.jpg
4149cade,QC26070079,3,4149cade.Image3.063635.jpg
90297554,QC26070079,1,90297554.Image1.063641.jpg
90297554,QC26070079,2,90297554.Image2.063641.jpg
260d154d,QC26070079,1,260d154d.Image1.063648.jpg
cbba0ebf,QC26070079,1,cbba0ebf.Image1.063656.jpg
141f59b5,QC26070079,1,141f59b5.Image1.063701.jpg
114cc443,QC26070080,1,114cc443.Image1.065006.jpg
f81a1aa8,QC26070080,1,f81a1aa8.Image1.065012.jpg
f81a1aa8,QC26070080,2,f81a1aa8.Image2.065012.jpg
fc1bd4a8,QC26070080,1,fc1bd4a8.Image1.065017.jpg
1bb72f1f,QC26070080,1,1bb72f1f.Image1.065022.jpg
e3a261ea,QC26070081,1,e3a261ea.Image1.065542.jpg
f69aa0f5,QC26070081,1,f69aa0f5.Image1.065548.jpg
f69aa0f5,QC26070081,2,f69aa0f5.Image2.065548.jpg
8fd3c59c,QC26070081,1,8fd3c59c.Image1.065554.jpg
8a53d405,QC26070081,1,8a53d405.Image1.065559.jpg
dc72c34d,QC26070081,1,dc72c34d.Image1.065604.jpg
361cb51a,QC26070081,1,361cb51a.Image1.065609.jpg
e6312d96,QC26070082,1,e6312d96.Image1.071426.jpg
5ec52e35,QC26070082,1,5ec52e35.Image1.071434.jpg
5ec52e35,QC26070082,2,5ec52e35.Image2.071434.jpg
0f90490e,QC26070082,1,0f90490e.Image1.071440.jpg
c8dffd65,QC26070083,1,c8dffd65.Image1.073507.jpg
00a09eb6,QC26070083,1,00a09eb6.Image1.073513.jpg
00a09eb6,QC26070083,2,00a09eb6.Image2.073513.jpg
aa502f99,QC26070083,1,aa502f99.Image1.073518.jpg
36741e0c,QC26070083,1,36741e0c.Image1.073523.jpg
90767634,QC26070083,1,90767634.Image1.073528.jpg
c72a3c41,QC26070083,1,c72a3c41.Image1.073535.jpg
96cba5eb,QC26070083,1,96cba5eb.Image1.073540.jpg
2629fb69,QC26070083,1,2629fb69.Image1.073545.jpg
3264c809,QC26070084,1,3264c809.Image1.074459.jpg
35df7abe,QC26070084,1,35df7abe.Image1.074506.jpg
35df7abe,QC26070084,2,35df7abe.Image2.074506.jpg
d4a6d9aa,QC26070084,1,d4a6d9aa.Image1.074511.jpg
d4a6d9aa,QC26070084,2,d4a6d9aa.Image2.074512.jpg
99b89d10,QC26070084,1,99b89d10.Image1.074518.jpg
99b89d10,QC26070084,2,99b89d10.Image2.074518.jpg
5c3da959,QC26070084,1,5c3da959.Image1.074523.jpg
5c3da959,QC26070084,2,5c3da959.Image2.074523.jpg
a00186d7,QC26070084,1,a00186d7.Image1.074533.jpg
d6ac9e95,QC26070085,1,d6ac9e95.Image1.075411.jpg
6c6ae847,QC26070085,1,6c6ae847.Image1.075417.jpg
6c6ae847,QC26070085,2,6c6ae847.Image2.075417.jpg
50745f9b,QC26070085,1,50745f9b.Image1.075424.jpg
6dc121ae,QC26070085,1,6dc121ae.Image1.075429.jpg
a73d9803,QC26070085,1,a73d9803.Image1.075434.jpg
4cc3a92c,QC26070086,1,4cc3a92c.Image1.102624.jpg
4cc3a92c,QC26070086,2,4cc3a92c.Image2.102624.jpg
80fd037e,QC26070086,1,80fd037e.Image1.102630.jpg
80fd037e,QC26070086,2,80fd037e.Image2.102630.jpg
9c117bfa,QC26070086,1,9c117bfa.Image1.102636.jpg
9c117bfa,QC26070086,2,9c117bfa.Image2.102636.jpg
ab7b894b,QC26070086,1,ab7b894b.Image1.102641.jpg
c3a13999,QC26070087,1,c3a13999.Image1.045335.jpg
ffbdeaf4,QC26070087,1,ffbdeaf4.Image1.045339.jpg
1ac14cea,QC26070087,1,1ac14cea.Image1.045345.jpg
62b23763,QC26070087,1,62b23763.Image1.045349.jpg
12406454,QC26070087,1,12406454.Image1.045356.jpg
21879a27,QC26070087,1,21879a27.Image1.045401.jpg
825723c8,QC26070088,1,825723c8.Image1.012536.jpg
8aa76f44,QC26070088,1,8aa76f44.Image1.012541.jpg
8aa76f44,QC26070088,2,8aa76f44.Image2.012541.jpg
8aa76f44,QC26070088,3,8aa76f44.Image3.012541.jpg
9bd41391,QC26070088,1,9bd41391.Image1.012549.jpg
fa81c927,QC26070088,1,fa81c927.Image1.012554.jpg
ea351c96,QC26070088,1,ea351c96.Image1.012601.jpg
013c601a,QC26070088,1,013c601a.Image1.012609.jpg
ecba67d0,QC26070089,1,ecba67d0.Image1.013420.jpg
346b10c6,QC26070089,1,346b10c6.Image1.013426.jpg
346b10c6,QC26070089,2,346b10c6.Image2.013426.jpg
c8532059,QC26070089,1,c8532059.Image1.013432.jpg
016f5e46,QC26070089,1,016f5e46.Image1.013438.jpg
016f5e46,QC26070089,2,016f5e46.Image2.013438.jpg
68a79fd7,QC26070089,1,68a79fd7.Image1.013445.jpg
d7613057,QC26060275,1,d7613057.Image1.014440.jpg
d7613057,QC26060275,2,d7613057.Image2.014440.jpg
d7613057,QC26060275,3,d7613057.Image3.014440.jpg
73f7bc3e,QC26060275,1,73f7bc3e.Image1.014447.jpg
8f5519db,QC26070090,1,8f5519db.Image1.015759.jpg
8f5519db,QC26070090,2,8f5519db.Image2.015759.jpg
0040a4fc,QC26070090,1,0040a4fc.Image1.015806.jpg
0040a4fc,QC26070090,2,0040a4fc.Image2.015806.jpg
0040a4fc,QC26070090,3,0040a4fc.Image3.015806.jpg
45fbb00a,QC26070090,1,45fbb00a.Image1.015812.jpg
45fbb00a,QC26070090,2,45fbb00a.Image2.015812.jpg
0e7ac5c2,QC26070090,1,0e7ac5c2.Image1.015819.jpg
f5737edf,QC26070091,1,f5737edf.Image1.022145.jpg
c12eebb8,QC26070091,1,c12eebb8.Image1.022157.jpg
cbd813ad,QC26070091,1,cbd813ad.Image1.022204.jpg
cbd813ad,QC26070091,2,cbd813ad.Image2.022204.jpg
a68a8ba4,QC26070091,1,a68a8ba4.Image1.022208.jpg
a68a8ba4,QC26070091,2,a68a8ba4.Image2.022208.jpg
344329dd,QC26070091,1,344329dd.Image1.022213.jpg
fc9eb218,QC26070091,1,fc9eb218.Image1.022219.jpg
3b075635,QC26070091,1,3b075635.Image1.022225.jpg
63c5be14,QC26070091,1,63c5be14.Image1.022230.jpg
7d3e0270,QC26070091,1,7d3e0270.Image1.022237.jpg
e7d734bf,QC26070091,1,e7d734bf.Image1.022241.jpg
2df62e7c,QC26070091,1,2df62e7c.Image1.022248.jpg
2df62e7c,QC26070091,2,2df62e7c.Image2.022248.jpg
902a47ed,QC26070091,1,902a47ed.Image1.022254.jpg
902a47ed,QC26070091,2,902a47ed.Image2.022254.jpg
85740e3e,QC26070092,1,85740e3e.Image1.023931.jpg
4b493b2d,QC26070092,1,4b493b2d.Image1.023936.jpg
4b493b2d,QC26070092,2,4b493b2d.Image2.023936.jpg
4b493b2d,QC26070092,3,4b493b2d.Image3.023936.jpg
08fcaf50,QC26070092,1,08fcaf50.Image1.023941.jpg
08fcaf50,QC26070092,2,08fcaf50.Image2.023941.jpg
7a46dd16,QC26070092,1,7a46dd16.Image1.023947.jpg
7a46dd16,QC26070092,2,7a46dd16.Image2.023947.jpg
7a46dd16,QC26070092,3,7a46dd16.Image3.023947.jpg
982296b4,QC26070092,1,982296b4.Image1.023951.jpg
8ca8ebd2,QC26070092,1,8ca8ebd2.Image1.023957.jpg
8ca8ebd2,QC26070092,2,8ca8ebd2.Image2.023957.jpg
b626c4b0,QC26070092,1,b626c4b0.Image1.024003.jpg
4b5a21f4,QC26070093,1,4b5a21f4.Image1.024929.jpg
49f89fe6,QC26070093,1,49f89fe6.Image1.024934.jpg
5968b922,QC26070093,1,5968b922.Image1.024939.jpg
3a3ea2ed,QC26070094,1,3a3ea2ed.Image1.063009.jpg
c43368eb,QC26070094,1,c43368eb.Image1.063015.jpg
1527a009,QC26070094,1,1527a009.Image1.063020.jpg
7f8e621b,QC26070094,1,7f8e621b.Image1.063026.jpg
7f8e621b,QC26070094,2,7f8e621b.Image2.063026.jpg
7f8e621b,QC26070094,3,7f8e621b.Image3.063026.jpg
e68dd515,QC26070094,1,e68dd515.Image1.063032.jpg
e888e133,QC26070095,1,e888e133.Image1.064751.jpg
bfd9e6ca,QC26070095,1,bfd9e6ca.Image1.064757.jpg
a685f1b2,QC26070095,1,a685f1b2.Image1.064803.jpg
a685f1b2,QC26070095,2,a685f1b2.Image2.064803.jpg
5bd37614,QC26070095,1,5bd37614.Image1.064809.jpg
e312753b,QC26070095,1,e312753b.Image1.064815.jpg
838ce06e,QC26070095,1,838ce06e.Image1.064821.jpg
39a28902,QC26070095,1,39a28902.Image1.064827.jpg
39a28902,QC26070095,2,39a28902.Image2.064827.jpg
c873e6d9,QC26070095,1,c873e6d9.Image1.064834.jpg
0dbe7300,QC26070096,1,0dbe7300.Image1.070057.jpg
6594d842,QC26070096,1,6594d842.Image1.070103.jpg
6594d842,QC26070096,2,6594d842.Image2.070103.jpg
5915c853,QC26070096,1,5915c853.Image1.070108.jpg
6bf7225b,QC26070096,1,6bf7225b.Image1.070114.jpg
f0a48cd2,QC26070096,1,f0a48cd2.Image1.070121.jpg
1c9feb3f,QC26070096,1,1c9feb3f.Image1.070127.jpg
9fedfd67,QC26070097,1,9fedfd67.Image1.070925.jpg
34756593,QC26070097,1,34756593.Image1.070930.jpg
60be4b29,QC26070097,1,60be4b29.Image1.070935.jpg
017420dc,QC26070097,1,017420dc.Image1.070941.jpg
706824d9,QC26070097,1,706824d9.Image1.070947.jpg
5d158d6a,QC26070098,1,5d158d6a.Image1.071833.jpg
ff43277c,QC26070098,1,ff43277c.Image1.071839.jpg
ff43277c,QC26070098,2,ff43277c.Image2.071839.jpg
30dc446f,QC26070098,1,30dc446f.Image1.071845.jpg
30dc446f,QC26070098,2,30dc446f.Image2.071845.jpg
f70ee8d3,QC26070098,1,f70ee8d3.Image1.071852.jpg
0ffd79c4,QC26070098,1,0ffd79c4.Image1.071856.jpg
4b1ecd3d,QC26070098,1,4b1ecd3d.Image1.071901.jpg
f0cbd0d6,QC26070099,1,f0cbd0d6.Image1.072846.jpg
f674a4a6,QC26070099,1,f674a4a6.Image1.072853.jpg
5794777b,QC26070099,1,5794777b.Image1.072858.jpg
585cbed3,QC26070099,1,585cbed3.Image1.072904.jpg
4c5f4db1,QC26070099,1,4c5f4db1.Image1.072909.jpg
d0804099,QC26070099,1,d0804099.Image1.072914.jpg
b7f4ca00,QC26070100,1,b7f4ca00.Image1.042106.jpg
4eb685ba,QC26070100,1,4eb685ba.Image1.042112.jpg
4eb685ba,QC26070100,2,4eb685ba.Image2.042112.jpg
4eb685ba,QC26070100,3,4eb685ba.Image3.042112.jpg
99487cfe,QC26070100,1,99487cfe.Image1.042119.jpg
99487cfe,QC26070100,2,99487cfe.Image2.042119.jpg
b670f962,QC26070100,1,b670f962.Image1.042124.jpg
0b0d5975,QC26070100,1,0b0d5975.Image1.042130.jpg
a585f8e8,QC26070101,1,a585f8e8.Image1.045727.jpg
dad9df6c,QC26070101,1,dad9df6c.Image1.045733.jpg
dad9df6c,QC26070101,2,dad9df6c.Image2.045733.jpg
162627db,QC26070101,1,162627db.Image1.045739.jpg
fc296aa4,QC26070101,1,fc296aa4.Image1.045745.jpg
7ff313ff,QC26070101,1,7ff313ff.Image1.045750.jpg
36a9f146,QC26070101,1,36a9f146.Image1.045758.jpg
197d14cd,QC26070102,1,197d14cd.Image1.061839.jpg
9b8d1d96,QC26070102,1,9b8d1d96.Image1.061845.jpg
f22835f1,QC26070102,1,f22835f1.Image1.061853.jpg
392766be,QC26070102,1,392766be.Image1.061900.jpg
81277abd,QC26070102,1,81277abd.Image1.061906.jpg
81277abd,QC26070102,2,81277abd.Image2.061906.jpg
eb81ea84,QC26070103,1,eb81ea84.Image1.065901.jpg
838a2f62,QC26070103,1,838a2f62.Image1.065909.jpg
838a2f62,QC26070103,2,838a2f62.Image2.065909.jpg
306a9020,QC26070103,1,306a9020.Image1.065916.jpg
4520ce10,QC26070103,1,4520ce10.Image1.065922.jpg
4df5e5c8,QC26070104,1,4df5e5c8.Image1.071616.jpg
4df5e5c8,QC26070104,2,4df5e5c8.Image2.071616.jpg
4df5e5c8,QC26070104,3,4df5e5c8.Image3.071616.jpg
443539c3,QC26070104,1,443539c3.Image1.071624.jpg
443539c3,QC26070104,2,443539c3.Image2.071624.jpg
443539c3,QC26070104,3,443539c3.Image3.071624.jpg
6626acd0,QC26070104,1,6626acd0.Image1.071629.jpg
47163799,QC26070104,1,47163799.Image1.071640.jpg
472ee65d,QC26070105,1,472ee65d.Image1.082055.jpg
472ee65d,QC26070105,2,472ee65d.Image2.082055.jpg
5bab069c,QC26070105,1,5bab069c.Image1.082100.jpg
5bab069c,QC26070105,2,5bab069c.Image2.082100.jpg
5964efee,QC26070105,1,5964efee.Image1.082107.jpg
f06fdc72,QC26070105,1,f06fdc72.Image1.082114.jpg
166404d4,QC26070105,1,166404d4.Image1.082118.jpg
e8572a5e,QC26070105,1,e8572a5e.Image1.082123.jpg
715effa8,QC26070105,1,715effa8.Image1.082127.jpg
715effa8,QC26070105,2,715effa8.Image2.082127.jpg
badc9f26,QC26070106,1,badc9f26.Image1.083023.jpg
badc9f26,QC26070106,2,badc9f26.Image2.083023.jpg
badc9f26,QC26070106,3,badc9f26.Image3.083023.jpg
035671f9,QC26070106,1,035671f9.Image1.083029.jpg
035671f9,QC26070106,2,035671f9.Image2.083029.jpg
035671f9,QC26070106,3,035671f9.Image3.083029.jpg
579baea7,QC26070106,1,579baea7.Image1.083035.jpg
579baea7,QC26070106,2,579baea7.Image2.083035.jpg
c322d9df,QC26070106,1,c322d9df.Image1.083040.jpg
9eafba7d,QC26070106,1,9eafba7d.Image1.083046.jpg
d9b5bd1a,QC26070106,1,d9b5bd1a.Image1.083052.jpg
d9b5bd1a,QC26070106,2,d9b5bd1a.Image2.083052.jpg
d9b5bd1a,QC26070106,3,d9b5bd1a.Image3.083052.jpg
ed7a7f8f,QC26070107,1,ed7a7f8f.Image1.083807.jpg
ed7a7f8f,QC26070107,2,ed7a7f8f.Image2.083807.jpg
958dab7e,QC26070107,1,958dab7e.Image1.083812.jpg
958dab7e,QC26070107,2,958dab7e.Image2.083812.jpg
958dab7e,QC26070107,3,958dab7e.Image3.083812.jpg
969ad364,QC26070108,1,969ad364.Image1.014941.jpg
969ad364,QC26070108,2,969ad364.Image2.014941.jpg
c13af2ea,QC26070108,1,c13af2ea.Image1.014947.jpg
c13af2ea,QC26070108,2,c13af2ea.Image2.014947.jpg
9fcf187b,QC26070108,1,9fcf187b.Image1.014954.jpg
9fcf187b,QC26070108,2,9fcf187b.Image2.014954.jpg
68927671,QC26070108,1,68927671.Image1.015000.jpg
68927671,QC26070108,2,68927671.Image2.015000.jpg
8b7b14f7,QC26070108,1,8b7b14f7.Image1.015005.jpg
3ea15138,QC26070108,1,3ea15138.Image1.015011.jpg
05e7e64c,QC26070108,1,05e7e64c.Image1.015017.jpg
05e7e64c,QC26070108,2,05e7e64c.Image2.015017.jpg
ac74b6e0,QC26070108,1,ac74b6e0.Image1.015023.jpg
894ef41d,QC26070109,1,894ef41d.Image1.020313.jpg
894ef41d,QC26070109,2,894ef41d.Image2.020313.jpg
894ef41d,QC26070109,3,894ef41d.Image3.020313.jpg
1582b675,QC26070109,1,1582b675.Image1.020319.jpg
0be44b89,QC26070109,1,0be44b89.Image1.020324.jpg
3feb453b,QC26070109,1,3feb453b.Image1.020329.jpg
c4fef91d,QC26070109,1,c4fef91d.Image1.020334.jpg
0ea6ca59,QC26070109,1,0ea6ca59.Image1.020342.jpg
34ef7346,QC26070109,1,34ef7346.Image1.020351.jpg
1d7f6e32,QC26070110,1,1d7f6e32.Image1.021012.jpg
ce3de95e,QC26070110,1,ce3de95e.Image1.021017.jpg
ce3de95e,QC26070110,2,ce3de95e.Image2.021017.jpg
ba464c38,QC26070110,1,ba464c38.Image1.021022.jpg
5a168941,QC26070110,1,5a168941.Image1.021029.jpg
5a168941,QC26070110,2,5a168941.Image2.021029.jpg
b29c8622,QC26070110,1,b29c8622.Image1.021036.jpg
ae1b7358,QC26070110,1,ae1b7358.Image1.021041.jpg
f89355b7,QC26070111,1,f89355b7.Image1.022339.jpg
f89355b7,QC26070111,2,f89355b7.Image2.022339.jpg
f89355b7,QC26070111,3,f89355b7.Image3.022339.jpg
10b903e1,QC26070111,1,10b903e1.Image1.022345.jpg
10b903e1,QC26070111,2,10b903e1.Image2.022345.jpg
10b903e1,QC26070111,3,10b903e1.Image3.022345.jpg
6a33c3dc,QC26070111,1,6a33c3dc.Image1.022350.jpg
6a33c3dc,QC26070111,2,6a33c3dc.Image2.022350.jpg
e4269443,QC26070111,1,e4269443.Image1.022355.jpg
fd1f6c69,QC26070111,1,fd1f6c69.Image1.022400.jpg
da6d8287,QC26070111,1,da6d8287.Image1.022405.jpg
eabe8131,QC26070112,1,eabe8131.Image1.060826.jpg
1d922f8b,QC26070112,1,1d922f8b.Image1.060832.jpg
1d922f8b,QC26070112,2,1d922f8b.Image2.060832.jpg
eecd075f,QC26070112,1,eecd075f.Image1.060839.jpg
eecd075f,QC26070112,2,eecd075f.Image2.060839.jpg
66e11ceb,QC26070112,1,66e11ceb.Image1.060846.jpg
66e11ceb,QC26070112,2,66e11ceb.Image2.060846.jpg
cf2c782e,QC26070112,1,cf2c782e.Image1.060852.jpg
cf2c782e,QC26070112,2,cf2c782e.Image2.060852.jpg
09f12023,QC26070112,1,09f12023.Image1.060858.jpg
82d9a958,QC26070112,1,82d9a958.Image1.060903.jpg
b6ac3139,QC26070115,1,b6ac3139.Image1.062506.jpg
c9d2d2e1,QC26070115,1,c9d2d2e1.Image1.062511.jpg
0c7171ac,QC26070115,1,0c7171ac.Image1.062521.jpg
78044b93,QC26070118,1,78044b93.Image1.074117.jpg
78044b93,QC26070118,2,78044b93.Image2.074117.jpg
df362e47,QC26070118,1,df362e47.Image1.074122.jpg
df362e47,QC26070118,2,df362e47.Image2.074122.jpg
df362e47,QC26070118,3,df362e47.Image3.074122.jpg
780c0204,QC26070118,1,780c0204.Image1.074128.jpg
780c0204,QC26070118,2,780c0204.Image2.074128.jpg
037c4b7b,QC26070118,1,037c4b7b.Image1.074136.jpg
2c3b60c9,QC26070118,1,2c3b60c9.Image1.074141.jpg
2c3b60c9,QC26070118,2,2c3b60c9.Image2.074141.jpg
2c3b60c9,QC26070118,3,2c3b60c9.Image3.074141.jpg
40669b59,QC26070118,1,40669b59.Image1.074147.jpg
40669b59,QC26070118,2,40669b59.Image2.074147.jpg
230a8f23,QC26070118,1,230a8f23.Image1.074153.jpg
54b2fe47,QC26070119,1,54b2fe47.Image1.014813.jpg
78e7f0c8,QC26070119,1,78e7f0c8.Image1.014821.jpg
4175b469,QC26070119,1,4175b469.Image1.014829.jpg
13940f0d,QC26070119,1,13940f0d.Image1.014828.jpg
52cb766a,QC26070119,1,52cb766a.Image1.014836.jpg
84bc8afc,QC26070120,1,84bc8afc.Image1.032727.jpg
3677080d,QC26070120,1,3677080d.Image1.032732.jpg
3677080d,QC26070120,2,3677080d.Image2.032732.jpg
773fc948,QC26070120,1,773fc948.Image1.032737.jpg
773fc948,QC26070120,2,773fc948.Image2.032737.jpg
773fc948,QC26070120,3,773fc948.Image3.032737.jpg
2d4ac8e0,QC26070120,1,2d4ac8e0.Image1.032743.jpg
2d4ac8e0,QC26070120,2,2d4ac8e0.Image2.032743.jpg
aef890be,QC26070120,1,aef890be.Image1.032749.jpg
aef890be,QC26070120,2,aef890be.Image2.032749.jpg
b46de05f,QC26070121,1,b46de05f.Image1.034051.jpg
aaefe63e,QC26070121,1,aaefe63e.Image1.034056.jpg
aaefe63e,QC26070121,2,aaefe63e.Image2.034056.jpg
aaefe63e,QC26070121,3,aaefe63e.Image3.034056.jpg
569e6f23,QC26070121,1,569e6f23.Image1.034101.jpg
569e6f23,QC26070121,2,569e6f23.Image2.034101.jpg
569e6f23,QC26070121,3,569e6f23.Image3.034101.jpg
74122728,QC26070121,1,74122728.Image1.034107.jpg
74122728,QC26070121,2,74122728.Image2.034107.jpg
0be050ee,QC26070121,1,0be050ee.Image1.034112.jpg
cdd26f57,QC26070121,1,cdd26f57.Image1.034118.jpg
27e97e39,QC26070121,1,27e97e39.Image1.034124.jpg
ace81c25,QC26070121,1,ace81c25.Image1.034131.jpg
49b58917,QC26070122,1,49b58917.Image1.035643.jpg
e15cd86b,QC26070122,1,e15cd86b.Image1.035649.jpg
f931d628,QC26070122,1,f931d628.Image1.035654.jpg
f931d628,QC26070122,2,f931d628.Image2.035654.jpg
19c0d9ca,QC26070122,1,19c0d9ca.Image1.035700.jpg
19c0d9ca,QC26070122,2,19c0d9ca.Image2.035700.jpg
340e0aa4,QC26070122,1,340e0aa4.Image1.035706.jpg
c3709aa6,QC26070122,1,c3709aa6.Image1.035712.jpg
a90809d4,QC26070122,1,a90809d4.Image1.035719.jpg
a90809d4,QC26070122,2,a90809d4.Image2.035719.jpg
41935258,QC26070123,1,41935258.Image1.040257.jpg
41935258,QC26070123,2,41935258.Image2.040257.jpg
8780bcff,QC26070123,1,8780bcff.Image1.040306.jpg
b29bd69f,QC26070123,1,b29bd69f.Image1.040316.jpg
b29bd69f,QC26070123,2,b29bd69f.Image2.040316.jpg
9bb9fbf5,QC26070124,1,9bb9fbf5.Image1.041257.jpg
ea4ccb99,QC26070124,1,ea4ccb99.Image1.041303.jpg
ea4ccb99,QC26070124,2,ea4ccb99.Image2.041303.jpg
59fa65cb,QC26070124,1,59fa65cb.Image1.041309.jpg
d5a861ea,QC26070124,1,d5a861ea.Image1.041315.jpg
12823fb4,QC26070124,1,12823fb4.Image1.041321.jpg
377f15dc,QC26070124,1,377f15dc.Image1.041327.jpg
67a2f6c1,QC26070124,1,67a2f6c1.Image1.041333.jpg
84809fb6,QC26070124,1,84809fb6.Image1.041339.jpg
fa84dcab,QC26070125,1,fa84dcab.Image1.084730.jpg
8256f1ec,QC26070126,1,8256f1ec.Image1.085023.jpg
a09326db,QC26070127,1,a09326db.Image1.031835.jpg
a09326db,QC26070127,2,a09326db.Image2.031835.jpg
65c9ff9c,QC26070128,1,65c9ff9c.Image1.041116.jpg
65c9ff9c,QC26070128,2,65c9ff9c.Image2.041116.jpg
65c9ff9c,QC26070128,3,65c9ff9c.Image3.041116.jpg
fa7308fb,QC26070128,1,fa7308fb.Image1.041122.jpg
fa7308fb,QC26070128,2,fa7308fb.Image2.041122.jpg
fa7308fb,QC26070128,3,fa7308fb.Image3.041122.jpg
4ef15f66,QC26070129,1,4ef15f66.Image1.042157.jpg
356ef861,QC26070129,1,356ef861.Image1.042202.jpg
5311eb89,QC26070129,1,5311eb89.Image1.042220.jpg
5f321b14,QC26070129,1,5f321b14.Image1.042225.jpg
094ad9d6,QC26070130,1,094ad9d6.Image1.044546.jpg
aac61a47,QC26070130,1,aac61a47.Image1.044551.jpg
a7178551,QC26070130,1,a7178551.Image1.044556.jpg
24f967be,QC26070130,1,24f967be.Image1.044602.jpg
24f967be,QC26070130,2,24f967be.Image2.044602.jpg
f3d8d173,QC26070130,1,f3d8d173.Image1.044609.jpg
f3d8d173,QC26070130,2,f3d8d173.Image2.044609.jpg
0d542b57,QC26070130,1,0d542b57.Image1.044615.jpg
3a6abf84,QC26070130,1,3a6abf84.Image1.044619.jpg
3a6abf84,QC26070130,2,3a6abf84.Image2.044619.jpg
15d28fe8,QC26070130,1,15d28fe8.Image1.044623.jpg
fdcbef65,QC26070130,1,fdcbef65.Image1.044628.jpg
5cfa9e3f,QC26070130,1,5cfa9e3f.Image1.044633.jpg
b5f016f3,QC26070130,1,b5f016f3.Image1.044638.jpg
d8e2b1c2,QC26070130,1,d8e2b1c2.Image1.044643.jpg
eae0754a,QC26070131,1,eae0754a.Image1.072714.jpg
eae0754a,QC26070131,2,eae0754a.Image2.072714.jpg
15c79479,QC26070131,1,15c79479.Image1.072721.jpg
f22d699a,QC26070131,1,f22d699a.Image1.072726.jpg
ba503408,QC26070131,1,ba503408.Image1.072732.jpg
521d0da5,QC26070131,1,521d0da5.Image1.072737.jpg
db8578e2,QC26070132,1,db8578e2.Image1.094140.jpg
47be2db3,QC26070132,1,47be2db3.Image1.094145.jpg
3de83c87,QC26070132,1,3de83c87.Image1.094150.jpg
3de83c87,QC26070132,2,3de83c87.Image2.094150.jpg
22cbf34d,QC26070132,1,22cbf34d.Image1.094154.jpg
e23dc5b2,QC26070132,1,e23dc5b2.Image1.094200.jpg
e23dc5b2,QC26070132,2,e23dc5b2.Image2.094200.jpg
9a6e5ebc,QC26070132,1,9a6e5ebc.Image1.094205.jpg
ba02a8c7,QC26070132,1,ba02a8c7.Image1.094209.jpg
0258226a,QC26070132,1,0258226a.Image1.094215.jpg
3f670d76,QC26070132,1,3f670d76.Image1.094220.jpg
e220d8c8,QC26070132,1,e220d8c8.Image1.094227.jpg
567e195a,QC26070132,1,567e195a.Image1.094232.jpg
8a1de4b6,QC26070133,1,8a1de4b6.Image1.012104.jpg
8a1de4b6,QC26070133,2,8a1de4b6.Image2.012104.jpg
8a1de4b6,QC26070133,3,8a1de4b6.Image3.012104.jpg
6a050d8a,QC26070133,1,6a050d8a.Image1.012112.jpg
4bc709e5,QC26070133,1,4bc709e5.Image1.012117.jpg
4bc709e5,QC26070133,2,4bc709e5.Image2.012117.jpg
4bc709e5,QC26070133,3,4bc709e5.Image3.012117.jpg
bdd20cb8,QC26070133,1,bdd20cb8.Image1.012122.jpg
bdd20cb8,QC26070133,2,bdd20cb8.Image2.012122.jpg
8ff49882,QC26070133,1,8ff49882.Image1.012127.jpg
abb859cd,QC26070133,1,abb859cd.Image1.012132.jpg
6c11bb2e,QC26070133,1,6c11bb2e.Image1.012139.jpg
97d6d853,QC26070134,1,97d6d853.Image1.025637.jpg
97d6d853,QC26070134,2,97d6d853.Image2.025637.jpg
97d6d853,QC26070134,3,97d6d853.Image3.025637.jpg
6112c79d,QC26070134,1,6112c79d.Image1.025644.jpg
f0cdc45c,QC26070134,1,f0cdc45c.Image1.025649.jpg
c3e752a7,QC26070134,1,c3e752a7.Image1.025653.jpg
f31af8ea,QC26070135,1,f31af8ea.Image1.032805.jpg
f31af8ea,QC26070135,2,f31af8ea.Image2.032805.jpg
f31af8ea,QC26070135,3,f31af8ea.Image3.032805.jpg
a6690a0f,QC26070135,1,a6690a0f.Image1.032812.jpg
a6690a0f,QC26070135,2,a6690a0f.Image2.032812.jpg
acd26efc,QC26070135,1,acd26efc.Image1.032818.jpg
acd26efc,QC26070135,2,acd26efc.Image2.032818.jpg
064225fb,QC26070135,1,064225fb.Image1.032824.jpg
80c1fb3f,QC26070135,1,80c1fb3f.Image1.032829.jpg
80c1fb3f,QC26070135,2,80c1fb3f.Image2.032829.jpg
cd1b23b3,QC26070135,1,cd1b23b3.Image1.032834.jpg
c585f242,QC26070136,1,c585f242.Image1.033916.jpg
c585f242,QC26070136,2,c585f242.Image2.033916.jpg
88c6a4d7,QC26070136,1,88c6a4d7.Image1.033923.jpg
88c6a4d7,QC26070136,2,88c6a4d7.Image2.033923.jpg
20ce232e,QC26070136,1,20ce232e.Image1.033928.jpg
91da10f5,QC26070136,1,91da10f5.Image1.033934.jpg
99aff162,QC26070136,1,99aff162.Image1.033939.jpg
c2ae7c2a,QC26070137,1,c2ae7c2a.Image1.035728.jpg
f8ce43ed,QC26070137,1,f8ce43ed.Image1.035734.jpg
f8ce43ed,QC26070137,2,f8ce43ed.Image2.035734.jpg
f8ce43ed,QC26070137,3,f8ce43ed.Image3.035734.jpg
1120641a,QC26070137,1,1120641a.Image1.035743.jpg
6ee4363c,QC26070137,1,6ee4363c.Image1.035749.jpg
0ef0c1f3,QC26070137,1,0ef0c1f3.Image1.035755.jpg
bb67e878,QC26070137,1,bb67e878.Image1.035800.jpg
22a38731,QC26070137,1,22a38731.Image1.035806.jpg
75ea0fa1,QC26070137,1,75ea0fa1.Image1.035811.jpg
64733cac,QC26070138,1,64733cac.Image1.041205.jpg
897b422f,QC26070138,1,897b422f.Image1.041211.jpg
7105a63b,QC26070138,1,7105a63b.Image1.041216.jpg
ba929f76,QC26070138,1,ba929f76.Image1.041222.jpg
bcb1ed19,QC26070138,1,bcb1ed19.Image1.041227.jpg
57d90c0a,QC26070138,1,57d90c0a.Image1.041232.jpg
30c4d7c0,QC26070138,1,30c4d7c0.Image1.041237.jpg
97d194b9,QC26070139,1,97d194b9.Image1.041757.jpg
97d194b9,QC26070139,2,97d194b9.Image2.041757.jpg
97d194b9,QC26070139,3,97d194b9.Image3.041757.jpg
cedf432a,QC26070139,1,cedf432a.Image1.041804.jpg
9d052647,QC26070139,1,9d052647.Image1.041810.jpg
2d1b1333,QC26070139,1,2d1b1333.Image1.041814.jpg
c5317522,QC26070139,1,c5317522.Image1.041821.jpg
cbfca00d,QC26070140,1,cbfca00d.Image1.044348.png
cbfca00d,QC26070140,2,cbfca00d.Image2.044348.png
caa43a9d,QC26070140,1,caa43a9d.Image1.044355.png
f9d15844,QC26070140,1,f9d15844.Image1.044402.png
5183a04f,QC26070140,1,5183a04f.Image1.044408.png
c4c18b0b,QC26070140,1,c4c18b0b.Image1.044414.png
dc2f9225,QC26070142,1,dc2f9225.Image1.061616.jpg
0d573073,QC26070142,1,0d573073.Image1.061621.jpg
0d573073,QC26070142,2,0d573073.Image2.061621.jpg
0d573073,QC26070142,3,0d573073.Image3.061621.jpg
188ced67,QC26070142,1,188ced67.Image1.061634.jpg
7ff02b76,QC26070142,1,7ff02b76.Image1.061638.jpg
9520fd11,QC26070142,1,9520fd11.Image1.062135.jpg
b9fe4bb7,QC26070142,1,b9fe4bb7.Image1.062142.jpg
f6632fad,QC26070142,1,f6632fad.Image1.062404.jpg
6dae72e1,QC26070142,1,6dae72e1.Image1.062409.jpg
aeb06dfe,QC26070142,1,aeb06dfe.Image1.062416.jpg
aeb06dfe,QC26070142,2,aeb06dfe.Image2.062416.jpg
aeb06dfe,QC26070142,3,aeb06dfe.Image3.062416.jpg
1698c265,QC26070143,1,1698c265.Image1.075445.jpg
69a3bb99,QC26070144,1,69a3bb99.Image1.080511.jpg
a0d89ee5,QC26070144,1,a0d89ee5.Image1.080517.jpg
b161c647,QC26070144,1,b161c647.Image1.080525.jpg
d08cd278,QC26070144,1,d08cd278.Image1.080529.jpg
4d575474,QC26070145,1,4d575474.Image1.014233.jpg
c27e6c45,QC26070145,1,c27e6c45.Image1.014238.jpg
4734ac5f,QC26070145,1,4734ac5f.Image1.014244.jpg
0c4d31e8,QC26070145,1,0c4d31e8.Image1.014250.jpg
1fc193a9,QC26070146,1,1fc193a9.Image1.021104.jpg
1fc193a9,QC26070146,2,1fc193a9.Image2.021104.jpg
5fb04aa4,QC26070146,1,5fb04aa4.Image1.021110.jpg
8a19e78a,QC26070146,1,8a19e78a.Image1.021115.jpg
cd7130f1,QC26070146,1,cd7130f1.Image1.021122.jpg
41766517,QC26070146,1,41766517.Image1.021127.jpg
4080defe,QC26070147,1,4080defe.Image1.073728.jpg
4080defe,QC26070147,2,4080defe.Image2.073728.jpg
393cd168,QC26070152,1,393cd168.Image1.043056.jpg
23fc3ecc,QC26070152,1,23fc3ecc.Image1.043104.jpg
55355060,QC26070152,1,55355060.Image1.043111.jpg
c0c44bf0,QC26070152,1,c0c44bf0.Image1.043118.jpg
ff770bb8,QC26070153,1,ff770bb8.Image1.085014.jpg
369f3d19,QC26070153,1,369f3d19.Image1.085022.jpg
369f3d19,QC26070153,2,369f3d19.Image2.085022.jpg
b94773c2,QC26070153,1,b94773c2.Image1.085027.jpg
b94773c2,QC26070153,2,b94773c2.Image2.085027.jpg
c59af8f7,QC26070153,1,c59af8f7.Image1.085033.jpg
c59af8f7,QC26070153,2,c59af8f7.Image2.085033.jpg
94e6a7d6,QC26070153,1,94e6a7d6.Image1.085039.jpg
598fe64e,QC26070153,1,598fe64e.Image1.085044.jpg
370217c4,QC26070153,1,370217c4.Image1.085051.jpg
7426b597,QC26070153,1,7426b597.Image1.085058.jpg
d6b571d8,QC26070155,1,d6b571d8.Image1.014521.jpg
313eb0fd,QC26070155,1,313eb0fd.Image1.014526.jpg
915ff6ed,QC26070155,1,915ff6ed.Image1.014531.jpg
e452871f,QC26070156,1,e452871f.Image1.015417.jpg
cbf5af15,QC26070157,1,cbf5af15.Image1.015434.jpg
3e8c305f,QC26070157,1,3e8c305f.Image1.015439.jpg
8a40bd58,QC26070157,1,8a40bd58.Image1.015445.jpg
8046d538,QC26070157,1,8046d538.Image1.015451.jpg
a59248c2,QC26070158,1,a59248c2.Image1.020850.jpg
a59248c2,QC26070158,2,a59248c2.Image2.020850.jpg
9c5644a7,QC26070158,1,9c5644a7.Image1.020856.jpg
9c5644a7,QC26070158,2,9c5644a7.Image2.020856.jpg
8376efe2,QC26070158,1,8376efe2.Image1.020902.jpg
8376efe2,QC26070158,2,8376efe2.Image2.020902.jpg
e0105a44,QC26070158,1,e0105a44.Image1.020908.jpg
e0105a44,QC26070158,2,e0105a44.Image2.020908.jpg
e0105a44,QC26070158,3,e0105a44.Image3.020908.jpg
b83c3d3a,QC26070158,1,b83c3d3a.Image1.020913.jpg
132f82ca,QC26070158,1,132f82ca.Image1.020919.jpg
132f82ca,QC26070158,2,132f82ca.Image2.020919.jpg
132f82ca,QC26070158,3,132f82ca.Image3.020919.jpg
08675c57,QC26070158,1,08675c57.Image1.020925.jpg
25847354,QC26070158,1,25847354.Image1.020930.jpg
510bf358,QC26070159,1,510bf358.Image1.021952.png
510bf358,QC26070159,2,510bf358.Image2.021952.png
6e6fabe7,QC26070159,1,6e6fabe7.Image1.021959.png
11c48867,QC26070159,1,11c48867.Image1.022006.png
5d19528f,QC26070160,1,5d19528f.Image1.022007.jpg
452d8685,QC26070159,1,452d8685.Image1.022012.png
323eb5b6,QC26070160,1,323eb5b6.Image1.022013.jpg
323eb5b6,QC26070160,2,323eb5b6.Image2.022013.jpg
e2425d45,QC26070159,1,e2425d45.Image1.022018.png
f71a939c,QC26070160,1,f71a939c.Image1.022020.jpg
f71a939c,QC26070160,2,f71a939c.Image2.022020.jpg
a2d4c1b5,QC26070159,1,a2d4c1b5.Image1.022023.png
9301a0ca,QC26070161,1,9301a0ca.Image1.023419.jpg
2e7ac043,QC26070161,1,2e7ac043.Image1.023426.jpg
e535835b,QC26070161,1,e535835b.Image1.023432.jpg
5b6caf09,QC26070161,1,5b6caf09.Image1.023437.jpg
c7d1b897,QC26070161,1,c7d1b897.Image1.023442.jpg
1346295c,QC26070162,1,1346295c.Image1.043248.jpg
912f7e1a,QC26070162,1,912f7e1a.Image1.043255.jpg
e1ed6331,QC26070162,1,e1ed6331.Image1.043301.jpg
e4e3a08c,QC26070162,1,e4e3a08c.Image1.043307.jpg
78968ba7,QC26070162,1,78968ba7.Image1.043313.jpg
f2403a46,QC26070162,1,f2403a46.Image1.043319.jpg
df25c42b,QC26070162,1,df25c42b.Image1.043324.jpg
47ae70f2,QC26070162,1,47ae70f2.Image1.043331.jpg
2c08d910,QC26080001,1,2c08d910.Image1.084703.jpg
2c08d910,QC26080001,2,2c08d910.Image2.084703.jpg
ca64508b,QC26080001,1,ca64508b.Image1.084709.jpg
cbb0b3e1,QC26080001,1,cbb0b3e1.Image1.084715.jpg
cbb0b3e1,QC26080001,2,cbb0b3e1.Image2.084715.jpg
94c457dc,QC26080001,1,94c457dc.Image1.084722.jpg
b56119f3,QC26080001,1,b56119f3.Image1.084727.jpg
4865db5c,QC26080001,1,4865db5c.Image1.084733.jpg
64419846,QC26080001,1,64419846.Image1.084739.jpg
ec9dea1a,QC26080002,1,ec9dea1a.Image1.025154.jpg
ec9dea1a,QC26080002,2,ec9dea1a.Image2.025154.jpg
8694016f,QC26080002,1,8694016f.Image1.025200.jpg
f80a7e91,QC26080002,1,f80a7e91.Image1.025206.jpg
d49ad979,QC26080002,1,d49ad979.Image1.025212.jpg
eb39c6c4,QC26080002,1,eb39c6c4.Image1.025218.jpg
f9a3f506,QC26080002,1,f9a3f506.Image1.025224.jpg
68b293da,QC26080002,1,68b293da.Image1.025229.jpg
e4644489,QC26080002,1,e4644489.Image1.025234.jpg
aceb0c1c,QC26080002,1,aceb0c1c.Image1.025239.jpg
143a99b9,QC26080002,1,143a99b9.Image1.025246.jpg
bd94477a,QC26080002,1,bd94477a.Image1.025251.jpg
9e4e4532,QC26070164,1,9e4e4532.Image1.043517.jpg
6ae5bbac,QC26070164,1,6ae5bbac.Image1.043523.jpg
35ad49a4,QC26070164,1,35ad49a4.Image1.043528.jpg
fc240a77,QC26070164,1,fc240a77.Image1.043533.jpg
82b4791d,QC26070164,1,82b4791d.Image1.043539.jpg
2d5cf567,QC26070164,1,2d5cf567.Image1.043547.jpg
1c7b0055,QC26070164,1,1c7b0055.Image1.043554.jpg
ecfa8223,QC26070164,1,ecfa8223.Image1.043600.jpg
96a9c1d7,QC26070165,1,96a9c1d7.Image1.072556.jpg
96a9c1d7,QC26070165,2,96a9c1d7.Image2.072556.jpg
96a9c1d7,QC26070165,3,96a9c1d7.Image3.072556.jpg
8c7019c5,QC26070165,1,8c7019c5.Image1.072604.jpg
8c7019c5,QC26070165,2,8c7019c5.Image2.072604.jpg
57cdc39e,QC26070165,1,57cdc39e.Image1.072610.jpg
c2c8fb86,QC26070165,1,c2c8fb86.Image1.072617.jpg
63104c10,QC26070165,1,63104c10.Image1.072622.jpg
63104c10,QC26070165,2,63104c10.Image2.072622.jpg
2daa2fa4,QC26070165,1,2daa2fa4.Image1.072628.jpg
a87ee1a6,QC26070165,1,a87ee1a6.Image1.072633.jpg
a7c96e20,QC26070165,1,a7c96e20.Image1.072640.jpg
ec610383,QC26070166,1,ec610383.Image1.073512.jpg
9f30ef97,QC26070166,1,9f30ef97.Image1.073521.jpg
9f30ef97,QC26070166,2,9f30ef97.Image2.073521.jpg
0237e5c1,QC26070166,1,0237e5c1.Image1.073527.jpg
0237e5c1,QC26070166,2,0237e5c1.Image2.073527.jpg
c1067f4a,QC26070166,1,c1067f4a.Image1.073533.jpg
9b8ba120,QC26070166,1,9b8ba120.Image1.073539.jpg
b196db73,QC26070166,1,b196db73.Image1.073544.jpg
eea47667,QC26070166,1,eea47667.Image1.073549.jpg
a829bcd7,QC26070167,1,a829bcd7.Image1.074846.jpg
a829bcd7,QC26070167,2,a829bcd7.Image2.074846.jpg
a829bcd7,QC26070167,3,a829bcd7.Image3.074846.jpg
6812cb04,QC26070167,1,6812cb04.Image1.074852.jpg
6812cb04,QC26070167,2,6812cb04.Image2.074852.jpg
99ce777b,QC26070167,1,99ce777b.Image1.074859.jpg
99ce777b,QC26070167,2,99ce777b.Image2.074859.jpg
47de5a45,QC26070167,1,47de5a45.Image1.074905.jpg
d6aeabb6,QC26070167,1,d6aeabb6.Image1.074910.jpg
d8a4b62f,QC26070167,1,d8a4b62f.Image1.074915.jpg
7553479c,QC26070167,1,7553479c.Image1.074920.jpg
96314359,QC26070167,1,96314359.Image1.074925.jpg
c0662449,QC26070168,1,c0662449.Image1.103705.jpg
c0662449,QC26070168,2,c0662449.Image2.103705.jpg
e941b3ea,QC26070168,1,e941b3ea.Image1.103727.jpg
f0e765ea,QC26070168,1,f0e765ea.Image1.103739.jpg
4bcade35,QC26070168,1,4bcade35.Image1.103751.jpg
be384ac2,QC26070168,1,be384ac2.Image1.103803.jpg
e1d0bfdd,QC26070168,1,e1d0bfdd.Image1.103815.jpg
e1d0bfdd,QC26070168,2,e1d0bfdd.Image2.103815.jpg
39b1e4b5,QC26070169,1,39b1e4b5.Image1.090305.jpg
3083f42c,QC26070169,1,3083f42c.Image1.090908.jpg
e9c1bc4a,QC26070169,1,e9c1bc4a.Image1.090920.jpg
4c06e0e0,QC26070169,1,4c06e0e0.Image1.090932.jpg
da8afeaa,QC26070169,1,da8afeaa.Image1.090944.jpg
27280031,QC26070169,1,27280031.Image1.090956.jpg
bde1dea0,QC26070169,1,bde1dea0.Image1.091009.jpg
30ec2ca9,QC26070170,1,30ec2ca9.Image1.091018.jpg
30ec2ca9,QC26070170,2,30ec2ca9.Image2.091018.jpg
30ec2ca9,QC26070170,3,30ec2ca9.Image3.091018.jpg
51483711,QC26070170,1,51483711.Image1.091029.jpg
3f68b6b2,QC26070170,1,3f68b6b2.Image1.091040.jpg
3f68b6b2,QC26070170,2,3f68b6b2.Image2.091040.jpg
0c1a3447,QC26070170,1,0c1a3447.Image1.091052.jpg
0c1a3447,QC26070170,2,0c1a3447.Image2.091052.jpg
5f56720e,QC26070170,1,5f56720e.Image1.091105.jpg
0a11a569,QC26070170,1,0a11a569.Image1.091117.jpg
17054752,QC26070170,1,17054752.Image1.091129.jpg
629d01e8,QC26070170,1,629d01e8.Image1.091142.jpg
60f532c5,QC26070170,1,60f532c5.Image1.091155.jpg
ec3cc5e1,QC26070171,1,ec3cc5e1.Image1.033512.jpg
d69176cd,QC26070171,1,d69176cd.Image1.033526.jpg
d69176cd,QC26070171,2,d69176cd.Image2.033527.jpg
e7fa70bd,QC26070171,1,e7fa70bd.Image1.033543.jpg
f09d4cc2,QC26070171,1,f09d4cc2.Image1.033558.jpg
75b87230,QC26070171,1,75b87230.Image1.033613.jpg
0f8df57f,QC26070171,1,0f8df57f.Image1.033632.jpg
fd92849f,QC26070171,1,fd92849f.Image1.033648.jpg
ab970779,QC26070171,1,ab970779.Image1.033701.jpg
f97f2e30,QC26070172,1,f97f2e30.Image1.041509.jpg
6cc11108,QC26070172,1,6cc11108.Image1.041526.jpg
b43ef78c,QC26070172,1,b43ef78c.Image1.041541.jpg
37e9f8a6,QC26070172,1,37e9f8a6.Image1.041555.jpg
5ccdb637,QC26070172,1,5ccdb637.Image1.041610.jpg
4dc062be,QC26070172,1,4dc062be.Image1.041624.jpg
fe295b2e,QC26070172,1,fe295b2e.Image1.041639.jpg
f13515e9,QC26070173,1,f13515e9.Image1.042806.jpg
f13515e9,QC26070173,2,f13515e9.Image2.042806.jpg
a84c15e1,QC26070173,1,a84c15e1.Image1.042822.jpg
14ee17d9,QC26070173,1,14ee17d9.Image1.042834.jpg
cc1b0a04,QC26070173,1,cc1b0a04.Image1.042847.jpg
55851073,QC26070173,1,55851073.Image1.042859.jpg
abb33020,QC26070174,1,abb33020.Image1.044612.jpg
1435bced,QC26070174,1,1435bced.Image1.044627.jpg
2a65837f,QC26070174,1,2a65837f.Image1.044640.jpg
6ea9b50f,QC26070174,1,6ea9b50f.Image1.044654.jpg
e0db26c0,QC26070174,1,e0db26c0.Image1.044707.jpg
8b7bc7a4,QC26070174,1,8b7bc7a4.Image1.044720.jpg
d9905f1e,QC26070175,1,d9905f1e.Image1.070242.jpg
d9905f1e,QC26070175,2,d9905f1e.Image2.070242.jpg
8016c4a1,QC26070175,1,8016c4a1.Image1.070255.jpg
0f9473f5,QC26070175,1,0f9473f5.Image1.070308.jpg
2a378029,QC26070175,1,2a378029.Image1.070323.jpg
e3190591,QC26070175,1,e3190591.Image1.070337.jpg
a2cd8738,QC26070175,1,a2cd8738.Image1.070352.jpg
a2cd8738,QC26070175,2,a2cd8738.Image2.070351.jpg
eb86ae3e,QC26080004,1,eb86ae3e.Image1.085358.jpg
2a39262e,QC26080004,1,2a39262e.Image1.023007.jpg
2a39262e,QC26080004,2,2a39262e.Image2.023417.jpg
00efcff4,QC26080004,1,00efcff4.Image1.085425.jpg
f8c1a959,QC26080004,1,f8c1a959.Image1.085437.jpg
4e6fc881,QC26080004,1,4e6fc881.Image1.085452.jpg
8920ffdc,QC26080004,1,8920ffdc.Image1.085505.jpg
11b24c58,QC26070176,1,11b24c58.Image1.015600.jpg
11b24c58,QC26070176,2,11b24c58.Image2.015600.jpg
0f2d777e,QC26070176,1,0f2d777e.Image1.015615.jpg
0f2d777e,QC26070176,2,0f2d777e.Image2.015615.jpg
c40097ab,QC26070176,1,c40097ab.Image1.015628.jpg
ac50db9b,QC26070176,1,ac50db9b.Image1.015640.jpg
e59829bb,QC26080006,1,e59829bb.Image1.023850.jpg
b0ece14f,QC26080006,1,b0ece14f.Image1.023903.jpg
ca1fd8fd,QC26080006,1,ca1fd8fd.Image1.023917.jpg
44abab49,QC26080006,1,44abab49.Image1.023930.jpg
d942904e,QC26080006,1,d942904e.Image1.023941.jpg
5f56cf95,QC26080006,1,5f56cf95.Image1.023952.jpg
9ef78f0d,QC26080006,1,9ef78f0d.Image1.024005.jpg
7caa0923,QC26080006,1,7caa0923.Image1.024018.jpg
08f5535f,QC26080006,1,08f5535f.Image1.024029.jpg
22b3137a,QC26070177,1,22b3137a.Image1.024313.jpg
b1fe3255,QC26070177,1,b1fe3255.Image1.024325.jpg
b1fe3255,QC26070177,2,b1fe3255.Image2.024325.jpg
717eabc7,QC26070177,1,717eabc7.Image1.024338.jpg
308f3298,QC26070177,1,308f3298.Image1.024350.jpg
b632d3a0,QC26070177,1,b632d3a0.Image1.024403.jpg
565106b0,QC26070177,1,565106b0.Image1.024415.jpg
771c2276,QC26070177,1,771c2276.Image1.024429.jpg
879b5321,QC26070177,1,879b5321.Image1.024442.jpg
e8ead902,QC26070177,1,e8ead902.Image1.024453.jpg
2ace0686,QC26070177,1,2ace0686.Image1.024505.jpg
3684dd3c,QC26070177,1,3684dd3c.Image1.024518.jpg
9b2a5039,QC26070178,1,9b2a5039.Image1.025807.jpg
9b2a5039,QC26070178,2,9b2a5039.Image2.025807.jpg
b43a0f89,QC26070178,1,b43a0f89.Image1.025820.jpg
b43a0f89,QC26070178,2,b43a0f89.Image2.025820.jpg
294d4058,QC26070178,1,294d4058.Image1.025832.jpg
dad63f8b,QC26070178,1,dad63f8b.Image1.025845.jpg
a6d51562,QC26070178,1,a6d51562.Image1.025856.jpg
d8aaa890,QC26070178,1,d8aaa890.Image1.025908.jpg
07434b69,QC26070179,1,07434b69.Image1.031711.jpg
620c073e,QC26070179,1,620c073e.Image1.031728.jpg
2c3bd4d7,QC26070179,1,2c3bd4d7.Image1.031740.jpg
a070d100,QC26070179,1,a070d100.Image1.031751.jpg
e7888d62,QC26070180,1,e7888d62.Image1.032720.jpg
e7888d62,QC26070180,2,e7888d62.Image2.032720.jpg
10f6ada6,QC26070180,1,10f6ada6.Image1.032733.jpg
b4294917,QC26070180,1,b4294917.Image1.032745.jpg
73d319d8,QC26070180,1,73d319d8.Image1.032757.jpg
785a1f64,QC26070180,1,785a1f64.Image1.032810.jpg
785a1f64,QC26070180,2,785a1f64.Image2.032810.jpg
0e5490f2,QC26070180,1,0e5490f2.Image1.032822.jpg
66e748c5,QC26070181,1,66e748c5.Image1.033837.jpg
66e748c5,QC26070181,2,66e748c5.Image2.033837.jpg
2fd7331c,QC26070181,1,2fd7331c.Image1.033852.jpg
ece90acf,QC26070181,1,ece90acf.Image1.033903.jpg
b72a6879,QC26070181,1,b72a6879.Image1.033916.jpg
36198c2e,QC26070181,1,36198c2e.Image1.033930.jpg
9aae9b45,QC26070182,1,9aae9b45.Image1.034813.jpg
9aae9b45,QC26070182,2,9aae9b45.Image2.034812.jpg
9f3bb69b,QC26070182,1,9f3bb69b.Image1.034825.jpg
9f3bb69b,QC26070182,2,9f3bb69b.Image2.034825.jpg
52a942bb,QC26070182,1,52a942bb.Image1.034839.jpg
43417d56,QC26070182,1,43417d56.Image1.034852.jpg
ceb97358,QC26070182,1,ceb97358.Image1.034906.jpg
4b8c95bd,QC26070182,1,4b8c95bd.Image1.034917.jpg
4b8c95bd,QC26070182,2,4b8c95bd.Image2.034917.jpg
ab85b896,QC26070182,1,ab85b896.Image1.034929.jpg
91e07e69,QC26070182,1,91e07e69.Image1.034941.jpg
c26be15d,QC26070182,1,c26be15d.Image1.034954.jpg
abb6c53c,QC26070183,1,abb6c53c.Image1.071713.jpg
abb6c53c,QC26070183,2,abb6c53c.Image2.071713.jpg
abb6c53c,QC26070183,3,abb6c53c.Image3.071713.jpg
357d0721,QC26070183,1,357d0721.Image1.071727.jpg
80d0c52c,QC26070183,1,80d0c52c.Image1.071743.jpg
5576ad81,QC26070183,1,5576ad81.Image1.071806.jpg
dc94f1aa,QC26070183,1,dc94f1aa.Image1.071818.jpg
79e471fd,QC26070183,1,79e471fd.Image1.071831.jpg
79e471fd,QC26070183,2,79e471fd.Image2.071831.jpg
bd25fe3b,QC26070183,1,bd25fe3b.Image1.071846.jpg
08ee82f4,QC26080007,1,08ee82f4.Image1.073341.jpg
4fb92f1b,QC26080007,1,4fb92f1b.Image1.073354.jpg
3ee7a540,QC26080007,1,3ee7a540.Image1.073407.jpg
3ee7a540,QC26080007,2,3ee7a540.Image2.073407.jpg
3ee7a540,QC26080007,3,3ee7a540.Image3.073407.jpg
2fb1dbcc,QC26080007,1,2fb1dbcc.Image1.073419.jpg
2fb1dbcc,QC26080007,2,2fb1dbcc.Image2.073419.jpg
e51158db,QC26080007,1,e51158db.Image1.073436.jpg
e00d6009,QC26080007,1,e00d6009.Image1.073448.jpg
2f4dc5ce,QC26080007,1,2f4dc5ce.Image1.073501.jpg
2b45870c,QC26070184,1,2b45870c.Image1.074031.jpg
2b45870c,QC26070184,2,2b45870c.Image2.074031.jpg
420f59aa,QC26070184,1,420f59aa.Image1.074046.jpg
420f59aa,QC26070184,2,420f59aa.Image2.074046.jpg
183a8d4b,QC26070184,1,183a8d4b.Image1.074059.jpg
7bb0089f,QC26070184,1,7bb0089f.Image1.074111.jpg
7bb0089f,QC26070184,2,7bb0089f.Image2.074111.jpg
c3072bcf,QC26070184,1,c3072bcf.Image1.074123.jpg
c3072bcf,QC26070184,2,c3072bcf.Image2.074123.jpg
efd3dcb5,QC26070184,1,efd3dcb5.Image1.074135.jpg
efd3dcb5,QC26070184,2,efd3dcb5.Image2.074135.jpg
d4a05194,QC26070184,1,d4a05194.Image1.074148.jpg
9ffbd248,QC26070184,1,9ffbd248.Image1.074201.jpg
c9288094,QC26070184,1,c9288094.Image1.074214.jpg
30d36250,QC26070184,1,30d36250.Image1.074229.jpg
bab5a383,QC26080008,1,bab5a383.Image1.090653.jpg
bab5a383,QC26080008,2,bab5a383.Image2.090653.jpg
66d67fb3,QC26080008,1,66d67fb3.Image1.090706.jpg
4d32d2b7,QC26080008,1,4d32d2b7.Image1.090719.jpg
4d32d2b7,QC26080008,2,4d32d2b7.Image2.090719.jpg
c7b70b9c,QC26080008,1,c7b70b9c.Image1.090730.jpg
5478408c,QC26080008,1,5478408c.Image1.090744.jpg
7ed9e585,QC26080008,1,7ed9e585.Image1.090757.jpg
61f37567,QC26080008,1,61f37567.Image1.090809.jpg
c6c71dbf,QC26080009,1,c6c71dbf.Image1.091646.jpg
4f85a715,QC26080009,1,4f85a715.Image1.091659.jpg
6269d775,QC26080009,1,6269d775.Image1.091713.jpg
424ed852,QC26080009,1,424ed852.Image1.091725.jpg
b8598aa9,QC26080009,1,b8598aa9.Image1.091738.jpg
3f96df55,QC26080010,1,3f96df55.Image1.094001.jpg
3f96df55,QC26080010,2,3f96df55.Image2.094001.jpg
3f96df55,QC26080010,3,3f96df55.Image3.094001.jpg
337c7d7d,QC26080010,1,337c7d7d.Image1.094018.jpg
337c7d7d,QC26080010,2,337c7d7d.Image2.094018.jpg
337c7d7d,QC26080010,3,337c7d7d.Image3.094018.jpg
da77d74e,QC26080010,1,da77d74e.Image1.094031.jpg
da77d74e,QC26080010,2,da77d74e.Image2.094031.jpg
da77d74e,QC26080010,3,da77d74e.Image3.094031.jpg
33f1df71,QC26080010,1,33f1df71.Image1.094043.jpg
d721fa24,QC26080010,1,d721fa24.Image1.094054.jpg
b9061a6d,QC26080010,1,b9061a6d.Image1.094108.jpg
fa949dd6,QC26080011,1,fa949dd6.Image1.095059.jpg
fa949dd6,QC26080011,2,fa949dd6.Image2.095059.jpg
fa949dd6,QC26080011,3,fa949dd6.Image3.095059.jpg
56acf292,QC26080011,1,56acf292.Image1.095112.jpg
56acf292,QC26080011,2,56acf292.Image2.095112.jpg
dc651c1c,QC26080011,1,dc651c1c.Image1.095125.jpg
cffacf6b,QC26080012,1,cffacf6b.Image1.095703.jpg
05b5b8f5,QC26080012,1,05b5b8f5.Image1.095717.jpg
33659075,QC26080012,1,33659075.Image1.095729.jpg
a98c0449,QC26080012,1,a98c0449.Image1.095741.jpg
d7fc6a41,QC26080012,1,d7fc6a41.Image1.095755.jpg
97dd414f,QC26080012,1,97dd414f.Image1.095807.jpg
97dd414f,QC26080012,2,97dd414f.Image2.095807.jpg
97dd414f,QC26080012,3,97dd414f.Image3.095807.jpg
9f6484c6,QC26080012,1,9f6484c6.Image1.095818.jpg
a0cd9ef9,QC26080013,1,a0cd9ef9.Image1.011653.jpg
a0cd9ef9,QC26080013,2,a0cd9ef9.Image2.011653.jpg
a0cd9ef9,QC26080013,3,a0cd9ef9.Image3.011653.jpg
8e5c3afd,QC26080013,1,8e5c3afd.Image1.011706.jpg
8e5c3afd,QC26080013,2,8e5c3afd.Image2.011706.jpg
8e5c3afd,QC26080013,3,8e5c3afd.Image3.011706.jpg
cb3a9322,QC26080013,1,cb3a9322.Image1.011718.jpg
6b4006b3,QC26080013,1,6b4006b3.Image1.011731.jpg
cce14365,QC26070185,1,cce14365.Image1.012842.jpg
b21918db,QC26070185,1,b21918db.Image1.012856.jpg
b21918db,QC26070185,2,b21918db.Image2.012856.jpg
b21918db,QC26070185,3,b21918db.Image3.012856.jpg
8c323632,QC26070185,1,8c323632.Image1.012909.jpg
86e5f6e9,QC26070185,1,86e5f6e9.Image1.012922.jpg
68c2e30e,QC26070185,1,68c2e30e.Image1.012934.jpg
6789d087,QC26070185,1,6789d087.Image1.012947.jpg
cbd29d66,QC26070185,1,cbd29d66.Image1.013000.jpg
cd2757ac,QC26070185,1,cd2757ac.Image1.013013.jpg
6f845e1c,QC26080014,1,6f845e1c.Image1.015355.jpg
6f845e1c,QC26080014,2,6f845e1c.Image2.015355.jpg
97f572d6,QC26080014,1,97f572d6.Image1.015408.jpg
97f572d6,QC26080014,2,97f572d6.Image2.015408.jpg
07d2daed,QC26080014,1,07d2daed.Image1.015423.jpg
07d2daed,QC26080014,2,07d2daed.Image2.015423.jpg
c06f8c0d,QC26080014,1,c06f8c0d.Image1.015435.jpg
c06f8c0d,QC26080014,2,c06f8c0d.Image2.015435.jpg
3921ecbe,QC26080014,1,3921ecbe.Image1.015449.jpg
19af4317,QC26080014,1,19af4317.Image1.015501.jpg
79508185,QC26080015,1,79508185.Image1.032210.jpg
5390872d,QC26080015,1,5390872d.Image1.032222.jpg
5390872d,QC26080015,2,5390872d.Image2.032222.jpg
977d0602,QC26080015,1,977d0602.Image1.032237.jpg
53be487c,QC26080015,1,53be487c.Image1.032249.jpg
df7f31df,QC26080016,1,df7f31df.Image1.041419.jpg
df7f31df,QC26080016,2,df7f31df.Image2.041419.jpg
d8e33aee,QC26080016,1,d8e33aee.Image1.041433.jpg
57486c0c,QC26080016,1,57486c0c.Image1.041444.jpg
d5dd4880,QC26080016,1,d5dd4880.Image1.041456.jpg
605fccba,QC26080017,1,605fccba.Image1.072656.jpg
7503d568,QC26080017,1,7503d568.Image1.072711.jpg
d2947267,QC26080017,1,d2947267.Image1.072724.jpg
eb3dc2ac,QC26080017,1,eb3dc2ac.Image1.072737.jpg
5d524227,QC26080017,1,5d524227.Image1.072749.jpg
e82f56c6,QC26080017,1,e82f56c6.Image1.072801.jpg
28d3a093,QC26080017,1,28d3a093.Image1.072813.jpg
5c236dd3,QC26070186,1,5c236dd3.Image1.074717.jpg
46ba0b65,QC26070186,1,46ba0b65.Image1.074730.jpg
46ba0b65,QC26070186,2,46ba0b65.Image2.074730.jpg
474d6e86,QC26070186,1,474d6e86.Image1.074741.jpg
e49eabaa,QC26070186,1,e49eabaa.Image1.074753.jpg
769c5045,QC26070186,1,769c5045.Image1.074806.jpg
a66a3f99,QC26070186,1,a66a3f99.Image1.074818.jpg
479cd8ca,QC26070186,1,479cd8ca.Image1.074829.jpg
3fcc4a4d,QC26070186,1,3fcc4a4d.Image1.074842.jpg
dde6d864,QC26080018,1,dde6d864.Image1.075856.jpg
dde6d864,QC26080018,2,dde6d864.Image2.075856.jpg
dde6d864,QC26080018,3,dde6d864.Image3.075856.jpg
f74ed126,QC26080018,1,f74ed126.Image1.075911.jpg
f74ed126,QC26080018,2,f74ed126.Image2.075911.jpg
c91bc384,QC26080018,1,c91bc384.Image1.075923.jpg
c91bc384,QC26080018,2,c91bc384.Image2.075923.jpg
b7ad1a54,QC26080018,1,b7ad1a54.Image1.075934.jpg
34f38e07,QC26080018,1,34f38e07.Image1.075946.jpg
34f38e07,QC26080018,2,34f38e07.Image2.075946.jpg
34f38e07,QC26080018,3,34f38e07.Image3.075946.jpg
d199897d,QC26080018,1,d199897d.Image1.075958.jpg
d199897d,QC26080018,2,d199897d.Image2.075958.jpg
28dd6e06,QC26080018,1,28dd6e06.Image1.080010.jpg
f573b7ac,QC26080019,1,f573b7ac.Image1.082325.jpg
f573b7ac,QC26080019,2,f573b7ac.Image2.082325.jpg
66df3367,QC26080019,1,66df3367.Image1.082337.jpg
66df3367,QC26080019,2,66df3367.Image2.082337.jpg
f448fae2,QC26080019,1,f448fae2.Image1.082348.jpg
41135807,QC26080019,1,41135807.Image1.082400.jpg
41135807,QC26080019,2,41135807.Image2.082400.jpg
3973b2b5,QC26080019,1,3973b2b5.Image1.082412.jpg
c4ba95e1,QC26080019,1,c4ba95e1.Image1.082425.jpg
8d175252,QC26080019,1,8d175252.Image1.082437.jpg
8bc55541,QC26080020,1,8bc55541.Image1.084243.jpg
8bc55541,QC26080020,2,8bc55541.Image2.084243.jpg
e2a06153,QC26080020,1,e2a06153.Image1.084259.jpg
6968a811,QC26080020,1,6968a811.Image1.084313.jpg
6968a811,QC26080020,2,6968a811.Image2.084313.jpg
a2ab6f7a,QC26080020,1,a2ab6f7a.Image1.084324.jpg
897fea39,QC26080020,1,897fea39.Image1.084336.jpg
07399c3c,QC26080020,1,07399c3c.Image1.084348.jpg
e255de93,QC26080021,1,e255de93.Image1.090550.jpg
86e7b882,QC26080021,1,86e7b882.Image1.090603.jpg
161dedd3,QC26080021,1,161dedd3.Image1.090615.jpg
892e6c90,QC26080022,1,892e6c90.Image1.095530.jpg
1fe0104d,QC26080022,1,1fe0104d.Image1.095545.jpg
4cffa33f,QC26080022,1,4cffa33f.Image1.095559.jpg
e0dbc3cd,QC26080022,1,e0dbc3cd.Image1.095611.jpg
d19dee03,QC26080022,1,d19dee03.Image1.095622.jpg
adf3c3eb,QC26080023,1,adf3c3eb.Image1.020109.jpg
adf3c3eb,QC26080023,2,adf3c3eb.Image2.020109.jpg
adf3c3eb,QC26080023,3,adf3c3eb.Image3.020109.jpg
886df6a3,QC26080023,1,886df6a3.Image1.020124.jpg
886df6a3,QC26080023,2,886df6a3.Image2.020124.jpg
886df6a3,QC26080023,3,886df6a3.Image3.020124.jpg
90f4c26b,QC26080023,1,90f4c26b.Image1.020137.jpg
a4c1f569,QC26080023,1,a4c1f569.Image1.020151.jpg
539b17f7,QC26080023,1,539b17f7.Image1.020207.jpg
17e82e84,QC26080023,1,17e82e84.Image1.020221.jpg
f4940390,QC26080024,1,f4940390.Image1.021349.jpg
f4940390,QC26080024,2,f4940390.Image2.021349.jpg
a20d7eef,QC26080024,1,a20d7eef.Image1.021401.jpg
fd04083f,QC26080024,1,fd04083f.Image1.022601.jpg
fd04083f,QC26080024,2,fd04083f.Image2.022601.jpg
6060716a,QC26080024,1,6060716a.Image1.022614.jpg
6060716a,QC26080024,2,6060716a.Image2.022614.jpg
3557b793,QC26080024,1,3557b793.Image1.022626.jpg
ae01e90a,QC26080025,1,ae01e90a.Image1.023437.jpg
ae01e90a,QC26080025,2,ae01e90a.Image2.023437.jpg
5d15dd4b,QC26080025,1,5d15dd4b.Image1.023453.jpg
5d15dd4b,QC26080025,2,5d15dd4b.Image2.023453.jpg
30c7c916,QC26080025,1,30c7c916.Image1.023507.jpg
321a1873,QC26080025,1,321a1873.Image1.023518.jpg
b0ca1d96,QC26080027,1,b0ca1d96.Image1.025106.jpg
b0ca1d96,QC26080027,2,b0ca1d96.Image2.025106.jpg
66af7037,QC26080027,1,66af7037.Image1.025120.jpg
66af7037,QC26080027,2,66af7037.Image2.025120.jpg
6fc5b84a,QC26080027,1,6fc5b84a.Image1.025139.jpg
7e20d32f,QC26080027,1,7e20d32f.Image1.025151.jpg
ffee32e3,QC26070187,1,ffee32e3.Image1.031917.jpg
cd3a019f,QC26070187,1,cd3a019f.Image1.031930.jpg
3e6fcaf6,QC26070187,1,3e6fcaf6.Image1.031943.jpg
beee3c6e,QC26070187,1,beee3c6e.Image1.031955.jpg
db933ed2,QC26070187,1,db933ed2.Image1.032006.jpg
1cd3ed5e,QC26070187,1,1cd3ed5e.Image1.032018.jpg
6120d838,QC26070187,1,6120d838.Image1.032031.jpg
23ecb3a6,QC26070187,1,23ecb3a6.Image1.032047.jpg
ecb88355,QC26080028,1,ecb88355.Image1.035626.jpg
d731a76a,QC26080028,1,d731a76a.Image1.035640.jpg
4c86e7c2,QC26080028,1,4c86e7c2.Image1.035652.jpg
ae8172e1,QC26080028,1,ae8172e1.Image1.035707.jpg
d60c3a60,QC26080028,1,d60c3a60.Image1.035719.jpg
bee3e1fc,QC26080028,1,bee3e1fc.Image1.035731.jpg
0c7e8097,QC26080028,1,0c7e8097.Image1.035743.jpg
ce9a4a11,QC26070188,1,ce9a4a11.Image1.041831.jpg
ce9a4a11,QC26070188,2,ce9a4a11.Image2.041831.jpg
f99093fb,QC26070188,1,f99093fb.Image1.041844.jpg
7939b708,QC26070188,1,7939b708.Image1.041856.jpg
3c629a88,QC26070188,1,3c629a88.Image1.041908.jpg
6df10b4e,QC26070188,1,6df10b4e.Image1.041920.jpg
44cd2478,QC26070188,1,44cd2478.Image1.041933.jpg
072758b8,QC26070189,1,072758b8.Image1.060543.jpg
5176cb7a,QC26070189,1,5176cb7a.Image1.060555.jpg
3959246e,QC26070189,1,3959246e.Image1.060609.jpg
3959246e,QC26070189,2,3959246e.Image2.060609.jpg
ebac4854,QC26070189,1,ebac4854.Image1.060623.jpg
6af96154,QC26070189,1,6af96154.Image1.060635.jpg
12a582c3,QC26070189,1,12a582c3.Image1.060647.jpg
c550d5cc,QC26070190,1,c550d5cc.Image1.072222.jpg
c550d5cc,QC26070190,2,c550d5cc.Image2.072222.jpg
1351458b,QC26070190,1,1351458b.Image1.072236.jpg
1351458b,QC26070190,2,1351458b.Image2.072236.jpg
b80ea0e0,QC26070190,1,b80ea0e0.Image1.072254.jpg
b80ea0e0,QC26070190,2,b80ea0e0.Image2.072254.jpg
d173a4a2,QC26070190,1,d173a4a2.Image1.072306.jpg
9f4a3af4,QC26070190,1,9f4a3af4.Image1.072320.jpg
571a6afa,QC26070190,1,571a6afa.Image1.072335.jpg
a3419520,QC26070190,1,a3419520.Image1.072348.jpg
b894f2a1,QC26070190,1,b894f2a1.Image1.072400.jpg
46e1753a,QC26070190,1,46e1753a.Image1.072414.jpg
bee9e733,QC26070191,1,bee9e733.Image1.073236.jpg
e6547ece,QC26070191,1,e6547ece.Image1.073300.jpg
3f6f11f4,QC26070191,1,3f6f11f4.Image1.073314.jpg
ffa00383,QC26070191,1,ffa00383.Image1.073325.jpg
cca95b48,QC26070191,1,cca95b48.Image1.073339.jpg
cca95b48,QC26070191,2,cca95b48.Image2.073339.jpg
cca95b48,QC26070191,3,cca95b48.Image3.073339.jpg
264ea882,QC26070192,1,264ea882.Image1.080159.jpg
2306fd3c,QC26070192,1,2306fd3c.Image1.080218.jpg
528e4e6c,QC26070192,1,528e4e6c.Image1.080234.jpg
870f9377,QC26070192,1,870f9377.Image1.080249.jpg
62f2ff5b,QC26070192,1,62f2ff5b.Image1.080304.jpg
a3f439de,QC26070192,1,a3f439de.Image1.080319.jpg
835d4b5e,QC26070192,1,835d4b5e.Image1.080333.jpg
127a4ed9,QC26070192,1,127a4ed9.Image1.080404.jpg
3c4a76ba,QC26070193,1,3c4a76ba.Image1.090101.jpg
8ebab263,QC26070193,1,8ebab263.Image1.090810.jpg
0113e6da,QC26070193,1,0113e6da.Image1.090824.jpg
2467da5a,QC26070193,1,2467da5a.Image1.090836.jpg
e0a57ccb,QC26070193,1,e0a57ccb.Image1.090848.jpg
e0a57ccb,QC26070193,2,e0a57ccb.Image2.090848.jpg
8138f172,QC26070193,1,8138f172.Image1.090902.jpg
7d802a8d,QC26080036,1,7d802a8d.Image1.090211.jpg
7d802a8d,QC26080036,2,7d802a8d.Image2.090211.jpg
7d802a8d,QC26080036,3,7d802a8d.Image3.090211.jpg
020ec016,QC26080036,1,020ec016.Image1.090225.jpg
020ec016,QC26080036,2,020ec016.Image2.090225.jpg
07b5a911,QC26080037,1,07b5a911.Image1.091203.jpg
07b5a911,QC26080037,2,07b5a911.Image2.091203.jpg
07b5a911,QC26080037,3,07b5a911.Image3.091203.jpg
f8465e57,QC26080037,1,f8465e57.Image1.091218.jpg
f8465e57,QC26080037,2,f8465e57.Image2.091218.jpg
f8465e57,QC26080037,3,f8465e57.Image3.091218.jpg
9f556a36,QC26080037,1,9f556a36.Image1.091232.jpg
97b7e489,QC26080038,1,97b7e489.Image1.092327.jpg
97b7e489,QC26080038,2,97b7e489.Image2.092327.jpg
97b7e489,QC26080038,3,97b7e489.Image3.092327.jpg
cc1779bb,QC26080038,1,cc1779bb.Image1.092342.jpg
cc1779bb,QC26080038,2,cc1779bb.Image2.092342.jpg
cc1779bb,QC26080038,3,cc1779bb.Image3.092342.jpg
9c71d0a6,QC26080038,1,9c71d0a6.Image1.092354.jpg
501e29e1,QC26080038,1,501e29e1.Image1.092409.jpg
c0973936,QC26080039,1,c0973936.Image1.093149.jpg
c0973936,QC26080039,2,c0973936.Image2.093149.jpg
c0973936,QC26080039,3,c0973936.Image3.093149.jpg
27537cdb,QC26080039,1,27537cdb.Image1.093205.jpg
27537cdb,QC26080039,2,27537cdb.Image2.093205.jpg
27537cdb,QC26080039,3,27537cdb.Image3.093205.jpg
d986177f,QC26080040,1,d986177f.Image1.095535.jpg
d986177f,QC26080040,2,d986177f.Image2.095535.jpg
d986177f,QC26080040,3,d986177f.Image3.095535.jpg
503a6920,QC26080040,1,503a6920.Image1.095548.jpg
503a6920,QC26080040,2,503a6920.Image2.095548.jpg
503a6920,QC26080040,3,503a6920.Image3.095548.jpg
2f3f378a,QC26080040,1,2f3f378a.Image1.095600.jpg
9560f1cb,QC26080040,1,9560f1cb.Image1.095613.jpg
311e8bd1,QC26080041,1,311e8bd1.Image1.095927.jpg
311e8bd1,QC26080041,2,311e8bd1.Image2.095927.jpg
311e8bd1,QC26080041,3,311e8bd1.Image3.095927.jpg
22b10c35,QC26080041,1,22b10c35.Image1.095940.jpg
a212fbae,QC26080041,1,a212fbae.Image1.095953.jpg
a212fbae,QC26080041,2,a212fbae.Image2.095953.jpg
254589fb,QC26080041,1,254589fb.Image1.100005.jpg
00f7054c,QC26080042,1,00f7054c.Image1.101151.jpg
00f7054c,QC26080042,2,00f7054c.Image2.101151.jpg
00f7054c,QC26080042,3,00f7054c.Image3.101151.jpg
6f7f34c7,QC26080042,1,6f7f34c7.Image1.101204.jpg
6f7f34c7,QC26080042,2,6f7f34c7.Image2.101204.jpg
6f7f34c7,QC26080042,3,6f7f34c7.Image3.101204.jpg
b2e5b807,QC26080042,1,b2e5b807.Image1.101217.jpg
b2e5b807,QC26080042,2,b2e5b807.Image2.101217.jpg
b2e5b807,QC26080042,3,b2e5b807.Image3.101217.jpg
3118a602,QC26080042,1,3118a602.Image1.101230.jpg
85265842,QC26080043,1,85265842.Image1.102221.jpg
85265842,QC26080043,2,85265842.Image2.102221.jpg
85265842,QC26080043,3,85265842.Image3.102221.jpg
d810b16d,QC26080043,1,d810b16d.Image1.102233.jpg
5b45990e,QC26080043,1,5b45990e.Image1.102246.jpg
5a15e185,QC26080043,1,5a15e185.Image1.102259.jpg
5a15e185,QC26080043,2,5a15e185.Image2.102259.jpg
5a15e185,QC26080043,3,5a15e185.Image3.102259.jpg
d4d9f0ac,QC26080044,1,d4d9f0ac.Image1.022339.jpg
c3722056,QC26080044,1,c3722056.Image1.022353.jpg
494a5c3c,QC26080045,1,494a5c3c.Image1.040315.jpg
494a5c3c,QC26080045,2,494a5c3c.Image2.040315.jpg
e90a5673,QC26080045,1,e90a5673.Image1.040331.jpg
e6d6df35,QC26080045,1,e6d6df35.Image1.040347.jpg
30c4ccef,QC26080045,1,30c4ccef.Image1.040404.jpg
30c4ccef,QC26080045,2,30c4ccef.Image2.040404.jpg
67a03046,QC26080045,1,67a03046.Image1.040420.jpg
0c4c3108,QC26080045,1,0c4c3108.Image1.040438.jpg
0c4c3108,QC26080045,2,0c4c3108.Image2.040438.jpg
42307c5a,QC26080045,1,42307c5a.Image1.040454.png
a747a90f,QC26080053,1,a747a90f.Image1.044449.jpg
a747a90f,QC26080053,2,a747a90f.Image2.044449.jpg
a747a90f,QC26080053,3,a747a90f.Image3.044449.jpg
007625f0,QC26080054,1,007625f0.Image1.084637.jpg
b1fd8b0d,QC26080054,1,b1fd8b0d.Image1.084656.jpg
b1fd8b0d,QC26080054,2,b1fd8b0d.Image2.084656.jpg
b1fd8b0d,QC26080054,3,b1fd8b0d.Image3.084656.jpg
c00093cd,QC26080054,1,c00093cd.Image1.084708.jpg
88146784,QC26080054,1,88146784.Image1.084721.jpg
0e063ddb,QC26080054,1,0e063ddb.Image1.084735.jpg
73a4c590,QC26080054,1,73a4c590.Image1.084748.jpg
5cecc077,QC26080054,1,5cecc077.Image1.084803.jpg
173ae00f,QC26080055,1,173ae00f.Image1.085517.jpg
847ab66d,QC26080055,1,847ab66d.Image1.085538.jpg
847ab66d,QC26080055,2,847ab66d.Image2.085538.jpg
847ab66d,QC26080055,3,847ab66d.Image3.085538.jpg
e7de4510,QC26080055,1,e7de4510.Image1.085551.jpg
e9a5e2f2,QC26080055,1,e9a5e2f2.Image1.085604.jpg
5881d324,QC26080056,1,5881d324.Image1.090537.jpg
6d67b72a,QC26080056,1,6d67b72a.Image1.090553.jpg
6d67b72a,QC26080056,2,6d67b72a.Image2.090553.jpg
6d67b72a,QC26080056,3,6d67b72a.Image3.090553.jpg
23e4a903,QC26080056,1,23e4a903.Image1.090607.jpg
23e4a903,QC26080056,2,23e4a903.Image2.090607.jpg
d4de6c4e,QC26080056,1,d4de6c4e.Image1.090621.jpg
cc6f47af,QC26080056,1,cc6f47af.Image1.090635.jpg
cc6f47af,QC26080056,2,cc6f47af.Image2.090635.jpg
982f5e02,QC26080056,1,982f5e02.Image1.090647.jpg
b90365da,QC26080057,1,b90365da.Image1.092454.jpg
ee45cf00,QC26080057,1,ee45cf00.Image1.092509.jpg
ee45cf00,QC26080057,2,ee45cf00.Image2.092509.jpg
b69a4572,QC26080061,1,b69a4572.Image1.071111.jpg
b7eed67e,QC26080061,1,b7eed67e.Image1.071327.jpg
b7eed67e,QC26080061,2,b7eed67e.Image2.071327.jpg
439eebce,QC26080061,1,439eebce.Image1.071340.jpg
75f9525b,QC26080061,1,75f9525b.Image1.071352.jpg
9690c68c,QC26080061,1,9690c68c.Image1.071404.jpg
9690c68c,QC26080061,2,9690c68c.Image2.071404.jpg
20e5134f,QC26080062,1,20e5134f.Image1.091339.jpg
c03e0189,QC26080062,1,c03e0189.Image1.091353.jpg
3739f543,QC26080062,1,3739f543.Image1.091405.jpg
d92f493a,QC26080062,1,d92f493a.Image1.091417.jpg
a102eb13,QC26080062,1,a102eb13.Image1.091429.jpg
fe909455,QC26080062,1,fe909455.Image1.091441.jpg
a7c31b62,QC26080062,1,a7c31b62.Image1.091453.jpg
003464cf,QC26080062,1,003464cf.Image1.091504.jpg
3023c24b,QC26080062,1,3023c24b.Image1.091516.jpg
678bf26e,QC26080063,1,678bf26e.Image1.092804.jpg
1425f028,QC26080063,1,1425f028.Image1.092817.jpg
1425f028,QC26080063,2,1425f028.Image2.092817.jpg
8990610a,QC26080063,1,8990610a.Image1.092831.jpg
88308bd0,QC26080063,1,88308bd0.Image1.092844.jpg
8081018a,QC26080063,1,8081018a.Image1.092855.jpg
8081018a,QC26080063,2,8081018a.Image2.092855.jpg
2c40ca13,QC26080063,1,2c40ca13.Image1.092907.jpg
ed29e546,QC26080063,1,ed29e546.Image1.092918.jpg
f1e9d18d,QC26080063,1,f1e9d18d.Image1.092930.jpg
ef98920a,QC26080063,1,ef98920a.Image1.092943.jpg
4f72017a,QC26080064,1,4f72017a.Image1.095515.jpg
d72131db,QC26080064,1,d72131db.Image1.095528.jpg
be971446,QC26080064,1,be971446.Image1.095541.jpg
be971446,QC26080064,2,be971446.Image2.095541.jpg
83800103,QC26080064,1,83800103.Image1.095554.jpg
219d4be9,QC26080064,1,219d4be9.Image1.095605.jpg
da28223a,QC26080064,1,da28223a.Image1.095617.jpg
da44a5ca,QC26080064,1,da44a5ca.Image1.095628.jpg
bbe4bfe8,QC26080064,1,bbe4bfe8.Image1.095641.jpg
3b5c471d,QC26080065,1,3b5c471d.Image1.010939.jpg
d6bcfa1c,QC26080065,1,d6bcfa1c.Image1.010952.jpg
8f684077,QC26080065,1,8f684077.Image1.011004.jpg
66f889d7,QC26080065,1,66f889d7.Image1.011017.jpg
a2276d88,QC26080065,1,a2276d88.Image1.011030.jpg
a2276d88,QC26080065,2,a2276d88.Image2.011030.jpg
6c47a66b,QC26080065,1,6c47a66b.Image1.011042.jpg
e262dd44,QC26080066,1,e262dd44.Image1.035241.jpg
e262dd44,QC26080066,2,e262dd44.Image2.035241.jpg
e262dd44,QC26080066,3,e262dd44.Image3.035241.jpg
091f9ce2,QC26080066,1,091f9ce2.Image1.035257.jpg
091f9ce2,QC26080066,2,091f9ce2.Image2.035257.jpg
c7e1d8d0,QC26080067,1,c7e1d8d0.Image1.040402.jpg
c7e1d8d0,QC26080067,2,c7e1d8d0.Image2.040402.jpg
c7e1d8d0,QC26080067,3,c7e1d8d0.Image3.040402.jpg
11d20a56,QC26080067,1,11d20a56.Image1.040415.jpg
2c339618,QC26080068,1,2c339618.Image1.040445.jpg
d4a4c25d,QC26080068,1,d4a4c25d.Image1.040459.jpg
08044ad6,QC26080068,1,08044ad6.Image1.040510.jpg
a44fe0e7,QC26080068,1,a44fe0e7.Image1.040524.jpg
08b3d0f7,QC26080068,1,08b3d0f7.Image1.040536.jpg
08b3d0f7,QC26080068,2,08b3d0f7.Image2.040536.jpg
bd972c3a,QC26080068,1,bd972c3a.Image1.040548.jpg
1c8f1699,QC26080068,1,1c8f1699.Image1.040600.jpg
9726d9ca,QC26080068,1,9726d9ca.Image1.040612.jpg
9726d9ca,QC26080068,2,9726d9ca.Image2.040612.jpg
c20da56e,QC26080068,1,c20da56e.Image1.040626.jpg
46c2b47f,QC26080067,1,46c2b47f.Image1.041524.jpg
6c8cffd8,QC26080069,1,6c8cffd8.Image1.043041.jpg
6c8cffd8,QC26080069,2,6c8cffd8.Image2.043041.jpg
dabdc3c7,QC26080069,1,dabdc3c7.Image1.043056.jpg
9fdc1bff,QC26080069,1,9fdc1bff.Image1.043108.jpg
af853e64,QC26080069,1,af853e64.Image1.043120.jpg
864e36d9,QC26080069,1,864e36d9.Image1.043132.jpg
0b90aa85,QC26080069,1,0b90aa85.Image1.043143.jpg
4d83b07b,QC26080069,1,4d83b07b.Image1.043155.jpg
dcef9d5a,QC26080069,1,dcef9d5a.Image1.043208.jpg
fce6f769,QC26080070,1,fce6f769.Image1.043424.jpg
6778e60c,QC26080070,1,6778e60c.Image1.043436.jpg
0f6665d1,QC26080070,1,0f6665d1.Image1.043455.jpg
0f6665d1,QC26080070,2,0f6665d1.Image2.043455.jpg
fe6c7177,QC26080070,1,fe6c7177.Image1.043509.jpg
4b77aae3,QC26080070,1,4b77aae3.Image1.043520.jpg
65b9e958,QC26080070,1,65b9e958.Image1.043531.jpg
a01a65e6,QC26080070,1,a01a65e6.Image1.043544.jpg
bfb874a7,QC26080071,1,bfb874a7.Image1.045443.jpg
724de245,QC26080071,1,724de245.Image1.045457.jpg
724de245,QC26080071,2,724de245.Image2.045457.jpg
06d3e1c4,QC26080071,1,06d3e1c4.Image1.045509.jpg
0697af09,QC26080071,1,0697af09.Image1.045522.jpg
0697af09,QC26080071,2,0697af09.Image2.045522.jpg
d2ed849c,QC26080071,1,d2ed849c.Image1.045536.jpg
2e007a58,QC26080072,1,2e007a58.Image1.061413.jpg
ec5dd74f,QC26080072,1,ec5dd74f.Image1.061427.jpg
ec5dd74f,QC26080072,2,ec5dd74f.Image2.061427.jpg
ec5dd74f,QC26080072,3,ec5dd74f.Image3.061427.jpg
e24018a7,QC26080072,1,e24018a7.Image1.061440.jpg
178fcad9,QC26080072,1,178fcad9.Image1.061451.jpg
4c86e9c8,QC26080073,1,4c86e9c8.Image1.064831.jpg
4c86e9c8,QC26080073,2,4c86e9c8.Image2.064831.jpg
4c86e9c8,QC26080073,3,4c86e9c8.Image3.064831.jpg
c3c7de2f,QC26080073,1,c3c7de2f.Image1.064844.jpg
c3c7de2f,QC26080073,2,c3c7de2f.Image2.064844.jpg
c3c7de2f,QC26080073,3,c3c7de2f.Image3.064844.jpg
df39877e,QC26080073,1,df39877e.Image1.064856.jpg
1523ac70,QC26080074,1,1523ac70.Image1.070109.jpg
1523ac70,QC26080074,2,1523ac70.Image2.070109.jpg
caa8ee1f,QC26080075,1,caa8ee1f.Image1.093915.jpg
caa8ee1f,QC26080075,2,caa8ee1f.Image2.093915.jpg
1c35d76b,QC26080075,1,1c35d76b.Image1.093928.jpg
e528deb6,QC26080075,1,e528deb6.Image1.093940.jpg
ed12e476,QC26080075,1,ed12e476.Image1.093952.jpg
ed12e476,QC26080075,2,ed12e476.Image2.093952.jpg
71289ec1,QC26080075,1,71289ec1.Image1.094005.jpg
71289ec1,QC26080075,2,71289ec1.Image2.094005.jpg
71289ec1,QC26080075,3,71289ec1.Image3.094005.jpg
dba3c753,QC26080075,1,dba3c753.Image1.094017.jpg
dba3c753,QC26080075,2,dba3c753.Image2.094017.jpg
dba3c753,QC26080075,3,dba3c753.Image3.094017.jpg
2a243026,QC26080075,1,2a243026.Image1.094028.jpg
d14f026f,QC26080075,1,d14f026f.Image1.094041.jpg
d14f026f,QC26080075,2,d14f026f.Image2.094041.jpg
0bff623c,QC26080075,1,0bff623c.Image1.094052.jpg
c0005e98,QC26080075,1,c0005e98.Image1.094104.jpg
f29f7218,QC26080075,1,f29f7218.Image1.094116.jpg
23e54ab9,QC26080075,1,23e54ab9.Image1.094127.jpg
7998bbfd,QC26080076,1,7998bbfd.Image1.100153.jpg
5ff4fc6b,QC26080076,1,5ff4fc6b.Image1.100207.jpg
4c7b8f2d,QC26080076,1,4c7b8f2d.Image1.100220.jpg
3a3cce52,QC26080077,1,3a3cce52.Image1.033943.jpg
d38dbf7a,QC26080077,1,d38dbf7a.Image1.033955.jpg
33761c04,QC26080077,1,33761c04.Image1.034008.jpg
1c585b46,QC26080077,1,1c585b46.Image1.034022.jpg
1c585b46,QC26080077,2,1c585b46.Image2.034022.jpg
015652c3,QC26080077,1,015652c3.Image1.034034.jpg
015652c3,QC26080077,2,015652c3.Image2.034034.jpg
16c4ce12,QC26080077,1,16c4ce12.Image1.034047.jpg
2d717c4b,QC26080077,1,2d717c4b.Image1.034103.jpg
2d717c4b,QC26080077,2,2d717c4b.Image2.034103.jpg
185e0e66,QC26080077,1,185e0e66.Image1.034118.jpg
e30aa044,QC26080077,1,e30aa044.Image1.034130.jpg
9af6c241,QC26080077,1,9af6c241.Image1.034144.jpg
9af6c241,QC26080077,2,9af6c241.Image2.034144.jpg
6f8760d8,QC26080077,1,6f8760d8.Image1.034156.jpg
31484998,QC26080077,1,31484998.Image1.034207.jpg
a6b328ce,QC26080077,1,a6b328ce.Image1.034219.jpg
cd15f425,QC26080078,1,cd15f425.Image1.042216.jpg
cd15f425,QC26080078,2,cd15f425.Image2.042216.jpg
cd15f425,QC26080078,3,cd15f425.Image3.042216.jpg
19c0380f,QC26080078,1,19c0380f.Image1.042231.jpg
fd22c76a,QC26080078,1,fd22c76a.Image1.042244.jpg
38b69202,QC26080079,1,38b69202.Image1.060933.jpg
38b69202,QC26080079,2,38b69202.Image2.060933.jpg
05c8706f,QC26080079,1,05c8706f.Image1.060947.jpg
05c8706f,QC26080079,2,05c8706f.Image2.060947.jpg
52a1d7cb,QC26080079,1,52a1d7cb.Image1.061001.jpg
f55d5ade,QC26080079,1,f55d5ade.Image1.061013.jpg
f216dd43,QC26080079,1,f216dd43.Image1.061025.jpg
f5b7b5d3,QC26080079,1,f5b7b5d3.Image1.061038.jpg
f5b7b5d3,QC26080079,2,f5b7b5d3.Image2.061038.jpg
f5b7b5d3,QC26080079,3,f5b7b5d3.Image3.061038.jpg
030e478f,QC26080079,1,030e478f.Image1.061049.jpg
a18b65a8,QC26080079,1,a18b65a8.Image1.061101.jpg
fbccf949,QC26080080,1,fbccf949.Image1.062313.jpg
fbccf949,QC26080080,2,fbccf949.Image2.062313.jpg
fbccf949,QC26080080,3,fbccf949.Image3.062313.jpg
2ad51b29,QC26080080,1,2ad51b29.Image1.062328.jpg
525b1abf,QC26080080,1,525b1abf.Image1.062340.jpg
525b1abf,QC26080080,2,525b1abf.Image2.062340.jpg
1446477f,QC26080081,1,1446477f.Image1.064331.jpg
66d1b765,QC26080081,1,66d1b765.Image1.064344.jpg
44915664,QC26080081,1,44915664.Image1.064357.jpg
21726149,QC26080081,1,21726149.Image1.064410.jpg
5a273130,QC26080085,1,5a273130.Image1.072842.jpg
5a273130,QC26080085,2,5a273130.Image2.072842.jpg
c766ad6b,QC26080086,1,c766ad6b.Image1.073436.jpg
c766ad6b,QC26080086,2,c766ad6b.Image2.073436.jpg
279e5b72,QC26080086,1,279e5b72.Image1.073451.jpg
279e5b72,QC26080086,2,279e5b72.Image2.073451.jpg
279e5b72,QC26080086,3,279e5b72.Image3.073451.jpg
13bc3afc,QC26080086,1,13bc3afc.Image1.073503.jpg
d4555c7e,QC26080089,1,d4555c7e.Image1.091028.jpg
d4555c7e,QC26080089,2,d4555c7e.Image2.091028.jpg
d4555c7e,QC26080089,3,d4555c7e.Image3.091028.jpg
bbb68821,QC26080090,1,bbb68821.Image1.091556.jpg
b7074cf4,QC26080090,1,b7074cf4.Image1.091611.jpg
b7074cf4,QC26080090,2,b7074cf4.Image2.091611.jpg
b7074cf4,QC26080090,3,b7074cf4.Image3.091611.jpg
7a9e291d,QC26080091,1,7a9e291d.Image1.060436.jpg
7a9e291d,QC26080091,2,7a9e291d.Image2.060436.jpg
ad593615,QC26080091,1,ad593615.Image1.060454.jpg
ad593615,QC26080091,2,ad593615.Image2.060454.jpg
879f8d76,QC26080091,1,879f8d76.Image1.060510.jpg
d1329675,QC26080093,1,d1329675.Image1.083806.jpg
d1329675,QC26080093,2,d1329675.Image2.083806.jpg
d1329675,QC26080093,3,d1329675.Image3.083806.jpg
7084ac22,QC26080093,1,7084ac22.Image1.083820.jpg
66f8dac7,QC26080093,1,66f8dac7.Image1.083832.jpg
66f8dac7,QC26080093,2,66f8dac7.Image2.083832.jpg
2c1717c6,QC26080093,1,2c1717c6.Image1.083844.jpg
2c1717c6,QC26080093,2,2c1717c6.Image2.083844.jpg
6c5a16a4,QC26080093,1,6c5a16a4.Image1.083859.jpg
3e09554d,QC26080093,1,3e09554d.Image1.083911.jpg
11277732,QC26080093,1,11277732.Image1.083925.jpg
45b929d0,QC26080093,1,45b929d0.Image1.083938.jpg
be0411b5,QC26080094,1,be0411b5.Image1.084943.jpg
ed8a47d5,QC26080094,1,ed8a47d5.Image1.084956.jpg
23b858c9,QC26080094,1,23b858c9.Image1.085009.jpg
992b4e48,QC26080094,1,992b4e48.Image1.085023.jpg
da6bd968,QC26080094,1,da6bd968.Image1.085035.jpg
dc6a2655,QC26080094,1,dc6a2655.Image1.085052.jpg
3408c31f,QC26080095,1,3408c31f.Image1.093112.jpg
3408c31f,QC26080095,2,3408c31f.Image2.093112.jpg
25f37972,QC26080095,1,25f37972.Image1.093128.jpg
25f37972,QC26080095,2,25f37972.Image2.093128.jpg
ef4c4cf4,QC26080095,1,ef4c4cf4.Image1.093141.jpg
ef4c4cf4,QC26080095,2,ef4c4cf4.Image2.093141.jpg
ef4c4cf4,QC26080095,3,ef4c4cf4.Image3.093141.jpg
bde69446,QC26080095,1,bde69446.Image1.093153.jpg
bde69446,QC26080095,2,bde69446.Image2.093153.jpg
2f4be322,QC26080095,1,2f4be322.Image1.093205.jpg
85193b4e,QC26080095,1,85193b4e.Image1.093217.jpg
db9a5aa2,QC26080095,1,db9a5aa2.Image1.093229.jpg
d2ddc315,QC26080095,1,d2ddc315.Image1.093240.jpg
bafad929,QC26080095,1,bafad929.Image1.093252.jpg
fc34628b,QC26080095,1,fc34628b.Image1.093305.jpg
8c18246d,QC26080095,1,8c18246d.Image1.093317.jpg
d9bc63b0,QC26080095,1,d9bc63b0.Image1.093330.jpg
42514063,QC26080096,1,42514063.Image1.093400.jpg
42514063,QC26080096,2,42514063.Image2.093400.jpg
42514063,QC26080096,3,42514063.Image3.093400.jpg
40bd7a3d,QC26080097,1,40bd7a3d.Image1.093822.jpg
40bd7a3d,QC26080097,2,40bd7a3d.Image2.093822.jpg
40bd7a3d,QC26080097,3,40bd7a3d.Image3.093822.jpg
0cbbf523,QC26080097,1,0cbbf523.Image1.093837.jpg
0cbbf523,QC26080097,2,0cbbf523.Image2.093837.jpg
9ff0e45f,QC26080097,1,9ff0e45f.Image1.093850.jpg
9ff0e45f,QC26080097,2,9ff0e45f.Image2.093850.jpg
4beda826,QC26080097,1,4beda826.Image1.093902.jpg
4beda826,QC26080097,2,4beda826.Image2.093902.jpg
4beda826,QC26080097,3,4beda826.Image3.093902.jpg
29fa8a35,QC26080097,1,29fa8a35.Image1.093914.jpg
9296125d,QC26080097,1,9296125d.Image1.093925.jpg
d38b3c23,QC26080097,1,d38b3c23.Image1.093937.jpg
36fe46ef,QC26080097,1,36fe46ef.Image1.093950.jpg
d3433116,QC26080097,1,d3433116.Image1.094002.jpg
8df8e8bf,QC26080097,1,8df8e8bf.Image1.094015.jpg
4f31fd9c,QC26080098,1,4f31fd9c.Image1.094800.jpg
4802d4cf,QC26080098,1,4802d4cf.Image1.094812.jpg
8824fb2b,QC26080098,1,8824fb2b.Image1.094824.jpg
19b45ce9,QC26080098,1,19b45ce9.Image1.094837.jpg
bde2874b,QC26080099,1,bde2874b.Image1.011439.jpg
bd943055,QC26080099,1,bd943055.Image1.011452.jpg
bd943055,QC26080099,2,bd943055.Image2.011452.jpg
087ceb68,QC26080099,1,087ceb68.Image1.011505.jpg
b1190a0c,QC26080099,1,b1190a0c.Image1.011518.jpg
29ddd348,QC26080100,1,29ddd348.Image1.083939.jpg
29ddd348,QC26080100,2,29ddd348.Image2.083939.jpg
36335668,QC26080100,1,36335668.Image1.083953.jpg
98d97f6e,QC26080101,1,98d97f6e.Image1.084555.jpg
6eb8189f,QC26080101,1,6eb8189f.Image1.084610.jpg
ef10ff56,QC26080101,1,ef10ff56.Image1.084625.jpg
edce0261,QC26080101,1,edce0261.Image1.084638.jpg
edce0261,QC26080101,2,edce0261.Image2.084638.jpg
c0022612,QC26080101,1,c0022612.Image1.084651.jpg
975dfa0f,QC26080101,1,975dfa0f.Image1.084705.jpg
9b8f6dd2,QC26080102,1,9b8f6dd2.Image1.085938.jpg
1929b078,QC26080102,1,1929b078.Image1.085951.jpg
3bf5b157,QC26080103,1,3bf5b157.Image1.090343.jpg
85038dcb,QC26080103,1,85038dcb.Image1.090356.jpg
28e1ce19,QC26080104,1,28e1ce19.Image1.091023.jpg
73242f83,QC26080104,1,73242f83.Image1.091036.jpg
b7501c83,QC26080104,1,b7501c83.Image1.091054.jpg
b2f4be5d,QC26080104,1,b2f4be5d.Image1.091106.jpg
b16562d7,QC26080105,1,b16562d7.Image1.091953.jpg
0e81e78a,QC26080105,1,0e81e78a.Image1.092008.jpg
9850e5c2,QC26080105,1,9850e5c2.Image1.092021.jpg
8fed0be2,QC26080105,1,8fed0be2.Image1.092035.jpg
358aeaca,QC26080105,1,358aeaca.Image1.092048.jpg
a1a041e3,QC26080105,1,a1a041e3.Image1.092101.jpg
7b0601fa,QC26080105,1,7b0601fa.Image1.092113.jpg
1113a18a,QC26080106,1,1113a18a.Image1.095039.jpg
1113a18a,QC26080106,2,1113a18a.Image2.095039.jpg
eaf9693b,QC26080106,1,eaf9693b.Image1.095052.jpg
eaf9693b,QC26080106,2,eaf9693b.Image2.095052.jpg
8d1d2f94,QC26080106,1,8d1d2f94.Image1.095106.jpg
9a1cc4eb,QC26080106,1,9a1cc4eb.Image1.095118.jpg
b473b9f7,QC26080106,1,b473b9f7.Image1.095130.jpg
e6749934,QC26080106,1,e6749934.Image1.095143.jpg
a2417c51,QC26080106,1,a2417c51.Image1.095156.jpg
70d33a6c,QC26080106,1,70d33a6c.Image1.095210.jpg
3a8f6a3e,QC26080109,1,3a8f6a3e.Image1.015837.jpg
c49c6867,QC26080109,1,c49c6867.Image1.015851.jpg
c49c6867,QC26080109,2,c49c6867.Image2.015851.jpg
39c2a612,QC26080109,1,39c2a612.Image1.015905.jpg
36457fe0,QC26080109,1,36457fe0.Image1.015930.jpg
5b534e07,QC26080109,1,5b534e07.Image1.015946.jpg
5b534e07,QC26080109,2,5b534e07.Image2.015946.jpg
98fe7234,QC26080109,1,98fe7234.Image1.020000.jpg
98fe7234,QC26080109,2,98fe7234.Image2.020000.jpg
ccaf2a13,QC26080109,1,ccaf2a13.Image1.020020.jpg
ccaf2a13,QC26080109,2,ccaf2a13.Image2.020020.jpg
ab82655a,QC26080110,1,ab82655a.Image1.034247.jpg
c9fa3df2,QC26080110,1,c9fa3df2.Image1.034301.jpg
cb72923a,QC26080110,1,cb72923a.Image1.034313.jpg
67688b0c,QC26080110,1,67688b0c.Image1.034326.jpg
0316f710,QC26080110,1,0316f710.Image1.034341.jpg
efbc6909,QC26080110,1,efbc6909.Image1.034356.jpg
48dd4d12,QC26080110,1,48dd4d12.Image1.034408.jpg
fc8930f4,QC26080111,1,fc8930f4.Image1.061702.jpg
fc8930f4,QC26080111,2,fc8930f4.Image2.061702.jpg
4e2b6bb0,QC26080111,1,4e2b6bb0.Image1.061715.jpg
73b77615,QC26080111,1,73b77615.Image1.061728.jpg
de3fb56d,QC26080112,1,de3fb56d.Image1.063726.jpg
de3fb56d,QC26080112,2,de3fb56d.Image2.063726.jpg
17fc8406,QC26080112,1,17fc8406.Image1.063739.jpg
b99017e0,QC26080112,1,b99017e0.Image1.063751.jpg
6cf7f564,QC26080112,1,6cf7f564.Image1.063804.jpg
3b6c800a,QC26080112,1,3b6c800a.Image1.063817.jpg
3809d537,QC26080112,1,3809d537.Image1.063834.jpg
1741eb7e,QC26080112,1,1741eb7e.Image1.063847.jpg
6d0d7da4,QC26080112,1,6d0d7da4.Image1.063859.jpg
24a55d2d,QC26080113,1,24a55d2d.Image1.072158.jpg
4efc7483,QC26080113,1,4efc7483.Image1.072211.jpg
4efc7483,QC26080113,2,4efc7483.Image2.072211.jpg
9cecab0f,QC26080113,1,9cecab0f.Image1.072228.jpg
9cecab0f,QC26080113,2,9cecab0f.Image2.072228.jpg
d13d96f0,QC26080113,1,d13d96f0.Image1.072243.jpg
d13d96f0,QC26080113,2,d13d96f0.Image2.072243.jpg
d13d96f0,QC26080113,3,d13d96f0.Image3.072243.jpg
b610aa5a,QC26080113,1,b610aa5a.Image1.072258.jpg
f95f367b,QC26080113,1,f95f367b.Image1.072312.jpg
f95f367b,QC26080113,2,f95f367b.Image2.072312.jpg
8e6391e0,QC26080113,1,8e6391e0.Image1.072324.jpg
0ab58664,QC26080113,1,0ab58664.Image1.072336.jpg
6f8c3255,QC26080113,1,6f8c3255.Image1.072348.jpg
eebaf144,QC26080113,1,eebaf144.Image1.072400.jpg
eebaf144,QC26080113,2,eebaf144.Image2.072400.jpg
e385c390,QC26080115,1,e385c390.Image1.075802.jpg
01f5d9ed,QC26080115,1,01f5d9ed.Image1.075821.jpg
01f5d9ed,QC26080115,2,01f5d9ed.Image2.075821.jpg
01f5d9ed,QC26080115,3,01f5d9ed.Image3.075821.jpg
a6fe414f,QC26080115,1,a6fe414f.Image1.075835.jpg
a6fe414f,QC26080115,2,a6fe414f.Image2.075835.jpg
2cc866c0,QC26080115,1,2cc866c0.Image1.075853.jpg
39a54e42,QC26080115,1,39a54e42.Image1.075907.jpg
f4fac2dd,QC26080115,1,f4fac2dd.Image1.075922.jpg
5c84d54a,QC26080116,1,5c84d54a.Image1.082220.jpg
8a0ee586,QC26080116,1,8a0ee586.Image1.082233.jpg
c4bbfcb3,QC26080116,1,c4bbfcb3.Image1.082245.jpg
c4bbfcb3,QC26080116,2,c4bbfcb3.Image2.082245.jpg
c0474b14,QC26080116,1,c0474b14.Image1.082259.jpg
4ce2c1dd,QC26080121,1,4ce2c1dd.Image1.085014.jpg
4ce2c1dd,QC26080121,2,4ce2c1dd.Image2.085014.jpg
e947e072,QC26080121,1,e947e072.Image1.085028.jpg
e947e072,QC26080121,2,e947e072.Image2.085028.jpg
e947e072,QC26080121,3,e947e072.Image3.085028.jpg
c2dd4b66,QC26080121,1,c2dd4b66.Image1.085040.jpg
c2dd4b66,QC26080121,2,c2dd4b66.Image2.085040.jpg
5480dfbc,QC26080121,1,5480dfbc.Image1.085052.jpg
5480dfbc,QC26080121,2,5480dfbc.Image2.085052.jpg
59b68848,QC26080121,1,59b68848.Image1.085105.jpg
cecef13e,QC26080121,1,cecef13e.Image1.085118.jpg
718c06ab,QC26080121,1,718c06ab.Image1.085131.jpg
e8b5b059,QC26080121,1,e8b5b059.Image1.085145.jpg
3365c35d,QC26080121,1,3365c35d.Image1.085157.jpg
f02023a0,QC26080121,1,f02023a0.Image1.085209.jpg
593d2305,QC26080123,1,593d2305.Image1.091719.jpg
d92cebaf,QC26080123,1,d92cebaf.Image1.091740.jpg
d92cebaf,QC26080123,2,d92cebaf.Image2.091740.jpg
6271fa9b,QC26080123,1,6271fa9b.Image1.091755.jpg
6271fa9b,QC26080123,2,6271fa9b.Image2.091755.jpg
989de03e,QC26080123,1,989de03e.Image1.091808.jpg
71952a8a,QC26080123,1,71952a8a.Image1.091820.jpg
0ff6f82f,QC26080123,1,0ff6f82f.Image1.091834.jpg
5d22abf6,QC26080123,1,5d22abf6.Image1.091846.jpg
a0c51a3a,QC26080123,1,a0c51a3a.Image1.091859.jpg
29f6287e,QC26080123,1,29f6287e.Image1.091912.jpg
99d8fdeb,QC26080123,1,99d8fdeb.Image1.091925.jpg
b64ca659,QC26080123,1,b64ca659.Image1.091938.jpg
45f049e2,QC26080123,1,45f049e2.Image1.091950.jpg
e04ad868,QC26080124,1,e04ad868.Image1.093050.jpg
e04ad868,QC26080124,2,e04ad868.Image2.093050.jpg
d92b50ab,QC26080124,1,d92b50ab.Image1.093107.jpg
d92b50ab,QC26080124,2,d92b50ab.Image2.093107.jpg
24b86ead,QC26080124,1,24b86ead.Image1.093120.jpg
d498ef88,QC26080124,1,d498ef88.Image1.093135.jpg
43a61b20,QC26080124,1,43a61b20.Image1.093149.jpg
20b7f71f,QC26080124,1,20b7f71f.Image1.093201.jpg
20b7f71f,QC26080124,2,20b7f71f.Image2.093201.jpg
b224d30d,QC26080124,1,b224d30d.Image1.093214.jpg
c1bb45ee,QC26080125,1,c1bb45ee.Image1.095928.jpg
c1bb45ee,QC26080125,2,c1bb45ee.Image2.095928.jpg
ac7fc4db,QC26080125,1,ac7fc4db.Image1.095941.jpg
ac7fc4db,QC26080125,2,ac7fc4db.Image2.095941.jpg
29d8c05b,QC26080125,1,29d8c05b.Image2.095955.jpg
29d8c05b,QC26080125,2,29d8c05b.Image3.095955.jpg
333990ca,QC26080125,1,333990ca.Image1.100009.jpg
827602be,QC26080125,1,827602be.Image1.100022.jpg
10b1afff,QC26080125,1,10b1afff.Image1.100034.jpg
1d097077,QC26080125,1,1d097077.Image1.100046.jpg
e0639a2a,QC26080126,1,e0639a2a.Image1.013636.jpg
8d46b61b,QC26080126,1,8d46b61b.Image1.013651.jpg
f5105931,QC26080128,1,f5105931.Image1.021715.jpg
7a010cbc,QC26080128,1,7a010cbc.Image1.021731.jpg
8b66781e,QC26080129,1,8b66781e.Image1.035543.jpg
0f5ef0f9,QC26080129,1,0f5ef0f9.Image1.035556.jpg
0f5ef0f9,QC26080129,2,0f5ef0f9.Image2.035556.jpg
a192684a,QC26080129,1,a192684a.Image1.035608.jpg
51aed2c0,QC26080130,1,51aed2c0.Image1.042815.jpg
51aed2c0,QC26080130,2,51aed2c0.Image2.042815.jpg
0053ca62,QC26080130,1,0053ca62.Image1.042829.jpg
0053ca62,QC26080130,2,0053ca62.Image2.042829.jpg
ac4718d8,QC26080130,1,ac4718d8.Image1.042841.jpg
ac4718d8,QC26080130,2,ac4718d8.Image2.042841.jpg
c547214e,QC26080130,1,c547214e.Image1.042854.jpg
4fd994e7,QC26080130,1,4fd994e7.Image1.042906.jpg
694261bc,QC26080130,1,694261bc.Image1.042918.jpg
6e8c1f1a,QC26080130,1,6e8c1f1a.Image1.042930.jpg
95e25e57,QC26080130,1,95e25e57.Image1.042942.jpg
66eeded5,QC26080131,1,66eeded5.Image1.044408.jpg
0db074b9,QC26080131,1,0db074b9.Image1.044423.jpg
ffa6feed,QC26080131,1,ffa6feed.Image1.044436.jpg
3c031422,QC26080131,1,3c031422.Image1.044450.jpg
ac9070f1,QC26080131,1,ac9070f1.Image1.044502.jpg
2d1b28b6,QC26080132,1,2d1b28b6.Image1.045036.jpg
14d26ca8,QC26080132,1,14d26ca8.Image1.045052.jpg
14d26ca8,QC26080132,2,14d26ca8.Image2.045052.jpg
14d26ca8,QC26080132,3,14d26ca8.Image3.045052.jpg
77167f6d,QC26080133,1,77167f6d.Image1.060802.jpg
a3fd5282,QC26080133,1,a3fd5282.Image1.060815.jpg
a3fd5282,QC26080133,2,a3fd5282.Image2.060815.jpg
c8f67523,QC26080133,1,c8f67523.Image1.060829.jpg
548bdfbd,QC26080134,1,548bdfbd.Image1.061029.jpg
548bdfbd,QC26080134,2,548bdfbd.Image2.061029.jpg
a25ed710,QC26080134,1,a25ed710.Image1.061044.jpg
a25ed710,QC26080134,2,a25ed710.Image2.061044.jpg
a25ed710,QC26080134,3,a25ed710.Image3.061044.jpg
24e6b787,QC26080134,1,24e6b787.Image1.061056.jpg
6aa4e14c,QC26080134,1,6aa4e14c.Image1.061108.jpg
fc47422b,QC26080135,1,fc47422b.Image1.062434.jpg
4241d301,QC26080135,1,4241d301.Image1.062450.jpg
a772420c,QC26080135,1,a772420c.Image1.062505.jpg
2dc8ffc3,QC26080135,1,2dc8ffc3.Image1.062518.jpg
ba954902,QC26080135,1,ba954902.Image1.062531.jpg
845c74df,QC26080136,1,845c74df.Image1.063649.jpg
a57d26db,QC26080136,1,a57d26db.Image1.063702.jpg
d5a70f3d,QC26080136,1,d5a70f3d.Image1.063714.jpg
d5a70f3d,QC26080136,2,d5a70f3d.Image2.063714.jpg
7dfe8af4,QC26080136,1,7dfe8af4.Image1.063727.jpg
c677a92a,QC26080136,1,c677a92a.Image1.063739.jpg
d1ed634b,QC26080137,1,d1ed634b.Image1.080633.jpg
3a12dfee,QC26080137,1,3a12dfee.Image1.080648.jpg
5d14680d,QC26080137,1,5d14680d.Image1.080701.jpg
5d14680d,QC26080137,2,5d14680d.Image2.080701.jpg
5d14680d,QC26080137,3,5d14680d.Image3.080701.jpg
1c1e9fa0,QC26080137,1,1c1e9fa0.Image1.080713.jpg
bff9b0d5,QC26080137,1,bff9b0d5.Image1.080729.jpg
6321c99e,QC26080138,1,6321c99e.Image1.092135.jpg
d88cb94b,QC26080138,1,d88cb94b.Image1.092147.jpg
7589b5d3,QC26080138,1,7589b5d3.Image1.092159.jpg
5b2d24a8,QC26080138,1,5b2d24a8.Image1.092211.jpg
eaa837e2,QC26080138,1,eaa837e2.Image1.092223.jpg
14ec9c11,QC26080138,1,14ec9c11.Image1.092234.jpg
d77930f9,QC26080138,1,d77930f9.Image1.092246.jpg
d77930f9,QC26080138,2,d77930f9.Image2.092246.jpg
aad1978a,QC26080138,1,aad1978a.Image1.092259.jpg
eb51d5b1,QC26080138,1,eb51d5b1.Image1.092312.jpg
5800bf52,QC26080139,1,5800bf52.Image1.093006.jpg
dc5b157c,QC26080139,1,dc5b157c.Image1.093019.jpg
d0c53c92,QC26080139,1,d0c53c92.Image1.093031.jpg
071ead6c,QC26080139,1,071ead6c.Image1.093043.jpg
3a8d3f6b,QC26080139,1,3a8d3f6b.Image1.093055.jpg
165772d8,QC26080140,1,165772d8.Image1.100537.jpg
4a2f3d7e,QC26080140,1,4a2f3d7e.Image1.100604.jpg
4a2f3d7e,QC26080140,2,4a2f3d7e.Image2.100604.jpg
00a47f79,QC26080140,1,00a47f79.Image1.100618.jpg
00a47f79,QC26080140,2,00a47f79.Image2.100618.jpg
00a47f79,QC26080140,3,00a47f79.Image3.100618.jpg
52be9e21,QC26080140,1,52be9e21.Image1.100630.jpg
39c1ffb2,QC26080140,1,39c1ffb2.Image1.100652.jpg
d3147659,QC26080140,1,d3147659.Image1.100704.jpg
958edc33,QC26080140,1,958edc33.Image1.100716.jpg
faaf99e5,QC26080141,1,faaf99e5.Image1.032739.jpg
8eacb92d,QC26080141,1,8eacb92d.Image1.032755.jpg
8eacb92d,QC26080141,2,8eacb92d.Image2.032755.jpg
8eacb92d,QC26080141,3,8eacb92d.Image3.032755.jpg
e9b93554,QC26080141,1,e9b93554.Image1.032807.jpg
e9b93554,QC26080141,2,e9b93554.Image2.032807.jpg
baf0a582,QC26080141,1,baf0a582.Image1.032819.jpg
58c59c39,QC26080141,1,58c59c39.Image1.032832.jpg
f6186d8f,QC26080141,1,f6186d8f.Image1.032844.jpg
e58eaaca,QC26080141,1,e58eaaca.Image1.032856.jpg
2f17c61f,QC26080142,1,2f17c61f.Image1.035136.jpg
0ff238f2,QC26080142,1,0ff238f2.Image1.035151.jpg
0ff238f2,QC26080142,2,0ff238f2.Image2.035151.jpg
0d911434,QC26080142,1,0d911434.Image1.035206.jpg
0d911434,QC26080142,2,0d911434.Image2.035206.jpg
79dc68c0,QC26080142,1,79dc68c0.Image1.035227.jpg
ea2a22b9,QC26080142,1,ea2a22b9.Image1.035241.jpg
e8f2fc5a,QC26080142,1,e8f2fc5a.Image1.035253.jpg
e8f2fc5a,QC26080142,2,e8f2fc5a.Image2.035253.jpg
938eae69,QC26080143,1,938eae69.Image1.041033.jpg
d6e87be5,QC26080143,1,d6e87be5.Image1.041017.jpg
d6e87be5,QC26080143,2,d6e87be5.Image2.041017.jpg
ef51e7f6,QC26080143,1,ef51e7f6.Image1.041046.jpg
7fd76b3c,QC26080143,1,7fd76b3c.Image1.041058.jpg
6dfee3f9,QC26080143,1,6dfee3f9.Image1.041110.jpg
7d7ff212,QC26080143,1,7d7ff212.Image1.041123.jpg
cf7c65ea,QC26080143,1,cf7c65ea.Image1.041136.jpg
1b45fddf,QC26080143,1,1b45fddf.Image1.041148.jpg
f42104f3,QC26080143,1,f42104f3.Image1.041201.jpg
7c5e1d02,QC26080143,1,7c5e1d02.Image1.041214.jpg
89e9a754,QC26080143,1,89e9a754.Image1.041227.jpg
cc57d5a5,QC26080146,1,cc57d5a5.Image1.061139.jpg
e23f4e1b,QC26080146,1,e23f4e1b.Image1.061154.jpg
e23f4e1b,QC26080146,2,e23f4e1b.Image2.061154.jpg
8595fb50,QC26080146,1,8595fb50.Image1.061207.jpg
bf446fac,QC26080147,1,bf446fac.Image1.061506.jpg
3fc1a3bd,QC26080148,1,3fc1a3bd.Image1.062150.jpg
3fc1a3bd,QC26080148,2,3fc1a3bd.Image2.062150.jpg
187f2978,QC26080149,1,187f2978.Image1.063657.jpg
187f2978,QC26080149,2,187f2978.Image2.063657.jpg
33d66e49,QC26080149,1,33d66e49.Image1.063712.jpg
33d66e49,QC26080149,2,33d66e49.Image2.063712.jpg
33d66e49,QC26080149,3,33d66e49.Image3.063712.jpg
b205c171,QC26080149,1,b205c171.Image1.063723.jpg
cafc9c1e,QC26080149,1,cafc9c1e.Image1.063736.jpg
9a895cf4,QC26080149,1,9a895cf4.Image1.063748.jpg
9be81245,QC26080150,1,9be81245.Image1.064951.jpg
29bcc08a,QC26080150,1,29bcc08a.Image1.065006.jpg
29bcc08a,QC26080150,2,29bcc08a.Image2.065006.jpg
29bcc08a,QC26080150,3,29bcc08a.Image3.065006.jpg
e8d80a26,QC26080150,1,e8d80a26.Image1.065018.jpg
98918de6,QC26080150,1,98918de6.Image1.065030.jpg
98918de6,QC26080150,2,98918de6.Image2.065030.jpg
42dfa1e8,QC26080150,1,42dfa1e8.Image1.065042.jpg
9056ee5a,QC26080150,1,9056ee5a.Image1.065057.jpg
9056ee5a,QC26080150,2,9056ee5a.Image2.065057.jpg
fd522b84,QC26080151,1,fd522b84.Image1.070619.jpg
f4265e64,QC26080151,1,f4265e64.Image1.070632.jpg
650c0050,QC26080151,1,650c0050.Image1.070645.jpg
650c0050,QC26080151,2,650c0050.Image2.070645.jpg
4a834b29,QC26080151,1,4a834b29.Image1.070657.jpg
cfd04a91,QC26080151,1,cfd04a91.Image1.070709.jpg
1a63e574,QC26080152,1,1a63e574.Image1.080000.jpg
e44b5a8e,QC26080152,1,e44b5a8e.Image1.080013.jpg
c10591d4,QC26080152,1,c10591d4.Image1.080027.jpg
436329f9,QC26080152,1,436329f9.Image1.080039.jpg
436329f9,QC26080152,2,436329f9.Image2.080039.jpg
1982ce0a,QC26080152,1,1982ce0a.Image1.080051.jpg
1982ce0a,QC26080152,2,1982ce0a.Image2.080051.jpg
9cc5496c,QC26080152,1,9cc5496c.Image1.080103.jpg
9cc5496c,QC26080152,2,9cc5496c.Image2.080103.jpg
1d78efac,QC26080152,1,1d78efac.Image1.080115.jpg
1d78efac,QC26080152,2,1d78efac.Image2.080115.jpg
d6c53a22,QC26080152,1,d6c53a22.Image1.080128.jpg
f2d2f050,QC26080152,1,f2d2f050.Image1.080139.jpg
91274707,QC26080152,1,91274707.Image1.080151.jpg
27e51ff3,QC26080152,1,27e51ff3.Image1.080204.jpg
ec00e14c,QC26080152,1,ec00e14c.Image1.080217.jpg
55d484b2,QC26080152,1,55d484b2.Image1.080231.jpg
55d484b2,QC26080152,2,55d484b2.Image2.080231.jpg
0f15f014,QC26080153,1,0f15f014.Image1.081757.jpg
da0ea37d,QC26080153,1,da0ea37d.Image1.081812.jpg
da0ea37d,QC26080153,2,da0ea37d.Image2.081812.jpg
da0ea37d,QC26080153,3,da0ea37d.Image3.081812.jpg
704ac595,QC26080154,1,704ac595.Image1.082701.jpg
d88bf411,QC26080154,1,d88bf411.Image1.082716.jpg
1c5e372e,QC26080154,1,1c5e372e.Image1.082729.jpg
1c5e372e,QC26080154,2,1c5e372e.Image2.082729.jpg
864037ca,QC26080154,1,864037ca.Image1.082742.jpg
e0d9f7e1,QC26080154,1,e0d9f7e1.Image1.082754.jpg
c84f9728,QC26080154,1,c84f9728.Image1.082806.jpg
83bf3818,QC26080154,1,83bf3818.Image1.082819.jpg
a251e7cb,QC26080155,1,a251e7cb.Image1.083715.jpg
1da4743e,QC26080155,1,1da4743e.Image1.083736.jpg
1da4743e,QC26080155,2,1da4743e.Image2.083736.jpg
18049f44,QC26080155,1,18049f44.Image1.083748.jpg
263c70e0,QC26080155,1,263c70e0.Image1.083801.png
e030b06f,QC26080157,1,e030b06f.Image1.090653.jpg
3ab734dc,QC26080157,1,3ab734dc.Image1.090708.jpg
80b5cd35,QC26080157,1,80b5cd35.Image1.090723.jpg
f55e9e31,QC26080157,1,f55e9e31.Image1.090734.jpg
eeba2cf2,QC26080157,1,eeba2cf2.Image1.090747.jpg
eeba2cf2,QC26080157,2,eeba2cf2.Image2.090747.jpg
eeba2cf2,QC26080157,3,eeba2cf2.Image3.090747.jpg
4ab2ebd6,QC26080158,1,4ab2ebd6.Image1.091141.jpg
24cc7c69,QC26080158,1,24cc7c69.Image1.091156.jpg
24cc7c69,QC26080158,2,24cc7c69.Image2.091156.jpg
2cc82504,QC26080158,1,2cc82504.Image1.091209.jpg
2cc82504,QC26080158,2,2cc82504.Image2.091209.jpg
a6a904bd,QC26080158,1,a6a904bd.Image1.091222.jpg
6a1cb74f,QC26080159,1,6a1cb74f.Image1.093000.jpg
6a1cb74f,QC26080159,2,6a1cb74f.Image2.093000.jpg
554e0c89,QC26080159,1,554e0c89.Image1.093015.jpg
554e0c89,QC26080159,2,554e0c89.Image2.093015.jpg
3ee71d60,QC26080159,1,3ee71d60.Image1.093029.jpg
70329f2a,QC26080159,1,70329f2a.Image1.093041.jpg
44fde19a,QC26080160,1,44fde19a.Image1.093221.jpg
44fde19a,QC26080160,2,44fde19a.Image2.093221.jpg
44fde19a,QC26080160,3,44fde19a.Image3.093221.jpg
ae4c4b9f,QC26070194,1,ae4c4b9f.Image1.041339.png
ae4c4b9f,QC26070194,2,ae4c4b9f.Image2.041339.png
ae4c4b9f,QC26070194,3,ae4c4b9f.Image3.041339.png
13f08c30,QC26070194,1,13f08c30.Image1.041353.png
13f08c30,QC26070194,2,13f08c30.Image2.041353.png
e2f0c572,QC26070194,1,e2f0c572.Image1.041406.png
20214c59,QC26070194,1,20214c59.Image1.041419.png
ae6dbd6c,QC26070194,1,ae6dbd6c.Image1.041430.png
a2eefaba,QC26070194,1,a2eefaba.Image1.041442.png
38652767,QC26080161,1,38652767.Image1.062814.jpg
209a9946,QC26080161,1,209a9946.Image1.062834.jpg
209a9946,QC26080161,2,209a9946.Image2.062834.jpg
8fae366f,QC26080161,1,8fae366f.Image1.062849.jpg
8fae366f,QC26080161,2,8fae366f.Image2.062849.jpg
8fae366f,QC26080161,3,8fae366f.Image3.062849.jpg
88487243,QC26080161,1,88487243.Image1.062903.jpg
f2a4fdcd,QC26080162,1,f2a4fdcd.Image1.063756.png
bd6b3791,QC26080162,1,bd6b3791.Image1.063809.jpg
ee2bc5fd,QC26080162,1,ee2bc5fd.Image1.063823.jpg
97a7285c,QC26080162,1,97a7285c.Image1.063836.jpg
0cdeb0ee,QC26080163,1,0cdeb0ee.Image1.063847.jpg
9606de8f,QC26080162,1,9606de8f.Image1.063848.jpg
9606de8f,QC26080162,2,9606de8f.Image2.063848.jpg
66b6e809,QC26080163,1,66b6e809.Image1.063900.jpg
66b6e809,QC26080163,2,66b6e809.Image2.063900.jpg
b520caae,QC26080162,1,b520caae.Image1.063902.jpg
4c2553a1,QC26080163,1,4c2553a1.Image1.063913.jpg
4c2553a1,QC26080163,2,4c2553a1.Image2.063913.jpg
b2cad4a8,QC26080162,1,b2cad4a8.Image1.063914.jpg
ef54d235,QC26080163,1,ef54d235.Image1.063925.jpg
2cf52a8b,QC26080163,1,2cf52a8b.Image1.063939.jpg
6cded1ce,QC26080163,1,6cded1ce.Image1.064011.jpg
dae828da,QC26080164,1,dae828da.Image1.065017.jpg
5cb096f9,QC26080164,1,5cb096f9.Image1.065036.jpg
5cb096f9,QC26080164,2,5cb096f9.Image2.065036.jpg
5cb096f9,QC26080164,3,5cb096f9.Image3.065036.jpg
d759d2bf,QC26080164,1,d759d2bf.Image1.065050.jpg
d759d2bf,QC26080164,2,d759d2bf.Image2.065050.jpg
2ae37931,QC26080165,1,2ae37931.Image1.065438.jpg
2ae37931,QC26080165,2,2ae37931.Image2.065438.jpg
6c6c614f,QC26080165,1,6c6c614f.Image1.065452.jpg
6c6c614f,QC26080165,2,6c6c614f.Image2.065452.jpg
8611c979,QC26080165,1,8611c979.Image1.065506.jpg
8611c979,QC26080165,2,8611c979.Image2.065506.jpg
8611c979,QC26080165,3,8611c979.Image3.065506.jpg
7ea4efc3,QC26080166,1,7ea4efc3.Image1.065834.jpg
79462750,QC26080166,1,79462750.Image1.065848.jpg
5054ecff,QC26080166,1,5054ecff.Image1.065900.jpg
5054ecff,QC26080166,2,5054ecff.Image2.065900.jpg
c880e124,QC26080166,1,c880e124.Image1.065913.jpg
032a5d87,QC26080166,1,032a5d87.Image1.065928.jpg
3c91ec6b,QC26080167,1,3c91ec6b.Image1.070214.jpg
3c91ec6b,QC26080167,2,3c91ec6b.Image2.070214.jpg
3c91ec6b,QC26080167,3,3c91ec6b.Image3.070214.jpg
e31fbbfb,QC26080167,1,e31fbbfb.Image1.070229.jpg
cd0bb583,QC26080167,1,cd0bb583.Image1.070243.jpg
037a19a1,QC26080167,1,037a19a1.Image1.070258.jpg
037a19a1,QC26080167,2,037a19a1.Image2.070258.jpg
007d235c,QC26080168,1,007d235c.Image1.070442.jpg
4530e3a4,QC26080169,1,4530e3a4.Image1.072222.jpg
19f79193,QC26080170,1,19f79193.Image1.073241.jpg
c47795aa,QC26080170,1,c47795aa.Image1.073257.jpg
6d83e5b5,QC26080170,1,6d83e5b5.Image1.073315.jpg
929d2927,QC26080170,1,929d2927.Image1.073329.jpg
929d2927,QC26080170,2,929d2927.Image2.073330.jpg
929d2927,QC26080170,3,929d2927.Image3.073329.jpg
b6d660cb,QC26080171,1,b6d660cb.Image1.075649.jpg
b6d660cb,QC26080171,2,b6d660cb.Image2.075649.jpg
b6d660cb,QC26080171,3,b6d660cb.Image3.075649.jpg
341482b9,QC26080171,1,341482b9.Image1.075705.jpg
341482b9,QC26080171,2,341482b9.Image2.075705.jpg
341482b9,QC26080171,3,341482b9.Image3.075705.jpg
9b24359a,QC26080172,1,9b24359a.Image1.081127.jpg
9b24359a,QC26080172,2,9b24359a.Image2.081127.jpg
9b24359a,QC26080172,3,9b24359a.Image3.081127.jpg
ae680649,QC26080172,1,ae680649.Image1.081142.jpg
ae680649,QC26080172,2,ae680649.Image2.081142.jpg
3711f0dc,QC26080173,1,3711f0dc.Image1.092228.jpg
3711f0dc,QC26080173,2,3711f0dc.Image2.092228.jpg
ff4d6ac4,QC26080173,1,ff4d6ac4.Image1.092241.jpg
5d48d937,QC26080174,1,5d48d937.Image1.093024.jpg
4dba7b15,QC26080174,1,4dba7b15.Image1.093039.jpg
4dba7b15,QC26080174,2,4dba7b15.Image2.093039.jpg
d2f3ea89,QC26080174,1,d2f3ea89.Image1.093052.jpg
10e4fcb2,QC26080174,1,10e4fcb2.Image1.093106.jpg
10e4fcb2,QC26080174,2,10e4fcb2.Image2.093106.jpg
a9d9b0f5,QC26080174,1,a9d9b0f5.Image1.093118.jpg
bfdfc6fe,QC26080174,1,bfdfc6fe.Image1.093131.png
d83adc4c,QC26080175,1,d83adc4c.Image1.025919.jpg
d83adc4c,QC26080175,2,d83adc4c.Image2.025919.jpg
d83adc4c,QC26080175,3,d83adc4c.Image3.025919.jpg
a993fd54,QC26080175,1,a993fd54.Image1.025933.jpg
eda97a29,QC26080176,1,eda97a29.Image1.033527.jpg
eda97a29,QC26080176,2,eda97a29.Image2.033527.jpg
339f07ca,QC26080176,1,339f07ca.Image1.033542.jpg
339f07ca,QC26080176,2,339f07ca.Image2.033542.jpg
336dabd8,QC26080176,1,336dabd8.Image1.033556.jpg
e3c92a42,QC26080176,1,e3c92a42.Image1.033608.jpg
18e2950b,QC26080176,1,18e2950b.Image1.033620.jpg
792ede34,QC26080176,1,792ede34.Image1.033633.jpg
959386d9,QC26080177,1,959386d9.Image1.034227.jpg
959386d9,QC26080177,2,959386d9.Image2.034227.jpg
6c1e8fbe,QC26080177,1,6c1e8fbe.Image1.034241.jpg
8d72207c,QC26080177,1,8d72207c.Image1.034254.jpg
3acbe7c6,QC26080177,1,3acbe7c6.Image1.034307.jpg
56623927,QC26080178,1,56623927.Image1.040558.jpg
e63e464e,QC26080178,1,e63e464e.Image1.040615.jpg
32ad9031,QC26080178,1,32ad9031.Image1.040630.jpg
9b301b9f,QC26080178,1,9b301b9f.Image1.040644.jpg
9b301b9f,QC26080178,2,9b301b9f.Image2.040644.jpg
9b301b9f,QC26080178,3,9b301b9f.Image3.040644.jpg
6ba97418,QC26080178,1,6ba97418.Image1.040657.jpg
9f737fe8,QC26080178,1,9f737fe8.Image1.040712.jpg
ae0a485b,QC26080179,1,ae0a485b.Image1.045512.jpg
ae0a485b,QC26080179,2,ae0a485b.Image2.045512.jpg
55512246,QC26080179,1,55512246.Image1.045525.jpg
f7b7947f,QC26080179,1,f7b7947f.Image1.045540.jpg
a90ab211,QC26080180,1,a90ab211.Image1.060635.jpg
a90ab211,QC26080180,2,a90ab211.Image2.060635.jpg
a90ab211,QC26080180,3,a90ab211.Image3.060635.jpg
42cae99d,QC26080180,1,42cae99d.Image1.060649.jpg
42cae99d,QC26080180,2,42cae99d.Image2.060649.jpg
42cae99d,QC26080180,3,42cae99d.Image3.060649.jpg
79f627f7,QC26080181,1,79f627f7.Image1.060758.jpg
9fce5e57,QC26080181,1,9fce5e57.Image1.060811.jpg
1f3b3176,QC26080181,1,1f3b3176.Image1.060825.jpg
ed6a7edf,QC26080181,1,ed6a7edf.Image1.060838.jpg
ed6a7edf,QC26080181,2,ed6a7edf.Image2.060838.jpg
f9734803,QC26080181,1,f9734803.Image1.060852.jpg
f9734803,QC26080181,2,f9734803.Image2.060852.jpg
c2806e1f,QC26080181,1,c2806e1f.Image1.060904.jpg
4d8db0a5,QC26080181,1,4d8db0a5.Image1.060917.jpg
437f808b,QC26080181,1,437f808b.Image1.060933.jpg
c83de3ab,QC26080181,1,c83de3ab.Image1.060945.jpg
c83de3ab,QC26080181,2,c83de3ab.Image2.060945.jpg
2ec09f65,QC26080181,1,2ec09f65.Image1.061002.jpg
fc926947,QC26080182,1,fc926947.Image1.062038.jpg
fc926947,QC26080182,2,fc926947.Image2.062038.jpg
fc926947,QC26080182,3,fc926947.Image3.062038.jpg
5174aa7a,QC26080182,1,5174aa7a.Image1.062101.jpg
0b6a112c,QC26080182,1,0b6a112c.Image1.062113.jpg
28163f39,QC26080182,1,28163f39.Image1.062126.jpg
28163f39,QC26080182,2,28163f39.Image2.062126.jpg
da8ae1eb,QC26080182,1,da8ae1eb.Image1.062140.jpg
da8ae1eb,QC26080182,2,da8ae1eb.Image2.062140.jpg
b117fe56,QC26080185,1,b117fe56.Image1.065218.jpg
b117fe56,QC26080185,2,b117fe56.Image2.065218.jpg
50296acd,QC26080185,1,50296acd.Image1.065236.jpg
0ef9e8c4,QC26080185,1,0ef9e8c4.Image1.065249.jpg
d3bd1a52,QC26080185,1,d3bd1a52.Image1.065302.jpg
d3bd1a52,QC26080185,2,d3bd1a52.Image2.065302.jpg
d3bd1a52,QC26080185,3,d3bd1a52.Image3.065302.jpg
91f1f5e8,QC26080185,1,91f1f5e8.Image1.065316.jpg
91f1f5e8,QC26080185,2,91f1f5e8.Image2.065316.jpg
234ca12e,QC26080185,1,234ca12e.Image1.065328.jpg
42f79bed,QC26080185,1,42f79bed.Image1.065339.jpg
4775d46c,QC26080187,1,4775d46c.Image1.065917.jpg
4775d46c,QC26080187,2,4775d46c.Image2.065917.jpg
4775d46c,QC26080187,3,4775d46c.Image3.065917.jpg
e798a43b,QC26080187,1,e798a43b.Image1.065932.jpg
649013db,QC26080187,1,649013db.Image1.065947.jpg
649013db,QC26080187,2,649013db.Image2.065947.jpg
123b85d0,QC26080187,1,123b85d0.Image1.070000.jpg
123b85d0,QC26080187,2,123b85d0.Image2.070000.jpg
aee3a14a,QC26080192,1,aee3a14a.Image1.074414.jpg
f7bf505b,QC26080192,1,f7bf505b.Image1.074427.jpg
e8a8271c,QC26080192,1,e8a8271c.Image1.074442.jpg
e8a8271c,QC26080192,2,e8a8271c.Image2.074442.jpg
e8a8271c,QC26080192,3,e8a8271c.Image3.074442.jpg
ddf56f92,QC26080192,1,ddf56f92.Image1.074457.jpg
ddf56f92,QC26080192,2,ddf56f92.Image2.074457.jpg
925e13ed,QC26080192,1,925e13ed.Image1.074509.jpg
34950357,QC26080192,1,34950357.Image1.074522.jpg
0de0f1a7,QC26080193,1,0de0f1a7.Image1.075831.jpg
e8a655d6,QC26080194,1,e8a655d6.Image1.080315.jpg
e8a655d6,QC26080194,2,e8a655d6.Image2.080314.jpg
e8a655d6,QC26080194,3,e8a655d6.Image3.080314.jpg
18664374,QC26080194,1,18664374.Image1.080332.jpg
3c5ff89c,QC26080194,1,3c5ff89c.Image1.080348.jpg
873719b5,QC26080194,1,873719b5.Image1.080405.jpg
dabafbc3,QC26080194,1,dabafbc3.Image1.080422.jpg
5a99829a,QC26080195,1,5a99829a.Image1.081630.jpg
5a99829a,QC26080195,2,5a99829a.Image2.081630.jpg
5a99829a,QC26080195,3,5a99829a.Image3.081630.jpg
8fa2e91d,QC26080195,1,8fa2e91d.Image1.081643.jpg
8fa2e91d,QC26080195,2,8fa2e91d.Image2.081643.jpg
8fa2e91d,QC26080195,3,8fa2e91d.Image3.081643.jpg
cd5be8cf,QC26080195,1,cd5be8cf.Image1.081655.jpg
cc735346,QC26080195,1,cc735346.Image1.081710.jpg
0fe271c1,QC26080196,1,0fe271c1.Image1.084422.jpg
50e1e116,QC26080196,1,50e1e116.Image1.084436.jpg
50e1e116,QC26080196,2,50e1e116.Image2.084436.jpg
af94d427,QC26080196,1,af94d427.Image1.084449.jpg
9671872d,QC26080196,1,9671872d.Image1.084501.jpg
b6219561,QC26080196,1,b6219561.Image1.084514.jpg
b6219561,QC26080196,2,b6219561.Image2.084514.jpg
6295e0a1,QC26080196,1,6295e0a1.Image1.084528.jpg
a5207ad9,QC26080197,1,a5207ad9.Image1.085114.jpg
af8a30d4,QC26080197,1,af8a30d4.Image1.085127.jpg
af8a30d4,QC26080197,2,af8a30d4.Image2.085127.jpg
fe9fe79b,QC26080197,1,fe9fe79b.Image1.085140.jpg
327f7bed,QC26080197,1,327f7bed.Image1.085154.jpg
893886de,QC26080198,1,893886de.Image1.085722.jpg
e2beaf95,QC26080199,1,e2beaf95.Image1.022600.jpg
93698779,QC26080199,1,93698779.Image1.022614.jpg
7c8cb988,QC26080199,1,7c8cb988.Image1.022630.jpg
cf98a257,QC26080199,1,cf98a257.Image1.022653.jpg
cf98a257,QC26080199,2,cf98a257.Image2.022653.jpg
075341fa,QC26080199,1,075341fa.Image1.022708.jpg
1b76f326,QC26080200,1,1b76f326.Image1.023137.jpg
bd7431b7,QC26080200,1,bd7431b7.Image1.023155.jpg
db40183c,QC26080200,1,db40183c.Image1.023209.jpg
9515875b,QC26080200,1,9515875b.Image1.023223.jpg
ccdaec91,QC26080201,1,ccdaec91.Image1.023835.jpg
ccdaec91,QC26080201,2,ccdaec91.Image2.023835.jpg
ccdaec91,QC26080201,3,ccdaec91.Image3.023835.jpg
a99bfb80,QC26080201,1,a99bfb80.Image1.023852.jpg
a99bfb80,QC26080201,2,a99bfb80.Image2.023852.jpg
a99bfb80,QC26080201,3,a99bfb80.Image3.023852.jpg
7e8744b0,QC26080202,1,7e8744b0.Image1.025947.jpg
3f7ce4e1,QC26080202,1,3f7ce4e1.Image1.030005.jpg
1888b60a,QC26080202,1,1888b60a.Image1.030023.jpg
d10f64de,QC26080211,1,d10f64de.Image1.012850.jpg
c504ca84,QC26080212,1,c504ca84.Image1.032728.jpg
c504ca84,QC26080212,2,c504ca84.Image2.032728.jpg
0a07bf2c,QC26080213,1,0a07bf2c.Image1.014740.jpg
0a07bf2c,QC26080213,2,0a07bf2c.Image2.014740.jpg
74749099,QC26080213,1,74749099.Image1.014754.jpg
74749099,QC26080213,2,74749099.Image2.014754.jpg
1c4cbaa6,QC26080213,1,1c4cbaa6.Image1.014807.jpg
1c4cbaa6,QC26080213,2,1c4cbaa6.Image2.014807.jpg
0081b0cd,QC26080213,1,0081b0cd.Image1.014820.jpg
0081b0cd,QC26080213,2,0081b0cd.Image2.014820.jpg
2b15372a,QC26080213,1,2b15372a.Image1.014836.jpg
2b15372a,QC26080213,2,2b15372a.Image2.014836.jpg
e98fde30,QC26080213,1,e98fde30.Image1.014851.jpg
e98fde30,QC26080213,2,e98fde30.Image2.014851.jpg
ea318672,QC26080213,1,ea318672.Image1.014905.jpg
f48716d6,QC26080213,1,f48716d6.Image1.014918.jpg
534d8f85,QC26080213,1,534d8f85.Image1.014933.jpg
b3adf7d6,QC26080213,1,b3adf7d6.Image1.014945.jpg
61e58a5f,QC26080213,1,61e58a5f.Image1.015000.jpg
f0db2524,QC26080213,1,f0db2524.Image1.015011.jpg
38daa3fb,QC26080213,1,38daa3fb.Image1.015024.jpg
9b04a84e,QC26080214,1,9b04a84e.Image1.015829.jpg
9b04a84e,QC26080214,2,9b04a84e.Image2.015829.jpg
0ab802ce,QC26080214,1,0ab802ce.Image1.015843.jpg
3414c515,QC26080214,1,3414c515.Image1.015900.jpg
93bab48a,QC26080215,1,93bab48a.Image1.020758.jpg
93bab48a,QC26080215,2,93bab48a.Image2.020758.jpg
93bab48a,QC26080215,3,93bab48a.Image3.020758.jpg
eb02be4c,QC26080215,1,eb02be4c.Image1.020813.jpg
eb02be4c,QC26080215,2,eb02be4c.Image2.020813.jpg
eb02be4c,QC26080215,3,eb02be4c.Image3.020813.jpg
095ece88,QC26080215,1,095ece88.Image1.020828.jpg
095ece88,QC26080215,2,095ece88.Image2.020828.jpg
095ece88,QC26080215,3,095ece88.Image3.020828.jpg
6d668490,QC26080215,1,6d668490.Image1.020841.jpg
