order_no,defect_code,symptom,critical_rank,quantity
QC26010002,,จุดสี /Colcr dct,Minor,8
QC26010002,,รอยขีด/scratch mark,Minor,1
QC26010002,,พิมพ์แตก/Printing cracked,Minor,1
QC26010002,,บุบ/Dent,Minor,1
QC26010003,,เปื้อนสี / stain color,Minor,1
QC26010005,,จุดสี /Colcr dct,Minor,2
QC26010005,,ประกอบไม่สุด/Assembled not complete,Minor,1
QC26010005,,แหว่ง/chip,Minor,1
QC26010008,,จุดสี /Colcr dct,Minor,30
QC26010009,,คราบวาสลีน/Vaseline stain,Minor,31
QC26010010,,จุดสี /Colcr dct,Minor,33
QC26010010,,คราบสกปรก/Dirty,Minor,1
QC26010017,,มีเศษพลาสติก/scrap plastic,Minor,24
QC26010019,,ไม่เหมือน STD./ not same STD.,Minor,250
QC26010019,,สีไม่ตรง STD./Color off Standard,Minor,250
QC26010019,,รอยด่าง/stain spot,Minor,33
QC26010019,,เป็นเม็ด/Dot,Minor,1
QC26010020,,สีไม่ตรง STD./Color off Standard,Minor,800
QC26010021,,สีไม่ตรง STD./Color off Standard,Minor,500
QC26010032,,สีไม่ตรง STD./Color off Standard,Minor,200
QC26010034,,สีไม่ตรง STD./Color off Standard,Minor,315
QC26010035,,สีไม่ตรง STD./Color off Standard,Minor,500
QC26010036,,เส้นผม/hair,Critical,1
QC26010036,,หมุนไม่สุด,Minor,57
QC26010036,,จุดสี /Colcr dct,Minor,3
QC26010036,,ส่วนประกอบไม่ครบ/Missing components,Major,1
QC26010037,,สีไม่ตรง STD./Color off Standard,Minor,315
QC26010043,,ไม่เหมือน STD./ not same STD.,Minor,200
QC26010044,,สีไม่ตรง STD./Color off Standard,Minor,315
QC26010045,,สีไม่ตรง STD./Color off Standard,Minor,315
QC26010045,,รอยย่น/Wrinkle,Minor,27
QC26010045,,ปิดเบา เปิดเบา / Softly closed,Major,1
QC26010045,,ร้าว/crack,Critical,1
QC26010046,,รอยขีด/scratch mark,Minor,6
QC26010046,,เป็นเม็ด/Dot,Minor,3
QC26010046,,ผิวไม่เรียบ/Uneven sufface,Minor,1
QC26010046,,ถลอก/Peel off,Minor,1
QC26010046,,คราบสกปรก/Dirty,Minor,1
QC26010047,,เป็นเม็ด/Dot,Minor,24
QC26010047,,คราบวาสลีน/Vaseline stain,Minor,5
QC26010047,,รอยขีด/scratch mark,Minor,3
QC26010077,,สีไม่ตรง STD./Color off Standard,Minor,125
QC26010078,,สีไม่ตรง STD./Color off Standard,Minor,125
QC26010079,,สีไม่ตรง STD./Color off Standard,Minor,200
QC26010080,,สีไม่ตรง STD./Color off Standard,Minor,200
QC26010080,,เปื้อนสี / stain color,Minor,1
QC26010081,,สีไม่ตรง STD./Color off Standard,Minor,400
QC26010081,,รอยขีด/scratch mark,Minor,2
QC26010081,,โดนความร้อน/Has mark from heat,Minor,1
QC26010081,,จุดสี /Colcr dct,Minor,2
QC26010082,,สีไม่ตรง STD./Color off Standard,Minor,400
QC26010082,,ถลอก/Peel off,Minor,1
QC26010082,,เปื้อนตัวยา / stain bulk,Minor,1
QC26010083,,สีไม่ตรง STD./Color off Standard,Minor,400
QC26010083,,คราบสกปรก/Dirty,Minor,1
QC26010084,,สีไม่ตรง STD./Color off Standard,Minor,630
QC26010084,,จุดสี /Colcr dct,Minor,7
QC26010084,,คราบสกปรก/Dirty,Minor,1
QC26010090,,จุดสี /Colcr dct,Minor,7
QC26010090,,คราบสกปรก/Dirty,Minor,6
QC26010091,,คราบวาสลีน/Vaseline stain,Minor,22
QC26010091,,ถลอก/Peel off,Minor,1
QC26010091,,ประกายเงิน/silver streak,Minor,1
QC26010092,,จุดสี /Colcr dct,Minor,36
QC26010092,,คราบสกปรก/Dirty,Minor,1
QC26010092,,ถลอก/Peel off,Minor,1
QC26010093,,แตก/broken,Major,1
QC26010093,,ประกอบไม่สุด/Assembled not complete,Minor,1
QC26010094,,หมุนไม่สุด,Minor,28
QC26010094,,เสียรูปทรง/Deform,Minor,2
QC26010095,,มีเศษพลาสติก/scrap plastic,Minor,24
QC26010096,,มีเศษพลาสติก/scrap plastic,Minor,26
QC26010096,,จุดสี /Colcr dct,Minor,3
QC26010097,,รอยเส้น/Trace mark,Minor,25
QC26010097,,รอยขีด/scratch mark,Minor,1
QC26010098,,จุดสี /Colcr dct,Minor,32
QC26010098,,ถลอก/Peel off,Minor,2
QC26010099,,หมุนไม่สุด,Minor,33
QC26010100,,คราบสกปรก/Dirty,Minor,3
QC26010100,,จุดสี /Colcr dct,Minor,3
QC26010100,,ประกายเงิน/silver streak,Minor,1
QC26010100,,เสียรูปทรง/Deform,Major,1
QC26010100,,เปื้อนสี / stain color,Minor,1
QC26010100,,จุด Stopper เสียรูปทรงจากการประกอบ,Minor,10
QC26010101,,มีเศษพลาสติก/scrap plastic,Minor,3
QC26010101,,รอยขีด/scratch mark,Minor,2
QC26010102,,แหว่ง/chip,Minor,32
QC26010102,,เสียรูปทรง/Deform,Major,1
QC26010104,,สีไม่ตรง STD./Color off Standard,Minor,200
QC26010105,,สีไม่ตรง STD./Color off Standard,Minor,200
QC26010109,,ถลอก/Peel off,Minor,2
QC26010109,,เอียง,Minor,2
QC26010109,,ร้าว/crack,Critical,1
QC26010112,,มีเศษพลาสติก/scrap plastic,Minor,38
QC26010112,,เสียรูปทรง/Deform,Minor,1
QC26010113,,ขาด / missing,Minor,5
QC26010114,,สีไม่ตรง STD./Color off Standard,Major,200
QC26010114,,พิมพ์ถลอก/Printing Peel off,Minor,1
QC26010114,,เปื้อนสี / stain color,Minor,1
QC26010115,,สีไม่ตรง STD./Color off Standard,Minor,315
QC26010115,,เปื้อนสี / stain color,Minor,1
QC26010116,,ส่วนประกอบไม่ครบ/Missing components,Minor,1
QC26010119,,จุดสี /Colcr dct,Critical,18
QC26010120,,มีเศษพลาสติก/scrap plastic,Minor,24
QC26010120,,คราบสกปรก/Dirty,Minor,3
QC26010121,,สีไม่ตรง STD./Color off Standard,Minor,500
QC26010125,,แตก/broken,Major,1
QC26010125,,เสียรูปทรง/Deform,Major,1
QC26010127,,พิมพ์ถลอก/Printing Peel off,Minor,1
QC26010127,,พิมพ์ไม่ตรงตำแหน่ง/Printing not position,Major,1
QC26010129,,สีไม่ตรง STD./Color off Standard,Minor,630
QC26010129,,จุดสี /Colcr dct,Minor,6
QC26010129,,รอยขีด/scratch mark,Minor,1
QC26010130,,สีไม่ตรง STD./Color off Standard,Minor,1000
QC26010130,,คราบสกปรก/Dirty,Minor,33
QC26010130,,มีเศษพลาสติก/scrap plastic,Minor,26
QC26010131,,จุดสี /Colcr dct,Minor,7
QC26010131,,คราบสกปรก/Dirty,Minor,4
QC26010131,,บุบ/Dent,Minor,1
QC26010131,,รอยขีด/scratch mark,Minor,1
QC26010132,,สีไม่ตรง STD./Color off Standard,Minor,800
QC26010134,,สีไม่ตรง STD./Color off Standard,Minor,200
QC26010134,,รอยขีด/scratch mark,Minor,3
QC26010134,,บิ่น/chip,Major,1
QC26010135,,ไม่เหมือน STD./ not same STD.,Minor,52
QC26010135,,งอ/Bend,Minor,3
QC26010136,,สีไม่ตรง STD./Color off Standard,Minor,500
QC26010136,,ผิวไม่เรียบ/Uneven sufface,Minor,31
QC26010136,,พิมพ์แตก/Printing cracked,Minor,27
QC26010136,,พิมพ์ถลอก/Printing Peel off,Minor,4
QC26010136,,เปื้อนตัวยา / stain bulk,Minor,3
QC26010137,,ไม่เหมือน STD./ not same STD.,Minor,500
QC26010144,,พิมพ์แตก/Printing cracked,Minor,2
QC26010145,,เปื้อนตัวยา / stain bulk,Minor,34
QC26010145,,จุดสี /Colcr dct,Minor,3
QC26010145,,เปื้อนสี / stain color,Minor,2
QC26010145,,สีไม่ตรง STD./Color off Standard,Minor,500
QC26010146,,สีไม่ตรง STD./Color off Standard,Minor,315
QC26010147,,สีไม่ตรง STD./Color off Standard,Minor,246
QC26010147,,รอยด่าง/stain spot,Minor,26
QC26010148,,สีไม่ตรง STD./Color off Standard,Minor,125
QC26010158,,สีไม่ตรง STD./Color off Standard,Minor,315
QC26010159,,สีไม่ตรง STD./Color off Standard,Minor,200
QC26010159,,ไม่เหมือน STD./ not same STD.,Minor,200
QC26010159,,คราบกาว/glue stains,Minor,2
QC26010160,,สีไม่ตรง STD./Color off Standard,Minor,200
QC26010160,,ไม่เหมือน STD./ not same STD.,Minor,200
QC26010161,,คราบสกปรก/Dirty,Minor,6
QC26010161,,เปื้อนสี / stain color,Minor,3
QC26010161,,จุดสี /Colcr dct,Minor,2
QC26010162,,สีไม่ตรง STD./Color off Standard,Major,630
QC26010162,,จุด Stopper เสียรูปทรงจากการประกอบ,Minor,10
QC26010163,,สีไม่ตรง STD./Color off Standard,Major,630
QC26010163,,สีพิมพ์ไม่สม่ำเสมอ The printed color is uneven.,Minor,630
QC26010163,,จุด Stopper เสียรูปทรงจากการประกอบ,Minor,10
QC26010163,,คราบสกปรก/Dirty,Minor,2
QC26010163,,เสียรูปทรง/Deform,Major,1
QC26010164,,พิมพ์ไม่ตรงตำแหน่ง/Printing not position,Minor,630
QC26010164,,จุดสี /Colcr dct,Minor,1
QC26010164,,จุด Stopper เสียรูปทรงจากการประกอบ,Minor,10
QC26010165,,รอยขีด/scratch mark,Minor,2
QC26010165,,ร้าว/crack,Major,1
QC26010166,,งอ/Bend,Minor,96
QC26010166,,ไม่ตรงตำแหน่ง/ Die Cut,Minor,41
QC26010174,,สีไม่ตรง STD./Color off Standard,Minor,500
QC26010174,,จุดสี /Colcr dct,Minor,31
QC26010175,,สีไม่ตรง STD./Color off Standard,Minor,500
QC26010176,,คราบสกปรก/Dirty,Minor,20
QC26010177,,คราบกาว/glue stains,Minor,8
QC26010177,,ไม่เหมือน STD./ not same STD.,Minor,1
QC26010179,,งอ/Bend,Minor,78
QC26010179,,ไม่ตรงตำแหน่ง/ Die Cut,Minor,28
QC26010179,,เส้นผม/hair,Critical,1
QC26010179,,เสียรูปทรง/Deform,Minor,2
QC26010180,,มีเศษพลาสติก/scrap plastic,Minor,52
QC26010181,,สีไม่ตรง STD./Color off Standard,Minor,500
QC26010182,,ไม่เหมือน STD./ not same STD.,Major,125
QC26010182,,เอียง,Minor,1
QC26010182,,จุดสี /Colcr dct,Minor,1
QC26010182,,ตัดไม่ขาด (์Not Cutting Surface),Minor,1
QC26010182,,โดนความร้อน/Has mark from heat,Minor,1
QC26020183,,พิมพ์ซ้อน/Printing overlap,Minor,1
QC26020184,,เป็นเม็ด/Dot,Minor,1
QC26020184,,ฝุ่น/Dust,Minor,1
QC26020184,,คราบวาสลีน/Vaseline stain,Minor,1
QC26010185,,สีไม่ตรง STD./Color off Standard,Minor,200
QC26010186,,สีไม่ตรง STD./Color off Standard,Minor,200
QC26020187,,งอ/Bend,Minor,3
QC26020188,,ฝุ่น/Dust,Minor,32
QC26020208,,สีไม่ตรง STD./Color off Standard,Minor,200
QC26020209,,สีไม่ตรง STD./Color off Standard,Minor,500
QC26020210,,สีไม่ตรง STD./Color off Standard,Minor,315
QC26020218,,คราบสกปรก/Dirty,Minor,5
QC26020218,,จุดสี /Colcr dct,Minor,1
QC26020218,,รอยขีด/scratch mark,Minor,2
QC26020219,,สีไม่ตรง STD./Color off Standard,Minor,315
QC26020219,,เปื้อนตัวยา / stain bulk,Minor,3
QC26020219,,คราบกาว/glue stains,Minor,2
QC26020219,,รอยขีด/scratch mark,Minor,2
QC26020221,,ฝุ่น/Dust,Minor,31
QC26020221,,ไม่เหมือน STD./ not same STD.,Major,1
QC26020221,,คราบสกปรก/Dirty,Minor,1
QC26020222,,เส้นผม/hair,Critical,1
QC26020223,,เส้นผม/hair,Critical,1
QC26020230,,มีเศษพลาสติก/scrap plastic,Major,44
QC26020230,,คราบสกปรก/Dirty,Minor,1
QC26020242,,ฝุ่น/Dust,Minor,33
QC26020242,,ถลอก/Peel off,Minor,1
QC26020242,,จุดสี /Colcr dct,Minor,1
QC26020242,,ประกายเงิน/silver streak,Minor,1
QC26020243,,ไม่ตรงตำแหน่ง/ Die Cut,Minor,2
QC26020247,,สีไม่ตรง STD./Color off Standard,Minor,500
QC26020247,,คราบสกปรก/Dirty,Minor,46
QC26020247,,มีเศษพลาสติก/scrap plastic,Minor,51
QC26020248,,ถลอก/Peel off,Minor,41
QC26020248,,ผิวไม่เรียบ/Uneven sufface,Minor,1
QC26020248,,รอยด่าง/stain spot,Minor,1
QC26020248,,เส้นผม/hair,Critical,1
QC26020248,,พิมพ์หนา/Printing too thick,Minor,1000
QC26020248,,พิมพ์เอียง/Printing sloping,Minor,1000
QC26020250,,สีไม่ตรง STD./Color off Standard,Minor,315
QC26020250,,จุด Stopper เสียรูปทรงจากการประกอบ,Minor,10
QC26020251,,สีไม่ตรง STD./Color off Standard,Minor,315
QC26020251,,ประกายเงิน/silver streak,Minor,22
QC26020251,,รอยขีด/scratch mark,Minor,3
QC26020252,,ฝุ่น/Dust,Minor,41
QC26020254,,ไม่เหมือน STD./ not same STD.,Critical,315
QC26020256,,ประกอบไม่สนิท / Incomplete,Minor,86
QC26020257,,ฝุ่น/Dust,Minor,37
QC26020257,,คราบสกปรก/Dirty,Minor,1
QC26020258,,ฝุ่น/Dust,Minor,40
QC26020258,,คราบสกปรก/Dirty,Minor,1
QC26020261,,ฝุ่น/Dust,Minor,43
QC26020262,,คราบสกปรก/Dirty,Minor,8
QC26020263,,ฝุ่น/Dust,Minor,39
QC26020264,,ฝุ่น/Dust,Minor,41
QC26020265,,ไม่เหมือน STD./ not same STD.,Minor,1000
QC26020265,,สีไม่ตรง STD./Color off Standard,Minor,1000
QC26020265,,มีเศษพลาสติก/scrap plastic,Minor,58
QC26020265,,เป็นเม็ด/Dot,Minor,1
QC26020265,,คราบกาว/glue stains,Minor,2
QC26020265,,แหว่ง/chip,Minor,1
QC26020265,,เส้นผม/hair,Critical,1
QC26020266,,รอยขีด/scratch mark,Minor,2
QC26020266,,สีไม่ตรง STD./Color off Standard,Minor,315
QC26020267,,สีไม่ตรง STD./Color off Standard,Minor,315
QC26020267,,จุด Stopper เสียรูปทรงจากการประกอบ,Minor,10
QC26020268,,สีไม่ตรง STD./Color off Standard,Minor,26
QC26020269,,สีไม่ตรง STD./Color off Standard,Minor,125
QC26020270,,สีไม่ตรง STD./Color off Standard,Minor,200
QC26020271,,เขย่ามีเสียง,Major,43
QC26020272,,พิมพ์บาง/Printing too thin,Minor,400
QC26020272,,รอยขีด/scratch mark,Major,1
QC26020272,,เป็นเม็ด/Dot,Minor,1
QC26020284,,ฝุ่น/Dust,Minor,33
QC26020285,,ฝุ่น/Dust,Minor,37
QC26020287,,ฝุ่น/Dust,Minor,5
QC26020287,,เปื้อนสี / stain color,Minor,3
QC26020287,,ไม่เหมือน STD./ not same STD.,Minor,2
QC26020287,,แหว่ง/chip,Minor,1
QC26020287,,โดนความร้อน/Has mark from heat,Minor,1
QC26020287,,คราบสกปรก/Dirty,Minor,1
QC26020287,,คราบสกปรก/Dirty,Minor,1
QC26020287,,หลุด/loose,Critical,1
QC26020288,,งอ/Bend,Minor,36
QC26020293,,สีไม่ตรง STD./Color off Standard,Minor,315
QC26020293,,จุด Stopper เสียรูปทรงจากการประกอบ,Minor,10
QC26020294,,สีไม่ตรง STD./Color off Standard,Minor,315
QC26020294,,จุด Stopper เสียรูปทรงจากการประกอบ,Minor,10
QC26020295,,สีไม่ตรง STD./Color off Standard,Minor,315
QC26020295,,จุด Stopper เสียรูปทรงจากการประกอบ,Minor,10
QC26020296,,สีไม่ตรง STD./Color off Standard,Minor,736
QC26020297,,สีไม่ตรง STD./Color off Standard,Minor,630
QC26020297,,พิมพ์แตก/Printing cracked,Minor,42
QC26020297,,ถลอก/Peel off,Minor,3
QC26020297,,รอยขีด/scratch mark,Minor,2
QC26020298,,สีไม่ตรง STD./Color off Standard,Minor,630
QC26020298,,ถลอก/Peel off,Minor,53
QC26020298,,เปื้อนสี / stain color,Minor,1
QC26020298,,เอียง,Minor,5
QC26020299,,เป็นเม็ด/Dot,Minor,42
QC26020299,,จุดสี /Colcr dct,Minor,6
QC26020299,,ประกายเงิน/silver streak,Minor,1
QC26020299,,ฟองอากาศ/Bubble,Minor,1
QC26020299,,บุบ/Dent,Minor,1
QC26020299,,รอยเส้น/Trace mark,Minor,1
QC26020300,,จุดสี /Colcr dct,Minor,7
QC26020300,,เป็นเม็ด/Dot,Minor,5
QC26020300,,คราบวาสลีน/Vaseline stain,Minor,2
QC26020300,,รอยด่าง/stain spot,Minor,1
QC26020300,,รอยขีด/scratch mark,Minor,1
QC26020302,,สีไม่ตรง STD./Color off Standard,Minor,315
QC26020302,,จุด Stopper เสียรูปทรงจากการประกอบ,Minor,10
QC26020303,,สีไม่ตรง STD./Color off Standard,Minor,315
QC26020303,,จุด Stopper เสียรูปทรงจากการประกอบ,Minor,10
QC26020304,,ร้าว/crack,Critical,1
QC26020304,,รอยเส้น/Trace mark,Minor,1
QC26020304,,ถลอก/Peel off,Minor,1
QC26020304,,บิ่น/chip,Critical,1
QC26020309,,ไม่เหมือน STD./ not same STD.,Minor,315
QC26020309,,สีไม่ตรง STD./Color off Standard,Minor,315
QC26020309,,มีเศษพลาสติก/scrap plastic,Minor,23
QC26020309,,จุดสี /Colcr dct,Minor,2
QC26020317,,ไม่เหมือน STD./ not same STD.,Minor,1000
QC26020317,,พิมพ์แตก/Printing cracked,Minor,53
QC26020317,,จุดสี /Colcr dct,Minor,5
QC26020317,,เป็นเม็ด/Dot,Minor,1
QC26020318,,ไม่เหมือน STD./ not same STD.,Minor,1000
QC26020319,,เส้นผม/hair,Critical,1
QC26020319,,หมุนไม่สุด,Minor,27
QC26020320,,จุดสี /Colcr dct,Minor,6
QC26020320,,คราบสกปรก/Dirty,Minor,5
QC26020320,,เปื้อนตัวยา / stain bulk,Minor,5
QC26020320,,สีไม่ตรง STD./Color off Standard,Minor,315
QC26020322,,ประกอบไม่สุด/Assembled not complete,Major,37
QC26020323,,สีไม่ตรง STD./Color off Standard,Minor,315
QC26020323,,คราบสกปรก/Dirty,Minor,1
QC26020324,,ฝุ่น/Dust,Major,36
QC26020324,,คราบสกปรก/Dirty,Minor,3
QC26020324,,พิมพ์เอียง/Printing sloping,Minor,2
QC26020324,,คราบกาว/glue stains,Minor,2
QC26020324,,รอยขีด/scratch mark,Minor,1
QC26020325,,สีไม่ตรง STD./Color off Standard,Minor,315
QC26020325,,พิมพ์เอียง/Printing sloping,Minor,32
QC26020325,,พิมพ์แตก/Printing cracked,Minor,4
QC26020325,,หลวม/loose,Minor,2
QC26020326,,ฝุ่น/Dust,Minor,2
QC26020326,,คราบสกปรก/Dirty,Minor,1
QC26020326,,จุดสี /Colcr dct,Minor,1
QC26020327,,มีเศษพลาสติก/scrap plastic,Minor,34
QC26020327,,ฝุ่น/Dust,Minor,22
QC26020327,,จุดสี /Colcr dct,Minor,2
QC26020328,,Spout เอียง,Minor,47
QC26020329,,จุดสี /Colcr dct,Minor,34
QC26020330,,สีไม่ตรง STD./Color off Standard,Minor,80
QC26020333,,หลุด/loose,Minor,1
QC26020333,,หลุด/loose,Critical,20
QC26020334,,สีไม่ตรง STD./Color off Standard,Minor,315
QC26020335,,รอยขีด/scratch mark,Minor,4
QC26020340,,สีไม่ตรง STD./Color off Standard,Minor,315
QC26020340,,จุด Stopper เสียรูปทรงจากการประกอบ,Minor,10
QC26020341,,สีไม่ตรง STD./Color off Standard,Minor,315
QC26020341,,จุด Stopper เสียรูปทรงจากการประกอบ,Minor,10
QC26020342,,สีไม่ตรง STD./Color off Standard,Minor,315
QC26020343,,สีไม่ตรง STD./Color off Standard,Minor,500
QC26020344,,เป็นรู,Minor,5
QC26020344,,รอยกดทับ Pressure marks,Minor,2
QC26020344,,ผิวไม่เรียบ/Uneven sufface,Minor,1
QC26020345,,ฉีกขาด/torn off,Major,2
QC26020345,,แตก/broken,Minor,1
QC26020345,,คราบสกปรก/Dirty,Minor,1
QC26020346,,มีเศษพลาสติก/scrap plastic,Minor,37
QC26020346,,โดนความร้อน/Has mark from heat,Minor,6
QC26020347,,จุดสี /Colcr dct,Minor,3
QC26020348,,ไม่เหมือน STD./ not same STD.,Minor,315
QC26020348,,สีไม่ตรง STD./Color off Standard,Minor,315
QC26020349,,งอ/Bend,Minor,34
QC26020349,,แตก/broken,Critical,1
QC26020349,,ฉีกขาด/torn off,Major,1
QC26020350,,งอ/Bend,Minor,48
QC26020350,,รูตัน/hole block,Minor,23
QC26020350,,คราบสกปรก/Dirty,Minor,3
QC26020350,,โดนความร้อน/Has mark from heat,Minor,1
QC26020374,,เคลือบไม่เต็ม/Not full glaze,Minor,200
QC26020374,,ผิวไม่เรียบ/Uneven sufface,Minor,1
QC26020376,,สีไม่ตรง STD./Color off Standard,Minor,500
QC26020377,,รอยขีด/scratch mark,Minor,38
QC26020378,,หลุด/loose,Major,57
QC26020378,,คราบสกปรก/Dirty,Minor,4
QC26020378,,เสียรูปทรง/Deform,Minor,2
QC26020379,,แตก/broken,Critical,1
QC26020379,,ร้าว/crack,Major,1
QC26020380,,หลุด/loose,Major,1
QC26020381,,ประกอบไม่สุด/Assembled not complete,Major,47
QC26020387,,สีไม่ตรง STD./Color off Standard,Minor,200
QC26020388,,สีไม่ตรง STD./Color off Standard,Minor,125
QC26020388,,บิ่น/chip,Major,1
QC26020389,,สีไม่ตรง STD./Color off Standard,Minor,200
QC26020390,,สีไม่ตรง STD./Color off Standard,Minor,200
QC26020391,,สีไม่ตรง STD./Color off Standard,Minor,200
QC26020392,,สีไม่ตรง STD./Color off Standard,Minor,200
QC26030398,,งอ/Bend,Minor,8
QC26030398,,แตก/broken,Critical,4
QC26030398,,ร้าว/crack,Critical,1
QC26030399,,สิ่งแปลกปลอม,Critical,1
QC26030399,,งอ/Bend,Minor,7
QC26030399,,แตก/broken,Minor,5
QC26030399,,โดนความร้อน/Has mark from heat,Minor,2
QC26030402,,เส้นผม/hair,Critical,1
QC26030402,,รอยเส้น/Trace mark,Minor,1
QC26030403,,หลุด/loose,Major,37
QC26030403,,หลุด/loose,Major,4
QC26020405,,สีไม่ตรง STD./Color off Standard,Minor,400
QC26020405,,ฝุ่น/Dust,Minor,7
QC26020405,,เอียง,Minor,3
QC26020405,,คราบสกปรก/Dirty,Minor,1
QC26020406,,สีไม่ตรง STD./Color off Standard,Minor,400
QC26020406,,เอียง,Minor,37
QC26020406,,ฝุ่น/Dust,Minor,2
QC26020406,,คราบสกปรก/Dirty,Minor,1
QC26020407,,สีไม่ตรง STD./Color off Standard,Minor,200
QC26020407,,เปื้อนตัวยา / stain bulk,Minor,4
QC26020407,,คราบสกปรก/Dirty,Minor,3
QC26020407,,จุดสี /Colcr dct,Minor,2
QC26020407,,ฝุ่น/Dust,Minor,2
QC26020407,,เสียรูปทรง/Deform,Major,1
QC26020408,,สีไม่ตรง STD./Color off Standard,Minor,200
QC26020409,,สีไม่ตรง STD./Color off Standard,Minor,200
QC26020410,,ไม่เหมือน STD./ not same STD.,Minor,38
QC26020410,,โดนความร้อน/Has mark from heat,Minor,1
QC26020410,,ส่วนประกอบไม่ครบ/Missing components,Major,1
QC26030413,,งอ/Bend,Minor,23
QC26030413,,ร้าว/crack,Minor,3
QC26030413,,แตก/broken,Minor,3
QC26030421,,พิมพ์บาง/Printing too thin,Minor,500
QC26030421,,ไม่เหมือน STD./ not same STD.,Major,2
QC26030430,,แตก/broken,Minor,2
QC26030431,,ร้าว/crack,Minor,1
QC26030433,,จุดสี /Colcr dct,Minor,7
QC26030443,,สีไม่ตรง STD./Color off Standard,Minor,400
QC26030443,,จุดสี /Colcr dct,Minor,4
QC26030444,,สีไม่ตรง STD./Color off Standard,Minor,400
QC26030445,,สีไม่ตรง STD./Color off Standard,Minor,125
QC26030447,,สีไม่ตรง STD./Color off Standard,Minor,315
QC26030447,,ไม่เหมือน STD./ not same STD.,Minor,315
QC26030447,,จุดสี /Colcr dct,Minor,5
QC26030448,,ไม่เหมือน STD./ not same STD.,Major,80
QC26030448,,สีไม่ตรง STD./Color off Standard,Minor,80
QC26030451,,สีไม่ตรง STD./Color off Standard,Minor,630
QC26030484,,จุดสี /Colcr dct,Minor,24
QC26030489,,ไม่เหมือน STD./ not same STD.,Critical,125
QC26030490,,สีไม่ตรง STD./Color off Standard,Minor,50
QC26030490,,ถลอก/Peel off,Minor,3
QC26030491,,สีไม่ตรง STD./Color off Standard,Minor,50
QC26030501,,สีไม่ตรง STD./Color off Standard,Minor,200
QC26030502,,ไม่เหมือน STD./ not same STD.,Minor,31
QC26030502,,จุดสี /Colcr dct,Minor,2
QC26030502,,เป็นเม็ด/Dot,Minor,1
QC26030505,,ไม่เหมือน STD./ not same STD.,Major,80
QC26030506,,สีไม่ตรง STD./Color off Standard,Minor,500
QC26030508,,สีไม่ตรง STD./Color off Standard,Minor,315
QC26030509,,สีไม่ตรง STD./Color off Standard,Minor,200
QC26030510,,สีไม่ตรง STD./Color off Standard,Minor,200
QC26030511,,สีไม่ตรง STD./Color off Standard,Minor,200
QC26030512,,สีไม่ตรง STD./Color off Standard,Minor,32
QC26030513,,สีไม่ตรง STD./Color off Standard,Minor,100
QC26030536,,รอยด่าง/stain spot,Minor,2
QC26030536,,จุดสี /Colcr dct,Minor,1
QC26030537,,คราบสกปรก/Dirty,Minor,7
QC26030537,,เปื้อนตัวยา / stain bulk,Minor,2
QC26030558,,สีไม่ตรง STD./Color off Standard,Minor,80
QC26030559,,ถลอก/Peel off,Minor,38
QC26030559,,บุบ/Dent,Minor,3
QC26030559,,เป็นเม็ด/Dot,Minor,1
QC26030561,,คราบกาว/glue stains,Minor,2
QC26030561,,ถลอก/Peel off,Minor,2
QC26030563,,สีไม่ตรง STD./Color off Standard,Minor,315
QC26030564,,สีไม่ตรง STD./Color off Standard,Minor,315
QC26030565,,308 สีไม่ตรง STD /Color off Standard,Minor,20
QC26030566,,308 สีไม่ตรง STD /Color off Standard,Minor,20
QC26040586,,356 เส้นผม/hair,Critical,1
QC26040586,,324 เสียรูปทรง/Deform,Minor,2
QC26040586,,322 แหว่ง/chip,Minor,1
QC26040587,,309 จุดสี/color dot,Minor,57
QC26040588,,310 ฝุ่น/Dust,Minor,44
QC26040589,,356 เส้นผม/hair,Critical,1
QC26040589,,310 ฝุ่น/Dust,Minor,57
QC26040589,,312 คราบสกปรก/Dirty,Minor,4
QC26040593,,310 ฝุ่น/Dust,Minor,46
QC26040593,,314 ผิวไม่เรียบ/Uneven sufface,Minor,31
QC26040593,,310 ฝุ่น/Dust,Minor,3
QC26040593,,121 ฉีกขาด/torn off,Minor,1
QC26040593,,339 ไม่เหมือน STD./ not same STD.,Minor,1
QC26040594,,314 ผิวไม่เรียบ/Uneven sufface,Minor,7
QC26040595,,321 พลาสติกยื่น/scrap plastic,Minor,38
QC26040595,,310 ฝุ่น/Dust,Minor,3
QC26040595,,312 คราบสกปรก/Dirty,Minor,2
QC26040596,,315 ฟองอากาศ/Bubble,Minor,75
QC26040599,,315 ฟองอากาศ/Bubble,Minor,49
QC26040598,,315 ฟองอากาศ/Bubble,Minor,43
QC26040597,,339 ไม่เหมือน STD./ not same STD.,Minor,200
QC26040605,12312,,Minor,9
QC26040605,12340,,Minor,2
QC26040605,12309,,Minor,1
QC26040606,12312,,Minor,41
QC26040606,12340,,Minor,3
QC26040606,12309,,Minor,2
QC26040607,12312,,Minor,7
QC26040607,12340,,Minor,3
QC26040607,12309,,Minor,2
QC26040609,12308,,Minor,500
QC26040610,12308,,Minor,500
QC26040611,13119,,Major,14
QC26040611,13325,,Major,2
QC26040627,12308,,Minor,200
QC26040628,"12308 , 12374",,Minor,200
QC26040629,"12308 , 12374",,Minor,309
QC26040629,"12308 , 12374 , 11010",พิมพ์แตก/Printing cracked,Minor,6
QC26040632,12374,,Minor,200
QC26040633,12346,,Minor,7
QC26040633,11009,พิมพ์ถลอก/Printing Peel off,Minor,7
QC26040633,12304,,Minor,4
QC26040633,12307,,Minor,3
QC26040633,12316,,Minor,1
QC26040635,12313,,Minor,2
QC26040635,12309,,Minor,1
QC26040635,12304,,Minor,1
QC26040635,12324,,Major,1
QC26040636,12313,,Minor,5
QC26040636,12346,,Minor,1
QC26040636,12341,,Minor,1
QC26040636,12327,,Minor,1
QC26040636,12305,,Minor,1
QC26040637,12340,,Minor,1
QC26040637,12341,,Minor,1
QC26040639,12308,,Minor,200
QC26040640,12308,,Minor,200
QC26040644,12312,,Minor,2
QC26040648,12308,,Minor,315
QC26040655,12308,,Minor,200
QC26040656,"12308 , 12374",,Minor,200
QC26040657,12374,,Minor,268
QC26040657,"12327 , 12374",,Minor,1
QC26040670,12308,,Minor,265
QC26040670,11018,พิมพ์ไม่สม่ำเสมอ,Minor,49
QC26040670,12321,,Minor,1
QC26040673,12308,,Minor,800
QC26040688,12308,,Minor,50
QC26040688,12308,,Minor,15
QC26040688,"12301 , 12308",,Minor,10
QC26040688,"12309 , 12308",,Minor,5
QC26040689,12308,,Minor,94
QC26040689,"12308 , 12301",,Minor,25
QC26040689,"12308 , 12309",,Minor,6
QC26040694,12339,,Critical,315
QC26040696,12321,,Minor,38
QC26040697,12310,,Minor,53
QC26040697,12314,,Minor,32
QC26040697,12339,,Minor,4
QC26040697,12310,,Minor,3
QC26040697,12349,,Minor,1
QC26040697,12312,,Minor,1
QC26040698,12339,,Critical,200
QC26040699,12339,ไม่เหมือน STD./ not same STD.,Critical,315
QC26040700,12321,,Minor,3
QC26040700,12304,,Minor,1
QC26040700,12309,,Minor,1
QC26040703,15308,สีไม่ตรง STD /Color off Standard,Minor,315
QC26040704,15308,สีไม่ตรง STD /Color off Standard,Minor,200
QC26040705,15308,สีไม่ตรง STD /Color off Standard,Minor,630
QC26040706,"12327 , 15308","สีไม่ตรง STD /Color off Standard , รอยขีด/scratch mark",Minor,1
QC26040706,"11010 , 15308","พิมพ์แตก/Printing cracked , สีไม่ตรง STD /Color off Standard",Minor,1
QC26040706,15308,สีไม่ตรง STD /Color off Standard,Minor,628
QC26040707,15308,สีไม่ตรง STD /Color off Standard,Minor,630
QC26040708,"12321 , 15308","สีไม่ตรง STD /Color off Standard , พลาสติกยื่น/scrap plastic",Minor,1
QC26040708,15308,สีไม่ตรง STD /Color off Standard,Minor,629
QC26040709,15308,สีไม่ตรง STD /Color off Standard,Minor,627
QC26040709,"12310 , 15308","สีไม่ตรง STD /Color off Standard , ฝุ่น/Dust",Minor,3
QC26040711,12308,สีไม่ตรง STD /Color off Standard,Minor,41
QC26040714,12313,เป็นเม็ด/Dot,Minor,67
QC26040714,11009,พิมพ์ถลอก/Printing Peel off,Minor,34
QC26040714,12327,รอยขีด/scratch mark,Minor,3
QC26040714,12332,ประกายเงิน/silver streak,Minor,2
QC26040720,12318,รอยเส้น/Trace mark,Minor,24
QC26040720,12309,จุดสี/color dot,Minor,1
QC26040722,12309,จุดสี/color dot,Minor,4
QC26040722,12327,รอยขีด/scratch mark,Minor,1
QC26040723,12327,รอยขีด/scratch mark,Minor,4
QC26040723,12301,รอยด่าง/stain spot,Minor,1
QC26040723,12304,ถลอก/Peel off,Minor,1
QC26040724,12327,รอยขีด/scratch mark,Minor,4
QC26040724,12322,แหว่ง/chip,Minor,1
QC26040725,12318,รอยเส้น/Trace mark,Minor,29
QC26040725,12309,จุดสี/color dot,Minor,3
QC26040725,12341,เปื้อนสี / stain color,Minor,1
QC26040725,12304,ถลอก/Peel off,Minor,1
QC26040726,12318,รอยเส้น/Trace mark,Minor,26
QC26040726,12309,จุดสี/color dot,Minor,3
QC26040726,11010,พิมพ์แตก/Printing cracked,Minor,1
QC26040726,12327,รอยขีด/scratch mark,Minor,1
QC26040729,14101,หมุนลงไม่สุด/can not spining all the way,Minor,27
QC26040729,14107,ประกอบไม่สุด/Assembled not complete,Minor,2
QC26040732,12304,ถลอก/Peel off,Minor,6
QC26040732,12304,ถลอก/Peel off,Minor,3
QC26040732,"12304 , 14107","ประกอบไม่สุด/Assembled not complete , ถลอก/Peel off",Minor,2
QC26040734,12309,จุดสี/color dot,Minor,3
QC26040735,12308,สีไม่ตรง STD /Color off Standard,Minor,597
QC26040735,"12308 , 12309","สีไม่ตรง STD /Color off Standard , จุดสี/color dot",Minor,33
QC26040740,12308,สีไม่ตรง STD /Color off Standard,Minor,27
QC26040740,12341,เปื้อนสี / stain color,Minor,1
QC26040741,12308,สีไม่ตรง STD /Color off Standard,Minor,7
QC26040742,12340,เปื้อนตัวยา / stain bulk,Minor,5
QC26040742,12312,คราบสกปรก/Dirty,Minor,4
QC26040742,12313,เป็นเม็ด/Dot,Minor,1
QC26040742,12309,จุดสี/color dot,Minor,1
QC26040743,12308,สีไม่ตรง STD /Color off Standard,Major,595
QC26040743,"12308 , 12309","สีไม่ตรง STD /Color off Standard , จุดสี/color dot",Minor,35
QC26040744,12340,เปื้อนตัวยา / stain bulk,Minor,16
QC26040744,12312,คราบสกปรก/Dirty,Minor,2
QC26040744,11010,พิมพ์แตก/Printing cracked,Minor,1
QC26040744,11004,พิมพ์ไม่ตรงตำแหน่ง/Printing not position,Minor,1
QC26040745,15308,สีไม่ตรง STD /Color off Standard,Minor,164
QC26040745,"12308 , 12309","สีไม่ตรง STD /Color off Standard , จุดสี/color dot",Minor,31
QC26040745,"12308 , 12312","สีไม่ตรง STD /Color off Standard , คราบสกปรก/Dirty",Minor,4
QC26040745,"12308 , 12340","สีไม่ตรง STD /Color off Standard , เปื้อนตัวยา / stain bulk",Minor,1
QC26040746,"12308 , 15308",สีไม่ตรง STD /Color off Standard,Minor,176
QC26040746,"12308 , 15308 , 12309","สีไม่ตรง STD /Color off Standard , จุดสี/color dot",Minor,21
QC26040746,"12308 , 15308 , 12312","สีไม่ตรง STD /Color off Standard , คราบสกปรก/Dirty",Minor,3
QC26040748,12308,สีไม่ตรง STD /Color off Standard,Minor,200
QC26040751,12308,สีไม่ตรง STD /Color off Standard,Minor,200
QC26040752,12308,สีไม่ตรง STD /Color off Standard,Minor,500
QC26040753,12308,สีไม่ตรง STD /Color off Standard,Minor,200
QC26040754,12308,สีไม่ตรง STD /Color off Standard,Minor,200
QC26040755,12308,สีไม่ตรง STD /Color off Standard,Minor,200
QC26040756,12308,สีไม่ตรง STD /Color off Standard,Minor,200
QC26040757,12308,สีไม่ตรง STD /Color off Standard,Minor,200
QC26040758,12308,สีไม่ตรง STD /Color off Standard,Minor,200
QC26040766,12304,ถลอก/Peel off,Minor,27
QC26040766,12309,จุดสี/color dot,Minor,1
QC26040768,12339,ไม่เหมือน STD./ not same STD.,Minor,32
QC26040768,12120,ห่าง/Gap,Minor,5
QC26040768,12313,เป็นเม็ด/Dot,Minor,1
QC26040768,12304,ถลอก/Peel off,Minor,1
QC26040768,12309,จุดสี/color dot,Minor,1
QC26040768,13100,หมุนมีเสียง/swirl has noise,Minor,12
QC26040769,12304,ถลอก/Peel off,Minor,4
QC26040769,12310,ฝุ่น/Dust,Minor,4
QC26040769,12309,จุดสี/color dot,Minor,4
QC26040769,12327,รอยขีด/scratch mark,Minor,1
QC26040769,12322,แหว่ง/chip,Minor,1
QC26040770,12304,ถลอก/Peel off,Minor,5
QC26040770,12304,ถลอก/Peel off,Minor,1
QC26040771,12339,ไม่เหมือน STD./ not same STD.,Critical,200
QC26040772,12339,ไม่เหมือน STD./ not same STD.,Critical,200
QC26040773,12339,ไม่เหมือน STD./ not same STD.,Critical,200
QC26040774,12339,ไม่เหมือน STD./ not same STD.,Critical,200
QC26040779,12313,เป็นเม็ด/Dot,Minor,3
QC26040779,12321,พลาสติกยื่น/scrap plastic,Minor,1
QC26040781,12308,สีไม่ตรง STD /Color off Standard,Minor,312
QC26040781,"12308 , 12309","สีไม่ตรง STD /Color off Standard , จุดสี/color dot",Minor,1
QC26040781,"12308 , 12372","สีไม่ตรง STD /Color off Standard , โดนความร้อน/Has mark from heat",Minor,1
QC26040781,"12308 , 12327","สีไม่ตรง STD /Color off Standard , รอยขีด/scratch mark",Minor,1
QC26040783,12308,สีไม่ตรง STD /Color off Standard,Minor,315
QC26040784,12308,สีไม่ตรง STD /Color off Standard,Minor,315
QC26040785,12308,สีไม่ตรง STD /Color off Standard,Minor,315
QC26040787,12308,สีไม่ตรง STD /Color off Standard,Minor,969
QC26040787,"12309 , 12308","สีไม่ตรง STD /Color off Standard , จุดสี/color dot",Minor,22
QC26040787,"12327 , 12308","สีไม่ตรง STD /Color off Standard , รอยขีด/scratch mark",Minor,5
QC26040787,"12301 , 12308","รอยด่าง/stain spot , สีไม่ตรง STD /Color off Standard",Minor,4
QC26040788,12308,สีไม่ตรง STD /Color off Standard,Minor,5
QC26040788,12324,เสียรูปทรง/Deform,Major,4
QC26040789,12309,จุดสี/color dot,Minor,7
QC26040789,12310,ฝุ่น/Dust,Minor,3
QC26040793,12339,ไม่เหมือน STD./ not same STD.,Minor,399
QC26040793,"12309 , 12339","จุดสี/color dot , ไม่เหมือน STD./ not same STD.",Minor,1
QC26040796,12309,จุดสี/color dot,Minor,4
QC26040796,12341,เปื้อนสี / stain color,Minor,4
QC26040797,12367,รอยกดทับ/Pressure marks,Minor,7
QC26040797,12358,เป็นรู/A hole,Minor,4
QC26040798,12321,พลาสติกยื่น/scrap plastic,Minor,6
QC26040798,12312,คราบสกปรก/Dirty,Minor,5
QC26040798,12309,จุดสี/color dot,Minor,5
QC26040799,12321,พลาสติกยื่น/scrap plastic,Minor,28
QC26040799,12309,จุดสี/color dot,Minor,15
QC26040799,12312,คราบสกปรก/Dirty,Minor,1
QC26040800,"11018 , 11007 , 11004","พิมพ์ไม่ตรงตำแหน่ง/Printing not position , พิมพ์หนา/Printing too thick , พิมพ์ไม่สม่ำเสมอ",Minor,394
QC26040800,"12304 , 11018 , 11007 , 11004","พิมพ์ไม่ตรงตำแหน่ง/Printing not position , พิมพ์หนา/Printing too thick , พิมพ์ไม่สม่ำเสมอ , ถลอก/Peel off",Minor,5
QC26040800,"12327 , 11018 , 11007 , 11004","พิมพ์ไม่ตรงตำแหน่ง/Printing not position , พิมพ์หนา/Printing too thick , พิมพ์ไม่สม่ำเสมอ , รอยขีด/scratch mark",Minor,1
QC26040801,"11004 , 11008","พิมพ์ไม่ตรงตำแหน่ง/Printing not position , พิมพ์บาง/Printing too thin",Minor,388
QC26040801,"12318 , 11004 , 11008","พิมพ์ไม่ตรงตำแหน่ง/Printing not position , พิมพ์บาง/Printing too thin , รอยเส้น/Trace mark",Minor,7
QC26040801,"12304 , 11004 , 11008","พิมพ์ไม่ตรงตำแหน่ง/Printing not position , พิมพ์บาง/Printing too thin , ถลอก/Peel off",Minor,5
QC26040802,12308,สีไม่ตรง STD /Color off Standard,Minor,614
QC26040802,"12324 , 12308","สีไม่ตรง STD /Color off Standard , เสียรูปทรง/Deform",Minor,10
QC26040802,"12304 , 12308","ถลอก/Peel off , สีไม่ตรง STD /Color off Standard",Minor,6
QC26040803,"11007 , 11004","พิมพ์ไม่ตรงตำแหน่ง/Printing not position , พิมพ์หนา/Printing too thick",Minor,391
QC26040803,"12304 , 11007 , 11004","พิมพ์ไม่ตรงตำแหน่ง/Printing not position , พิมพ์หนา/Printing too thick , ถลอก/Peel off",Minor,5
QC26040803,"12327 , 11007 , 11004","พิมพ์ไม่ตรงตำแหน่ง/Printing not position , พิมพ์หนา/Printing too thick , รอยขีด/scratch mark",Minor,3
QC26040803,"12341 , 11007 , 11004","พิมพ์ไม่ตรงตำแหน่ง/Printing not position , พิมพ์หนา/Printing too thick , เปื้อนสี / stain color",Minor,1
QC26040804,12309,จุดสี/color dot,Minor,6
QC26040804,12358,เป็นรู/A hole,Minor,3
QC26040804,12367,รอยกดทับ/Pressure marks,Minor,2
QC26040804,12307,แตก/broken,Minor,2
QC26040805,12309,จุดสี/color dot,Minor,35
QC26040806,12308,สีไม่ตรง STD /Color off Standard,Minor,500
QC26040807,12308,สีไม่ตรง STD /Color off Standard,Minor,587
QC26040807,"12309 , 12308","สีไม่ตรง STD /Color off Standard , จุดสี/color dot",Minor,24
QC26040807,"12332 , 12308","สีไม่ตรง STD /Color off Standard , ประกายเงิน/silver streak",Minor,7
QC26040807,"12310 , 12308","สีไม่ตรง STD /Color off Standard , ฝุ่น/Dust",Minor,7
QC26040807,"12318 , 12308","รอยเส้น/Trace mark , สีไม่ตรง STD /Color off Standard",Minor,5
QC26040808,12321,พลาสติกยื่น/scrap plastic,Minor,23
QC26040808,12309,จุดสี/color dot,Minor,18
QC26040808,12312,คราบสกปรก/Dirty,Minor,5
QC26040825,15308,สีไม่ตรง STD /Color off Standard,Minor,200
QC26040826,15308,สีไม่ตรง STD /Color off Standard,Minor,315
QC26040827,15308,สีไม่ตรง STD /Color off Standard,Minor,315
QC26040828,"15308 , 12308",สีไม่ตรง STD /Color off Standard,Minor,183
QC26040828,"12310 , 15308 , 12308","สีไม่ตรง STD /Color off Standard , ฝุ่น/Dust",Minor,17
QC26040829,15308,สีไม่ตรง STD /Color off Standard,Minor,194
QC26040829,"12310 , 15308","สีไม่ตรง STD /Color off Standard , ฝุ่น/Dust",Minor,6
QC26040830,12313,เป็นเม็ด/Dot,Minor,21
QC26040830,12327,รอยขีด/scratch mark,Minor,2
QC26040830,12304,ถลอก/Peel off,Minor,1
QC26040831,"11004 , 11007 , 11018","พิมพ์ไม่ตรงตำแหน่ง/Printing not position , พิมพ์หนา/Printing too thick , พิมพ์ไม่สม่ำเสมอ",Minor,395
QC26040831,"12318 , 11004 , 11007 , 11018","พิมพ์ไม่ตรงตำแหน่ง/Printing not position , พิมพ์หนา/Printing too thick , พิมพ์ไม่สม่ำเสมอ , รอยเส้น/Trace mark",Minor,3
QC26040831,"12304 , 11004 , 11007 , 11018","พิมพ์ไม่ตรงตำแหน่ง/Printing not position , พิมพ์หนา/Printing too thick , พิมพ์ไม่สม่ำเสมอ , ถลอก/Peel off",Minor,2
QC26040832,"11007 , 11004","พิมพ์ไม่ตรงตำแหน่ง/Printing not position , พิมพ์หนา/Printing too thick",Minor,390
QC26040832,"12304 , 11007 , 11004","พิมพ์ไม่ตรงตำแหน่ง/Printing not position , พิมพ์หนา/Printing too thick , ถลอก/Peel off",Minor,4
QC26040832,"12318 , 11007 , 11004","พิมพ์ไม่ตรงตำแหน่ง/Printing not position , พิมพ์หนา/Printing too thick , รอยเส้น/Trace mark",Minor,4
QC26040832,"12313 , 11007 , 11004","พิมพ์ไม่ตรงตำแหน่ง/Printing not position , พิมพ์หนา/Printing too thick , เป็นเม็ด/Dot",Minor,2
QC26040833,11004,พิมพ์ไม่ตรงตำแหน่ง/Printing not position,Minor,394
QC26040833,"12327 , 11004","พิมพ์ไม่ตรงตำแหน่ง/Printing not position , รอยขีด/scratch mark",Minor,5
QC26040833,"12318 , 11004","พิมพ์ไม่ตรงตำแหน่ง/Printing not position , รอยเส้น/Trace mark",Minor,1
QC26040834,12308,สีไม่ตรง STD /Color off Standard,Minor,617
QC26040834,"12309 , 12308","สีไม่ตรง STD /Color off Standard , จุดสี/color dot",Minor,7
QC26040834,"12307 , 12308","แตก/broken , สีไม่ตรง STD /Color off Standard",Critical,3
QC26040834,"12301 , 12308","รอยด่าง/stain spot , สีไม่ตรง STD /Color off Standard",Minor,3
QC26040835,12308,สีไม่ตรง STD /Color off Standard,Minor,613
QC26040835,"12309 , 12308","สีไม่ตรง STD /Color off Standard , จุดสี/color dot",Minor,10
QC26040835,"12304 , 12308","ถลอก/Peel off , สีไม่ตรง STD /Color off Standard",Minor,5
QC26040835,"12341 , 12308","สีไม่ตรง STD /Color off Standard , เปื้อนสี / stain color",Minor,2
QC26040837,12308,สีไม่ตรง STD /Color off Standard,Minor,200
QC26040838,12308,สีไม่ตรง STD /Color off Standard,Minor,200
QC26040839,12308,สีไม่ตรง STD /Color off Standard,Minor,315
QC26040840,12308,สีไม่ตรง STD /Color off Standard,Minor,200
QC26040841,12308,สีไม่ตรง STD /Color off Standard,Minor,315
QC26040842,12308,สีไม่ตรง STD /Color off Standard,Minor,315
QC26040846,12308,สีไม่ตรง STD /Color off Standard,Minor,55
QC26040846,"12309 , 12308","สีไม่ตรง STD /Color off Standard , จุดสี/color dot",Minor,3
QC26040846,"12327 , 12308","สีไม่ตรง STD /Color off Standard , รอยขีด/scratch mark",Minor,1
QC26040848,"11008 , 12308","พิมพ์บาง/Printing too thin , สีไม่ตรง STD /Color off Standard",Minor,500
QC26040849,12321,พลาสติกยื่น/scrap plastic,Minor,28
QC26040850,12303,รอยย่น/Wrinkle,Minor,30
QC26040851,12308,สีไม่ตรง STD /Color off Standard,Minor,630
QC26040852,12304,ถลอก/Peel off,Minor,250
QC26040855,12308,สีไม่ตรง STD /Color off Standard,Minor,32
QC26040856,12308,สีไม่ตรง STD /Color off Standard,Minor,125
QC26040857,12308,สีไม่ตรง STD /Color off Standard,Minor,630
QC26040858,12324,เสียรูปทรง/Deform,Major,1
QC26040858,12341,เปื้อนสี / stain color,Minor,1
QC26040858,12307,แตก/broken,Critical,2
QC26040859,12308,สีไม่ตรง STD /Color off Standard,Minor,200
QC26040860,12308,สีไม่ตรง STD /Color off Standard,Minor,200
QC26040861,12309,จุดสี/color dot,Minor,24
QC26040862,12324,เสียรูปทรง/Deform,Minor,31
QC26040863,12339,ไม่เหมือน STD./ not same STD.,Minor,26
QC26040863,12304,ถลอก/Peel off,Minor,7
QC26040863,12120,ห่าง/Gap,Minor,5
QC26040863,12309,จุดสี/color dot,Minor,2
QC26040863,12310,ฝุ่น/Dust,Minor,1
QC26040863,12327,รอยขีด/scratch mark,Minor,1
QC26040864,12327,รอยขีด/scratch mark,Minor,5
QC26040864,12313,เป็นเม็ด/Dot,Minor,3
QC26040864,12310,ฝุ่น/Dust,Minor,2
QC26040864,12322,แหว่ง/chip,Minor,1
QC26040865,12308,สีไม่ตรง STD /Color off Standard,Minor,608
QC26040865,"12309 , 12308","สีไม่ตรง STD /Color off Standard , จุดสี/color dot",Minor,22
QC26040866,12308,สีไม่ตรง STD /Color off Standard,Minor,315
QC26040867,"11007 , 11004","พิมพ์ไม่ตรงตำแหน่ง/Printing not position , พิมพ์หนา/Printing too thick",Minor,399
QC26040867,"11007 , 11004","พิมพ์ไม่ตรงตำแหน่ง/Printing not position , พิมพ์หนา/Printing too thick",Minor,1
QC26040868,12308,สีไม่ตรง STD /Color off Standard,Minor,303
QC26040868,"12341 , 12308","สีไม่ตรง STD /Color off Standard , เปื้อนสี / stain color",Minor,5
QC26040868,"11010 , 12308","พิมพ์แตก/Printing cracked , สีไม่ตรง STD /Color off Standard",Minor,6
QC26040868,"12337 , 12308","สีไม่ตรง STD /Color off Standard , ของอื่นปนมา/Mixed",Minor,1
QC26040869,12308,สีไม่ตรง STD /Color off Standard,Minor,283
QC26040869,"12327 , 12308","สีไม่ตรง STD /Color off Standard , รอยขีด/scratch mark",Minor,28
QC26040869,"12311 , 12308","สีไม่ตรง STD /Color off Standard , คราบวาสลีน/Vaseline stain",Minor,2
QC26040869,"12304 , 12308","ถลอก/Peel off , สีไม่ตรง STD /Color off Standard",Minor,2
QC26040870,12308,สีไม่ตรง STD /Color off Standard,Minor,315
QC26040871,15308,สีไม่ตรง STD /Color off Standard,Minor,200
QC26040872,15308,สีไม่ตรง STD /Color off Standard,Minor,200
QC26040873,12349,เอียง/sloping,Minor,55
QC26040873,12356,เส้นผม/hair,Critical,1
QC26040874,15308,สีไม่ตรง STD /Color off Standard,Minor,200
QC26040875,12308,สีไม่ตรง STD /Color off Standard,Minor,500
QC26040876,15308,สีไม่ตรง STD /Color off Standard,Minor,200
QC26040877,15308,สีไม่ตรง STD /Color off Standard,Minor,200
QC26050890,11018,พิมพ์ไม่สม่ำเสมอ,Minor,54
QC26050890,12327,รอยขีด/scratch mark,Minor,4
QC26050891,12308,สีไม่ตรง STD /Color off Standard,Minor,500
QC26050892,12308,สีไม่ตรง STD /Color off Standard,Minor,500
QC26050893,12327,รอยขีด/scratch mark,Minor,2
QC26050893,12312,คราบสกปรก/Dirty,Minor,2
QC26050893,12304,ถลอก/Peel off,Minor,1
QC26050893,12309,จุดสี/color dot,Minor,1
QC26050894,12301,รอยด่าง/stain spot,Minor,33
QC26050894,12304,ถลอก/Peel off,Minor,4
QC26050894,11009,พิมพ์ถลอก/Printing Peel off,Minor,3
QC26050895,"12308 , 11008 , 12339","พิมพ์บาง/Printing too thin , สีไม่ตรง STD /Color off Standard , ไม่เหมือน STD./ not same STD.",Minor,567
QC26050895,"12312 , 12308 , 11008 , 12339","พิมพ์บาง/Printing too thin , สีไม่ตรง STD /Color off Standard , คราบสกปรก/Dirty , ไม่เหมือน STD./ not same STD.",Minor,52
QC26050895,"12309 , 12308 , 11008 , 12339","พิมพ์บาง/Printing too thin , สีไม่ตรง STD /Color off Standard , จุดสี/color dot , ไม่เหมือน STD./ not same STD.",Minor,7
QC26050895,"12304 , 12308 , 11008 , 12339","พิมพ์บาง/Printing too thin , ถลอก/Peel off , สีไม่ตรง STD./Color off Standard , ไม่เหมือน STD./ not same STD.",Minor,2
QC26050895,"12327 , 12308 , 11008 , 12339","พิมพ์บาง/Printing too thin , สีไม่ตรง STD /Color off Standard , รอยขีด/scratch mark , ไม่เหมือน STD./ not same STD.",Minor,1
QC26050895,"12302 , 12308 , 11008 , 12339","พิมพ์บาง/Printing too thin , รอยนูน / bulge , สีไม่ตรง STD /Color off Standard , ไม่เหมือน STD./ not same STD.",Minor,1
QC26050896,12304,ถลอก/Peel off,Minor,48
QC26050896,12310,ฝุ่น/Dust,Minor,5
QC26050896,12309,จุดสี/color dot,Minor,2
QC26050896,12306,ร้าว/crack,Critical,1
QC26040895,15308,สีไม่ตรง STD /Color off Standard,Minor,200
QC26050897,"11007 , 12308","พิมพ์หนา/Printing too thick , สีไม่ตรง STD /Color off Standard",Minor,150
QC26050897,"11007 , 12308 , 12305","พิมพ์หนา/Printing too thick , บุบ/Dent , สีไม่ตรง STD /Color off Standard",Minor,41
QC26050897,"11007 , 12308 , 12313","พิมพ์หนา/Printing too thick , สีไม่ตรง STD /Color off Standard , เป็นเม็ด/Dot",Minor,4
QC26050897,"11007 , 12308 , 12346","พิมพ์หนา/Printing too thick , สีไม่ตรง STD /Color off Standard , คราบกาว/glue stains",Minor,3
QC26050897,"11007 , 12308 , 12309","พิมพ์หนา/Printing too thick , สีไม่ตรง STD /Color off Standard , จุดสี/color dot",Minor,2
QC26050899,12308,สีไม่ตรง STD /Color off Standard,Minor,313
QC26050899,"12308 , 12372","สีไม่ตรง STD /Color off Standard , โดนความร้อน/Has mark from heat",Minor,1
QC26050899,"12308 , 12356","สีไม่ตรง STD /Color off Standard , เส้นผม/hair",Critical,1
QC26050900,12308,สีไม่ตรง STD /Color off Standard,Minor,312
QC26050900,"12308 , 13105","หมุนฝืด/Spining not smooth , สีไม่ตรง STD /Color off Standard",Major,2
QC26050900,"12308 , 12304","ถลอก/Peel off , สีไม่ตรง STD /Color off Standard",Minor,1
QC26050901,"12308 , 11008","พิมพ์บาง/Printing too thin , สีไม่ตรง STD /Color off Standard",Minor,630
QC26050902,12308,สีไม่ตรง STD /Color off Standard,Minor,265
QC26050902,12308,สีไม่ตรง STD /Color off Standard,Minor,45
QC26050902,"12308 , 13324","สีไม่ตรง STD /Color off Standard , เสียรูปทรง/Deform",Minor,5
QC26050903,12308,สีไม่ตรง STD /Color off Standard,Minor,315
QC26040899,12308,สีไม่ตรง STD /Color off Standard,Minor,315
QC26050904,12308,สีไม่ตรง STD /Color off Standard,Minor,618
QC26050904,"12308 , 12312","สีไม่ตรง STD /Color off Standard , คราบสกปรก/Dirty",Minor,5
QC26050904,"12308 , 12327","สีไม่ตรง STD /Color off Standard , รอยขีด/scratch mark",Minor,4
QC26050904,"12308 , 13120","ห่าง/Gap , สีไม่ตรง STD /Color off Standard",Minor,3
QC26050906,12341,เปื้อนสี / stain color,Minor,1
QC26040905,12308,สีไม่ตรง STD /Color off Standard,Minor,283
QC26040905,12308,สีไม่ตรง STD /Color off Standard,Minor,32
QC26050907,12349,เอียง/sloping,Minor,52
QC26050909,12356,เส้นผม/hair,Critical,1
QC26050909,13106,หมุนเบา/Spining a little soft,Minor,38
QC26050910,"12308 , 12367","สีไม่ตรง STD /Color off Standard , รอยกดทับ/Pressure marks",Minor,310
QC26050910,"12308 , 12367 , 12309","สีไม่ตรง STD /Color off Standard , จุดสี/color dot , รอยกดทับ/Pressure marks",Minor,2
QC26050910,"12308 , 12367 , 12324","สีไม่ตรง STD /Color off Standard , เสียรูปทรง/Deform , รอยกดทับ/Pressure marks",Minor,2
QC26050910,"12308 , 12367 , 12312","สีไม่ตรง STD /Color off Standard , คราบสกปรก/Dirty , รอยกดทับ/Pressure marks",Minor,1
QC26050911,12303,รอยย่น/Wrinkle,Minor,39
QC26050911,12304,ถลอก/Peel off,Minor,1
QC26040908,12356,เส้นผม/hair,Critical,1
QC26040908,13127,ประกอบไม่สนิท / Incomplete,Minor,2
QC26040908,12346,คราบกาว/glue stains,Minor,1
QC26050912,12303,รอยย่น/Wrinkle,Minor,1
QC26050914,12303,รอยย่น/Wrinkle,Minor,42
QC26050914,12327,รอยขีด/scratch mark,Minor,1
QC26050914,12304,ถลอก/Peel off,Minor,1
QC26040913,12309,จุดสี/color dot,Minor,7
QC26040913,12341,เปื้อนสี / stain color,Minor,1
QC26040913,12312,คราบสกปรก/Dirty,Minor,1
QC26040913,12301,รอยด่าง/stain spot,Minor,1
QC26050915,12303,รอยย่น/Wrinkle,Minor,3
QC26050915,12344,เคลือบไม่เต็ม/not fully coating,Minor,1
QC26050917,12312,คราบสกปรก/Dirty,Minor,7
QC26050917,12349,เอียง/sloping,Minor,3
QC26040916,12308,สีไม่ตรง STD /Color off Standard,Minor,591
QC26040916,"12301 , 12308","รอยด่าง/stain spot , สีไม่ตรง STD /Color off Standard",Minor,32
QC26040916,"12309 , 12308","สีไม่ตรง STD /Color off Standard , จุดสี/color dot",Minor,7
QC26050918,12356,เส้นผม/hair,Critical,1
QC26050926,12308,สีไม่ตรง STD /Color off Standard,Minor,497
QC26050926,"12308 , 12346","สีไม่ตรง STD /Color off Standard , คราบกาว/glue stains",Minor,1
QC26050926,"12308 , 12313","สีไม่ตรง STD /Color off Standard , เป็นเม็ด/Dot",Minor,1
QC26050926,"12308 , 12327","สีไม่ตรง STD /Color off Standard , รอยขีด/scratch mark",Minor,1
QC26050927,12309,จุดสี/color dot,Minor,3
QC26050928,12308,สีไม่ตรง STD /Color off Standard,Minor,315
QC26050929,12312,คราบสกปรก/Dirty,Minor,28
QC26050930,12308,สีไม่ตรง STD /Color off Standard,Minor,347
QC26050930,"12308 , 12304","ถลอก/Peel off , สีไม่ตรง STD /Color off Standard",Minor,43
QC26050930,"12308 , 12346","สีไม่ตรง STD /Color off Standard , คราบกาว/glue stains",Minor,2
QC26050930,"12308 , 12344","สีไม่ตรง STD /Color off Standard , เคลือบไม่เต็ม/not fully coating",Minor,1
QC26050930,"12308 , 12309","สีไม่ตรง STD /Color off Standard , จุดสี/color dot",Minor,4
QC26050931,12308,สีไม่ตรง STD /Color off Standard,Minor,498
QC26050931,"12308 , 12309","สีไม่ตรง STD /Color off Standard , จุดสี/color dot",Minor,2
QC26050932,12308,สีไม่ตรง STD /Color off Standard,Minor,965
QC26050932,"12308 , 12309","สีไม่ตรง STD /Color off Standard , จุดสี/color dot",Minor,35
QC26050933,12308,สีไม่ตรง STD /Color off Standard,Minor,315
QC26050934,12308,สีไม่ตรง STD /Color off Standard,Minor,315
QC26050937,12308,สีไม่ตรง STD /Color off Standard,Minor,200
QC26050936,12308,สีไม่ตรง STD /Color off Standard,Minor,200
QC26050938,12308,สีไม่ตรง STD /Color off Standard,Minor,993
QC26050938,"12308 , 12309","สีไม่ตรง STD /Color off Standard , จุดสี/color dot",Minor,7
QC26050939,12308,สีไม่ตรง STD /Color off Standard,Minor,200
QC26050940,12308,สีไม่ตรง STD /Color off Standard,Minor,312
QC26050940,"12308 , 12356","สีไม่ตรง STD /Color off Standard , เส้นผม/hair",Critical,1
QC26050940,"12308 , 12307","แตก/broken , สีไม่ตรง STD /Color off Standard",Critical,1
QC26050941,12308,สีไม่ตรง STD /Color off Standard,Minor,394
QC26050941,"12308 , 12315","สีไม่ตรง STD /Color off Standard , ฟองอากาศ/Bubble",Minor,5
QC26050941,"12308 , 12312","สีไม่ตรง STD /Color off Standard , คราบสกปรก/Dirty",Minor,1
QC26050941,"12308 , 12309","สีไม่ตรง STD /Color off Standard , จุดสี/color dot",Minor,1
QC26050942,12308,สีไม่ตรง STD /Color off Standard,Minor,199
QC26050942,"12308 , 12313","สีไม่ตรง STD /Color off Standard , เป็นเม็ด/Dot",Minor,1
QC26050943,12308,สีไม่ตรง STD /Color off Standard,Minor,164
QC26050943,"12308 , 13130","ปิดไม่สนิท , สีไม่ตรง STD /Color off Standard",Minor,36
QC26050944,12308,สีไม่ตรง STD /Color off Standard,Minor,200
QC26050945,12308,สีไม่ตรง STD /Color off Standard,Minor,800
QC26050946,12308,สีไม่ตรง STD /Color off Standard,Minor,310
QC26050946,"12308 , 13127","ประกอบไม่สนิท / Incomplete , สีไม่ตรง STD /Color off Standard",Minor,5
QC26050953,12308,สีไม่ตรง STD /Color off Standard,Minor,315
QC26050955,12308,สีไม่ตรง STD /Color off Standard,Minor,315
QC26050956,12308,สีไม่ตรง STD /Color off Standard,Minor,630
QC26050957,12308,สีไม่ตรง STD /Color off Standard,Minor,630
QC26050958,"11003 , 12315","พิมพ์ซ้อน/Printing overlap , ฟองอากาศ/Bubble",Minor,315
QC26050959,"12308 , 11003 , 12315","พิมพ์ซ้อน/Printing overlap , สีไม่ตรง STD /Color off Standard , ฟองอากาศ/Bubble",Minor,315
QC26050960,12308,สีไม่ตรง STD /Color off Standard,Minor,200
QC26050961,"12308 , 12339 , 12304","ถลอก/Peel off , สีไม่ตรง STD /Color off Standard , ไม่เหมือน STD./ not same STD.",Minor,77
QC26050961,"12308 , 12339 , 12304 , 12309","ถลอก/Peel off , สีไม่ตรง STD /Color off Standard , จุดสี/color dot , ไม่เหมือน STD./ not same STD.",Minor,2
QC26050961,"12308 , 12339 , 12304 , 12307","ถลอก/Peel off , แตก/broken , สีไม่ตรง STD./Color off Standard , ไม่เหมือน STD./ not same STD.",Critical,1
QC26050962,"12308 , 12371 , 12304","ถลอก/Peel off , สีไม่ตรง STD /Color off Standard , ไขที่เนื้อยา",Minor,80
QC26050963,"12308 , 12304","ถลอก/Peel off , สีไม่ตรง STD /Color off Standard",Minor,7
QC26050963,"12308 , 12304 , 12340","ถลอก/Peel off , สีไม่ตรง STD /Color off Standard , เปื้อนตัวยา / stain bulk",Minor,1
QC26050964,"12308 , 12304 , 12339","ถลอก/Peel off , สีไม่ตรง STD /Color off Standard , ไม่เหมือน STD./ not same STD.",Minor,200
QC26050965,"12308 , 12304","ถลอก/Peel off , สีไม่ตรง STD /Color off Standard",Minor,124
QC26050965,"12308 , 12304 , 12315","ถลอก/Peel off , สีไม่ตรง STD /Color off Standard , ฟองอากาศ/Bubble",Minor,1
QC26050966,"12308 , 12304 , 12339","ถลอก/Peel off , สีไม่ตรง STD /Color off Standard , ไม่เหมือน STD./ not same STD.",Minor,200
QC26050967,"12308 , 12304","ถลอก/Peel off , สีไม่ตรง STD /Color off Standard",Minor,77
QC26050967,"12308 , 12304 , 12324","ถลอก/Peel off , สีไม่ตรง STD /Color off Standard , เสียรูปทรง/Deform",Critical,3
QC26050968,"12308 , 12304 , 12371","ถลอก/Peel off , สีไม่ตรง STD /Color off Standard , ไขที่เนื้อยา",Minor,32
QC26050971,12308,สีไม่ตรง STD /Color off Standard,Minor,200
QC26050973,12308,สีไม่ตรง STD /Color off Standard,Minor,497
QC26050973,"12308 , 12309","สีไม่ตรง STD /Color off Standard , จุดสี/color dot",Minor,3
QC26050988,12308,สีไม่ตรง STD /Color off Standard,Minor,274
QC26050988,"12308 , 12310","สีไม่ตรง STD /Color off Standard , ฝุ่น/Dust",Minor,32
QC26050988,"12308 , 12309","สีไม่ตรง STD /Color off Standard , จุดสี/color dot",Minor,5
QC26050988,"12324 , 12308","สีไม่ตรง STD /Color off Standard , เสียรูปทรง/Deform",Minor,3
QC26050988,"12308 , 11002","พิมพ์ขาดหาย/Printing not complete , สีไม่ตรง STD /Color off Standard",Minor,1
QC26050993,11007,พิมพ์หนา/Printing too thick,Minor,498
QC26050993,"11007 , 12301","พิมพ์หนา/Printing too thick , รอยด่าง/stain spot",Minor,2
QC26050994,12303,รอยย่น/Wrinkle,Minor,5
QC26050994,12309,จุดสี/color dot,Minor,1
QC26051001,12310,ฝุ่น/Dust,Critical,1
QC26051004,12304,ถลอก/Peel off,Minor,2
QC26051004,12327,รอยขีด/scratch mark,Minor,1
QC26051004,12305,บุบ/Dent,Minor,1
QC26051004,11309,จุดสี/color dot,Minor,1
QC26051004,11009,พิมพ์ถลอก/Printing Peel off,Minor,1
QC26051005,12308,สีไม่ตรง STD /Color off Standard,Minor,591
QC26051005,"12308 , 12309","สีไม่ตรง STD /Color off Standard , จุดสี/color dot",Minor,38
QC26051005,"12308 , 12327","สีไม่ตรง STD /Color off Standard , รอยขีด/scratch mark",Minor,1
QC26051006,12308,สีไม่ตรง STD /Color off Standard,Minor,630
QC26051007,12107,ประกอบไม่สุด/Assembled not complete,Minor,8
QC26051007,12349,เอียง/sloping,Minor,2
QC26051007,12322,แหว่ง/chip,Minor,1
QC26051007,12119,หลุด/loose,Minor,1
QC26051007,12325,ไม่มีรู/Not have hole,Major,1
QC26051008,12313,เป็นเม็ด/Dot,Minor,42
QC26051008,12304,ถลอก/Peel off,Minor,5
QC26051008,12327,รอยขีด/scratch mark,Minor,2
QC26051008,12309,จุดสี/color dot,Minor,1
QC26051008,12346,คราบกาว/glue stains,Minor,1
QC26051008,12305,บุบ/Dent,Minor,1
QC26051008,13370,ไม่สมมาตร / Incomplete,Minor,1
QC26051009,12308,สีไม่ตรง STD /Color off Standard,Minor,307
QC26051009,"12308 , 12346","สีไม่ตรง STD /Color off Standard , คราบกาว/glue stains",Minor,3
QC26051009,"12308 , 12327","สีไม่ตรง STD /Color off Standard , รอยขีด/scratch mark",Minor,2
QC26051009,"12308 , 12309","สีไม่ตรง STD /Color off Standard , จุดสี/color dot",Minor,1
QC26051009,"12308 , 12326","สีไม่ตรง STD /Color off Standard , บิ่น/chip",Major,1
QC26051009,"12308 , 12356","สีไม่ตรง STD /Color off Standard , เส้นผม/hair",Critical,1
QC26051010,12308,สีไม่ตรง STD /Color off Standard,Minor,200
QC26051011,"12308 , 15308",สีไม่ตรง STD /Color off Standard,Minor,112
QC26051011,"12308 , 15308 , 12311","สีไม่ตรง STD /Color off Standard , คราบวาสลีน/Vaseline stain",Minor,6
QC26051011,"12308 , 15308 , 12306","ร้าว/crack , สีไม่ตรง STD /Color off Standard",Critical,6
QC26051011,"12308 , 15308 , 12304","ถลอก/Peel off , สีไม่ตรง STD /Color off Standard",Minor,1
QC26051012,12308,สีไม่ตรง STD /Color off Standard,Minor,80
QC26051013,12308,สีไม่ตรง STD /Color off Standard,Minor,200
QC26051014,12308,สีไม่ตรง STD /Color off Standard,Minor,80
QC26051015,12308,สีไม่ตรง STD /Color off Standard,Minor,315
QC26051016,12308,สีไม่ตรง STD /Color off Standard,Minor,315
QC26051017,12310,ฝุ่น/Dust,Minor,48
QC26051017,12309,จุดสี/color dot,Minor,3
QC26051017,12313,เป็นเม็ด/Dot,Minor,1
QC26051017,12312,คราบสกปรก/Dirty,Minor,1
QC26051018,12311,คราบวาสลีน/Vaseline stain,Minor,34
QC26051018,12313,เป็นเม็ด/Dot,Minor,1
QC26051018,12304,ถลอก/Peel off,Minor,2
QC26051018,12312,คราบสกปรก/Dirty,Minor,1
QC26051019,12305,บุบ/Dent,Minor,1
QC26051019,12326,บิ่น/chip,Minor,1
QC26051019,12107,ประกอบไม่สุด/Assembled not complete,Minor,1
QC26051020,12346,คราบกาว/glue stains,Minor,27
QC26051020,12301,รอยด่าง/stain spot,Minor,1
QC26051020,13119,หลุด/loose,Major,1
QC26051020,12356,เส้นผม/hair,Critical,1
QC26051021,12311,คราบวาสลีน/Vaseline stain,Minor,7
QC26051021,12313,เป็นเม็ด/Dot,Minor,3
QC26051022,12327,รอยขีด/scratch mark,Minor,4
QC26051022,12313,เป็นเม็ด/Dot,Minor,4
QC26051022,12326,บิ่น/chip,Minor,1
QC26051023,12372,โดนความร้อน/Has mark from heat,Minor,32
QC26051024,12308,สีไม่ตรง STD /Color off Standard,Minor,500
QC26051025,12308,สีไม่ตรง STD /Color off Standard,Minor,315
QC26051026,12308,สีไม่ตรง STD /Color off Standard,Minor,315
QC26051027,12308,สีไม่ตรง STD /Color off Standard,Minor,200
QC26051028,12308,สีไม่ตรง STD /Color off Standard,Minor,200
QC26051029,12371,ไขที่เนื้อยา,Minor,13
QC26051029,12327,รอยขีด/scratch mark,Minor,11
QC26051029,12304,ถลอก/Peel off,Minor,4
QC26051029,12340,เปื้อนตัวยา / stain bulk,Minor,1
QC26051030,12309,จุดสี/color dot,Minor,6
QC26051030,12356,เส้นผม/hair,Critical,1
QC26051040,12308,สีไม่ตรง STD /Color off Standard,Minor,500
QC26051041,12308,สีไม่ตรง STD /Color off Standard,Minor,315
QC26051042,12308,สีไม่ตรง STD /Color off Standard,Minor,315
QC26051043,12308,สีไม่ตรง STD /Color off Standard,Minor,628
QC26051043,"12308 , 11009","พิมพ์ถลอก/Printing Peel off , สีไม่ตรง STD /Color off Standard",Minor,2
QC26051044,12308,สีไม่ตรง STD /Color off Standard,Minor,198
QC26051044,"12308 , 12341","สีไม่ตรง STD /Color off Standard , เปื้อนสี / stain color",Minor,2
QC26051059,11308,สีไม่ตรง STD /Color off Standard,Minor,200
QC26051060,11004,พิมพ์ไม่ตรงตำแหน่ง/Printing not position,Minor,2
QC26051100,12308,สีไม่ตรง STD /Color off Standard,Minor,494
QC26051100,"12308 , 12312","สีไม่ตรง STD /Color off Standard , คราบสกปรก/Dirty",Minor,5
QC26051100,"12308 , 12309","สีไม่ตรง STD /Color off Standard , จุดสี/color dot",Minor,1
QC26041047,12308,สีไม่ตรง STD /Color off Standard,Minor,458
QC26041047,"12309 , 12308","สีไม่ตรง STD /Color off Standard , จุดสี/color dot",Minor,40
QC26041047,"12327 , 12308","สีไม่ตรง STD /Color off Standard , รอยขีด/scratch mark",Minor,2
QC26041050,12308,สีไม่ตรง STD /Color off Standard,Minor,585
QC26041050,"12327 , 12308","สีไม่ตรง STD /Color off Standard , รอยขีด/scratch mark",Minor,5
QC26041050,"12346 , 12308","สีไม่ตรง STD /Color off Standard , คราบกาว/glue stains",Minor,4
QC26041050,"12344 , 12308","สีไม่ตรง STD /Color off Standard , เคลือบไม่เต็ม/not fully coating",Minor,3
QC26041050,"12304 , 12308","ถลอก/Peel off , สีไม่ตรง STD /Color off Standard",Minor,1
QC26041050,"12301 , 12308","รอยด่าง/stain spot , สีไม่ตรง STD /Color off Standard",Minor,32
QC26041051,12308,สีไม่ตรง STD /Color off Standard,Minor,334
QC26041051,"12309 , 12308","สีไม่ตรง STD /Color off Standard , จุดสี/color dot",Minor,16
QC26041051,"13129 , 12308","เปิดยาก/Hard to open , สีไม่ตรง STD /Color off Standard",Minor,18
QC26041051,"13114 , 12308","ปิดเบา / Softly closed , สีไม่ตรง STD /Color off Standard",Minor,20
QC26041051,12356,เส้นผม/hair,Critical,1
QC26041052,12349,เอียง/sloping,Minor,40
QC26041052,12128,ส่วนประกอบไม่ครบ/Missing components,Critical,1
QC26041052,12356,เส้นผม/hair,Minor,2
QC26041053,12321,พลาสติกยื่น/scrap plastic,Minor,24
QC26041053,12309,จุดสี/color dot,Minor,3
QC26041054,"12339 , 12308","สีไม่ตรง STD /Color off Standard , ไม่เหมือน STD./ not same STD.",Minor,500
QC26041059,12311,คราบวาสลีน/Vaseline stain,Minor,33
QC26041059,12306,ร้าว/crack,Critical,2
QC26041059,12307,แตก/broken,Critical,1
QC26041061,12308,สีไม่ตรง STD /Color off Standard,Minor,495
QC26041061,"12309 , 12308","สีไม่ตรง STD /Color off Standard , จุดสี/color dot",Minor,4
QC26041061,"12307 , 12308","แตก/broken , สีไม่ตรง STD /Color off Standard",Major,1
QC26051112,11010,พิมพ์แตก/Printing cracked,Minor,34
QC26051112,12309,จุดสี/color dot,Minor,4
QC26051112,11009,พิมพ์ถลอก/Printing Peel off,Minor,1
QC26051118,11017,พิมพ์เปื้อนสี/Printing Stain Color,Minor,44
QC26051118,11109,ไม่ล๊อค/Do not lock,Minor,1
QC26051118,12119,หลุด/loose,Minor,1
QC26051121,11010,พิมพ์แตก/Printing cracked,Minor,10
QC26051123,12310,ฝุ่น/Dust,Minor,2
QC26051124,12308,สีไม่ตรง STD /Color off Standard,Minor,50
QC26051125,11007,พิมพ์หนา/Printing too thick,Minor,32
QC26051125,"11007 , 11009","พิมพ์หนา/Printing too thick , พิมพ์ถลอก/Printing Peel off",Minor,16
QC26051125,"11007 , 11009 , 12304","พิมพ์หนา/Printing too thick , พิมพ์ถลอก/Printing Peel off , ถลอก/Peel off",Minor,2
QC26051126,12327,รอยขีด/scratch mark,Minor,1
QC26051127,12324,เสียรูปทรง/Deform,Minor,38
QC26051128,12327,รอยขีด/scratch mark,Minor,1
QC26051128,12324,เสียรูปทรง/Deform,Major,32
QC26051129,12310,ฝุ่น/Dust,Minor,39
QC26051129,12309,จุดสี/color dot,Minor,2
QC26051130,12327,รอยขีด/scratch mark,Minor,8
QC26051130,11009,พิมพ์ถลอก/Printing Peel off,Minor,8
QC26051130,12304,ถลอก/Peel off,Minor,4
QC26051130,12332,ประกายเงิน/silver streak,Minor,4
QC26051130,12305,บุบ/Dent,Minor,4
QC26051130,12324,เสียรูปทรง/Deform,Minor,1
QC26051130,12309,จุดสี/color dot,Minor,1
QC26051131,12310,ฝุ่น/Dust,Minor,35
QC26051131,12309,จุดสี/color dot,Minor,38
QC26051131,12327,รอยขีด/scratch mark,Minor,2
QC26051131,12310,ฝุ่น/Dust,Critical,1
QC26051133,12318,รอยเส้น/Trace mark,Minor,1
QC26051133,12301,รอยด่าง/stain spot,Minor,1
QC26051133,12312,คราบสกปรก/Dirty,Minor,1
QC26051133,12322,แหว่ง/chip,Minor,1
QC26051134,12308,สีไม่ตรง STD /Color off Standard,Minor,260
QC26051134,"12308 , 12312","สีไม่ตรง STD /Color off Standard , คราบสกปรก/Dirty",Minor,47
QC26051134,"12308 , 12309","สีไม่ตรง STD /Color off Standard , จุดสี/color dot",Minor,5
QC26051134,"12308 , 12340","สีไม่ตรง STD /Color off Standard , เปื้อนตัวยา / stain bulk",Minor,3
QC26051135,12308,สีไม่ตรง STD /Color off Standard,Minor,311
QC26051135,"12308 , 12309","สีไม่ตรง STD /Color off Standard , จุดสี/color dot",Minor,4
QC26051136,12308,สีไม่ตรง STD /Color off Standard,Minor,152
QC26051136,"12308 , 12351","สีไม่ตรง STD /Color off Standard , คราบน้ำ/water stains",Minor,36
QC26051136,"12308 , 12305","บุบ/Dent , สีไม่ตรง STD /Color off Standard",Minor,8
QC26051136,"12308 , 12313","สีไม่ตรง STD /Color off Standard , เป็นเม็ด/Dot",Minor,2
QC26051136,"12308 , 12304","ถลอก/Peel off , สีไม่ตรง STD /Color off Standard",Minor,2
QC26051137,12321,พลาสติกยื่น/scrap plastic,Minor,42
QC26051137,12309,จุดสี/color dot,Minor,3
QC26051137,12312,คราบสกปรก/Dirty,Minor,2
QC26051138,11010,พิมพ์แตก/Printing cracked,Minor,41
QC26051139,12310,ฝุ่น/Dust,Minor,39
QC26051139,12324,เสียรูปทรง/Deform,Major,2
QC26051139,12309,จุดสี/color dot,Minor,1
QC26051139,12305,บุบ/Dent,Minor,1
QC26051139,11009,พิมพ์ถลอก/Printing Peel off,Minor,2
QC26051140,12308,สีไม่ตรง STD /Color off Standard,Minor,49
QC26051140,"12308 , 12339","สีไม่ตรง STD /Color off Standard , ไม่เหมือน STD./ not same STD.",Minor,29
QC26051140,"12308 , 12309","สีไม่ตรง STD /Color off Standard , จุดสี/color dot",Minor,2
QC26051142,12351,คราบน้ำ/water stains,Minor,3
QC26051142,12315,ฟองอากาศ/Bubble,Minor,38
QC26051143,"12308 , 12301","รอยด่าง/stain spot , สีไม่ตรง STD /Color off Standard",Minor,70
QC26051143,"12301 , 12308 , 12304","รอยด่าง/stain spot , ถลอก/Peel off , สีไม่ตรง STD /Color off Standard",Minor,29
QC26051144,"12308 , 12301","รอยด่าง/stain spot , สีไม่ตรง STD /Color off Standard",Minor,38
QC26051144,"12308 , 12301 , 12304","รอยด่าง/stain spot , ถลอก/Peel off , สีไม่ตรง STD /Color off Standard",Minor,25
QC26051144,"12308 , 12301 , 12312","รอยด่าง/stain spot , สีไม่ตรง STD /Color off Standard , คราบสกปรก/Dirty",Minor,1
QC26051145,12315,ฟองอากาศ/Bubble,Minor,36
QC26051146,12308,สีไม่ตรง STD /Color off Standard,Minor,314
QC26051146,12312,คราบสกปรก/Dirty,Minor,1
QC26051147,12308,สีไม่ตรง STD /Color off Standard,Minor,999
QC26051148,"12308 , 11008","พิมพ์บาง/Printing too thin , สีไม่ตรง STD /Color off Standard",Minor,313
QC26051148,"12308 , 11008 , 12309","พิมพ์บาง/Printing too thin , สีไม่ตรง STD /Color off Standard , จุดสี/color dot",Minor,2
QC26051147,"12308 , 12309","สีไม่ตรง STD /Color off Standard , จุดสี/color dot",Minor,1
QC26051149,11010,พิมพ์แตก/Printing cracked,Minor,81
QC26051149,12313,เป็นเม็ด/Dot,Minor,41
QC26051149,12370,ไม่สมมาตร / Incomplete,Minor,2
QC26051149,12304,ถลอก/Peel off,Minor,1
QC26051150,"11008 , 12308","พิมพ์บาง/Printing too thin , สีไม่ตรง STD /Color off Standard",Minor,998
QC26051150,"11010 , 12308","พิมพ์แตก/Printing cracked , สีไม่ตรง STD /Color off Standard",Minor,2
QC26051151,12356,เส้นผม/hair,Critical,1
QC26051151,12310,ฝุ่น/Dust,Minor,455
QC26051151,"12107 , 12310","ประกอบไม่สุด/Assembled not complete , ฝุ่น/Dust",Minor,39
QC26051151,"12322 , 12310","ฝุ่น/Dust , แหว่ง/chip",Minor,2
QC26051151,"12349 , 12310","ฝุ่น/Dust , เอียง/sloping",Minor,2
QC26051151,"12309 , 12310","จุดสี/color dot , ฝุ่น/Dust",Minor,1
QC26051152,12309,จุดสี/color dot,Minor,36
QC26051153,12346,คราบกาว/glue stains,Minor,3
QC26051153,12318,รอยเส้น/Trace mark,Minor,1
QC26051153,12317,เป็นสนิม/Rust,Minor,1
QC26051154,12311,คราบวาสลีน/Vaseline stain,Minor,43
QC26051154,12312,คราบสกปรก/Dirty,Minor,2
QC26051154,12313,เป็นเม็ด/Dot,Minor,1
QC26051155,12312,คราบสกปรก/Dirty,Minor,37
QC26051156,15308,สีไม่ตรง STD /Color off Standard,Minor,80
QC26051157,12349,เอียง/sloping,Minor,28
QC26051158,14128,ส่วนประกอบไม่ครบ/Missing components,Major,1
QC26051159,15308,สีไม่ตรง STD /Color off Standard,Minor,80
QC26051160,12309,จุดสี/color dot,Minor,3
QC26051161,12346,คราบกาว/glue stains,Minor,5
QC26051161,12312,คราบสกปรก/Dirty,Minor,6
QC26051161,12303,รอยย่น/Wrinkle,Minor,4
QC26051161,12127,ประกอบไม่สนิท / Incomplete,Minor,1
QC26051162,12310,ฝุ่น/Dust,Minor,490
QC26051162,12107,ประกอบไม่สุด/Assembled not complete,Minor,7
QC26051162,12349,เอียง/sloping,Minor,3
QC26051163,12372,โดนความร้อน/Has mark from heat,Minor,8
QC26051164,12308,สีไม่ตรง STD /Color off Standard,Minor,173
QC26051164,12301,รอยด่าง/stain spot,Minor,27
QC26051165,12312,คราบสกปรก/Dirty,Minor,38
QC26051165,12340,เปื้อนตัวยา / stain bulk,Minor,4
QC26051165,12309,จุดสี/color dot,Minor,3
QC26051166,11007,พิมพ์หนา/Printing too thick,Minor,309
QC26051166,"11007 , 11009","พิมพ์หนา/Printing too thick , พิมพ์ถลอก/Printing Peel off",Minor,2
QC26051166,"11007 , 12327","พิมพ์หนา/Printing too thick , รอยขีด/scratch mark",Minor,3
QC26051166,"12309 , 11007","พิมพ์หนา/Printing too thick , จุดสี/color dot",Minor,1
QC26051167,12308,สีไม่ตรง STD /Color off Standard,Minor,893
QC26051167,"12308 , 12327","สีไม่ตรง STD /Color off Standard , รอยขีด/scratch mark",Minor,52
QC26051167,"12308 , 12310","สีไม่ตรง STD /Color off Standard , ฝุ่น/Dust",Minor,6
QC26051167,"12308 , 12304","ถลอก/Peel off , สีไม่ตรง STD /Color off Standard",Minor,5
QC26051167,"12308 , 12341","สีไม่ตรง STD /Color off Standard , เปื้อนสี / stain color",Minor,3
QC26051167,"12308 , 12312","สีไม่ตรง STD /Color off Standard , คราบสกปรก/Dirty",Minor,2
QC26051167,"12308 , 12372","สีไม่ตรง STD /Color off Standard , โดนความร้อน/Has mark from heat",Minor,1
QC26051167,"12308 , 12313","สีไม่ตรง STD /Color off Standard , เป็นเม็ด/Dot",Minor,1
QC26051167,"12308 , 12318","สีไม่ตรง STD /Color off Standard , รอยเส้น/Trace mark",Minor,1
QC26051171,12310,ฝุ่น/Dust,Critical,1
QC26051175,12308,สีไม่ตรง STD /Color off Standard,Minor,125
QC26051189,12349,เอียง/sloping,Minor,24
QC26051189,12309,จุดสี/color dot,Minor,4
QC26051189,12321,พลาสติกยื่น/scrap plastic,Minor,1
QC26051190,12346,คราบกาว/glue stains,Minor,4
QC26051190,12309,จุดสี/color dot,Minor,2
QC26051190,12344,เคลือบไม่เต็ม/not fully coating,Minor,2
QC26051190,12301,รอยด่าง/stain spot,Minor,1
QC26051191,12308,สีไม่ตรง STD /Color off Standard,Minor,287
QC26051191,12315,ฟองอากาศ/Bubble,Minor,28
QC26051192,12308,สีไม่ตรง STD /Color off Standard,Minor,193
QC26051192,12351,คราบน้ำ/water stains,Minor,4
QC26051192,12327,รอยขีด/scratch mark,Minor,2
QC26051192,12309,จุดสี/color dot,Minor,1
QC26051193,12303,รอยย่น/Wrinkle,Minor,58
QC26051193,12309,จุดสี/color dot,Minor,1
QC26041136,"12308 , 12346","สีไม่ตรง STD /Color off Standard , คราบกาว/glue stains",Minor,195
QC26041136,"12308 , 12346 , 12301","รอยด่าง/stain spot , สีไม่ตรง STD /Color off Standard , คราบกาว/glue stains",Minor,2
QC26041136,"12308 , 12346 , 12309","สีไม่ตรง STD /Color off Standard , จุดสี/color dot , คราบกาว/glue stains",Minor,3
QC26041137,12323,งอ/Bend,Minor,35
QC26041137,12122,ยับ/Wrinkle,Minor,1
QC26051195,12310,ฝุ่น/Dust,Minor,489
QC26051195,12349,เอียง/sloping,Minor,5
QC26051195,12324,เสียรูปทรง/Deform,Minor,5
QC26051195,12107,ประกอบไม่สุด/Assembled not complete,Minor,1
QC26041153,12308,สีไม่ตรง STD /Color off Standard,Minor,13
QC26051205,12308,สีไม่ตรง STD /Color off Standard,Minor,162
QC26051205,12312,คราบสกปรก/Dirty,Minor,31
QC26051205,12309,จุดสี/color dot,Minor,4
QC26051205,12340,เปื้อนตัวยา / stain bulk,Minor,2
QC26051205,12310,ฝุ่น/Dust,Minor,1
QC26041178,12308,สีไม่ตรง STD /Color off Standard,Minor,40
QC26041179,11009,พิมพ์ถลอก/Printing Peel off,Minor,3
QC26041180,12309,จุดสี/color dot,Minor,45
QC26041181,12301,รอยด่าง/stain spot,Minor,315
QC26051206,12308,สีไม่ตรง STD /Color off Standard,Minor,178
QC26051206,12306,ร้าว/crack,Critical,21
QC26051206,12346,คราบกาว/glue stains,Minor,1
QC26051224,12324,เสียรูปทรง/Deform,Minor,3
QC26051225,12303,รอยย่น/Wrinkle,Minor,7
QC26051226,12309,จุดสี/color dot,Minor,1
QC26051227,12304,ถลอก/Peel off,Minor,1
QC26051228,12310,ฝุ่น/Dust,Minor,1
QC26051229,12309,จุดสี/color dot,Minor,27
QC26051229,12310,ฝุ่น/Dust,Minor,4
QC26051229,12322,แหว่ง/chip,Minor,2
QC26051229,12312,คราบสกปรก/Dirty,Minor,1
QC26051230,12308,สีไม่ตรง STD /Color off Standard,Minor,315
QC26051231,12308,สีไม่ตรง STD /Color off Standard,Minor,315
QC26051233,12308,สีไม่ตรง STD /Color off Standard,Minor,314
QC26051233,12127,ประกอบไม่สนิท / Incomplete,Major,1
QC26051234,12308,สีไม่ตรง STD /Color off Standard,Minor,315
QC26051235,12312,คราบสกปรก/Dirty,Minor,314
QC26051235,"12310 , 12308","สีไม่ตรง STD /Color off Standard , ฝุ่น/Dust",Minor,1
QC26051236,"11007 , 12308","พิมพ์หนา/Printing too thick , สีไม่ตรง STD /Color off Standard",Minor,623
QC26051236,"12329 , 12308 , 11007","พิมพ์หนา/Printing too thick , สีไม่ตรง STD /Color off Standard , รูเล็ก/Small hole",Minor,5
QC26051236,"12322 , 12309 , 11007","พิมพ์หนา/Printing too thick , จุดสี/color dot , แหว่ง/chip",Minor,1
QC26051236,"12356 , 12308 , 12322","สีไม่ตรง STD /Color off Standard , แหว่ง/chip , เส้นผม/hair",Critical,1
QC26051237,12308,สีไม่ตรง STD /Color off Standard,Minor,199
QC26051237,"12312 , 12308","สีไม่ตรง STD /Color off Standard , คราบสกปรก/Dirty",Minor,1
QC26051238,12308,สีไม่ตรง STD /Color off Standard,Minor,460
QC26051238,"12308 , 12321","สีไม่ตรง STD /Color off Standard , พลาสติกยื่น/scrap plastic",Minor,36
QC26051238,"12308 , 12309","สีไม่ตรง STD /Color off Standard , จุดสี/color dot",Minor,3
QC26051238,"12308 , 12324","สีไม่ตรง STD /Color off Standard , เสียรูปทรง/Deform",Major,1
QC26051239,"12339 , 11003 , 12308","พิมพ์ซ้อน/Printing overlap , สีไม่ตรง STD./Color off Standard , ไม่เหมือน STD./ not same STD.",Minor,297
QC26051239,"12339 , 11003 , 12308 , 12315","พิมพ์ซ้อน/Printing overlap , สีไม่ตรง STD /Color off Standard , ฟองอากาศ/Bubble , ไม่เหมือน STD./ not same STD.",Minor,18
QC26051240,"12339 , 11003 , 12308","พิมพ์ซ้อน/Printing overlap , สีไม่ตรง STD./Color off Standard , ไม่เหมือน STD./ not same STD.",Minor,294
QC26051240,"12339 , 11003 , 12308 , 12315","พิมพ์ซ้อน/Printing overlap , สีไม่ตรง STD /Color off Standard , ฟองอากาศ/Bubble , ไม่เหมือน STD./ not same STD.",Minor,21
QC26051241,12349,เอียง/sloping,Minor,6
QC26051241,12107,ประกอบไม่สุด/Assembled not complete,Minor,1
QC26051242,"11008 , 12308","พิมพ์บาง/Printing too thin , สีไม่ตรง STD /Color off Standard",Minor,625
QC26051242,"11008 , 12308 , 12332","พิมพ์บาง/Printing too thin , สีไม่ตรง STD /Color off Standard , ประกายเงิน/silver streak",Minor,2
QC26051242,"11008 , 12308 , 12324","พิมพ์บาง/Printing too thin , สีไม่ตรง STD /Color off Standard , เสียรูปทรง/Deform",Major,1
QC26051242,"11008 , 12308 , 12327","พิมพ์บาง/Printing too thin , สีไม่ตรง STD /Color off Standard , รอยขีด/scratch mark",Minor,1
QC26051242,"11008 , 12308 , 11009","พิมพ์บาง/Printing too thin , พิมพ์ถลอก/Printing Peel off , สีไม่ตรง STD /Color off Standard",Minor,1
QC26051243,12308,สีไม่ตรง STD /Color off Standard,Minor,311
QC26051243,"12308 , 12309","สีไม่ตรง STD /Color off Standard , จุดสี/color dot",Minor,4
QC26051244,12308,สีไม่ตรง STD /Color off Standard,Minor,398
QC26051244,"12308 , 12309","สีไม่ตรง STD /Color off Standard , จุดสี/color dot",Minor,2
QC26051245,12308,สีไม่ตรง STD /Color off Standard,Minor,301
QC26051245,"12308 , 12309","สีไม่ตรง STD /Color off Standard , จุดสี/color dot",Minor,68
QC26051245,"12308 , 12301","รอยด่าง/stain spot , สีไม่ตรง STD /Color off Standard",Minor,31
QC26051246,"12339 , 12308","สีไม่ตรง STD /Color off Standard , ไม่เหมือน STD./ not same STD.",Minor,331
QC26051246,"12339 , 12308 , 12304","ถลอก/Peel off , สีไม่ตรง STD /Color off Standard , ไม่เหมือน STD./ not same STD.",Minor,54
QC26051246,"12339 , 12308 , 12327","สีไม่ตรง STD /Color off Standard , รอยขีด/scratch mark , ไม่เหมือน STD./ not same STD.",Minor,6
QC26051246,"12339 , 12308 , 12309","สีไม่ตรง STD /Color off Standard , จุดสี/color dot , ไม่เหมือน STD./ not same STD.",Minor,6
QC26051246,"12339 , 12308 , 12346","สีไม่ตรง STD./Color off Standard , ไม่เหมือน STD./ not same STD. , คราบกาว/glue stains",Minor,1
QC26051246,"12339 , 12308 , 12312","สีไม่ตรง STD /Color off Standard , คราบสกปรก/Dirty , ไม่เหมือน STD./ not same STD.",Minor,1
QC26051246,"12339 , 12308 , 12326","สีไม่ตรง STD /Color off Standard , บิ่น/chip , ไม่เหมือน STD./ not same STD.",Major,1
QC26051247,12308,สีไม่ตรง STD /Color off Standard,Minor,291
QC26051247,"12308 , 11009","พิมพ์ถลอก/Printing Peel off , สีไม่ตรง STD /Color off Standard",Minor,24
QC26051248,12308,สีไม่ตรง STD /Color off Standard,Minor,313
QC26051248,"12308 , 12340","สีไม่ตรง STD /Color off Standard , เปื้อนตัวยา / stain bulk",Minor,2
QC26051249,12308,สีไม่ตรง STD /Color off Standard,Minor,75
QC26051249,12309,จุดสี/color dot,Minor,5
QC26051250,12308,สีไม่ตรง STD /Color off Standard,Minor,1000
QC26051251,12312,คราบสกปรก/Dirty,Minor,2
QC26051252,12371,ไขที่เนื้อยา,Minor,7
QC26051252,11009,พิมพ์ถลอก/Printing Peel off,Minor,1
QC26051252,12372,โดนความร้อน/Has mark from heat,Minor,1
QC26051252,12327,รอยขีด/scratch mark,Minor,7
QC26051252,12351,คราบน้ำ/water stains,Minor,5
QC26051252,12315,ฟองอากาศ/Bubble,Minor,5
QC26051252,12304,ถลอก/Peel off,Minor,2
QC26051253,11003,พิมพ์ซ้อน/Printing overlap,Minor,29
QC26051253,12312,คราบสกปรก/Dirty,Minor,2
QC26051254,12312,คราบสกปรก/Dirty,Minor,40
QC26051254,12321,พลาสติกยื่น/scrap plastic,Minor,3
QC26051255,12321,พลาสติกยื่น/scrap plastic,Minor,36
QC26051256,12308,สีไม่ตรง STD /Color off Standard,Minor,200
QC26060001,"12312 , 12308","สีไม่ตรง STD /Color off Standard , คราบสกปรก/Dirty",Minor,31
QC26060001,12308,สีไม่ตรง STD /Color off Standard,Minor,162
QC26051257,12308,สีไม่ตรง STD /Color off Standard,Minor,164
QC26051257,"12308 , 12351","สีไม่ตรง STD /Color off Standard , คราบน้ำ/water stains",Minor,32
QC26051257,"12308 , 12304","ถลอก/Peel off , สีไม่ตรง STD /Color off Standard",Minor,3
QC26051257,"12308 , 12315","สีไม่ตรง STD /Color off Standard , ฟองอากาศ/Bubble",Minor,1
QC26051258,12308,สีไม่ตรง STD /Color off Standard,Minor,50
QC26051259,12308,สีไม่ตรง STD /Color off Standard,Minor,125
QC26051260,12308,สีไม่ตรง STD /Color off Standard,Minor,50
QC26051261,12309,จุดสี/color dot,Minor,3
QC26051264,12308,สีไม่ตรง STD /Color off Standard,Minor,468
QC26051264,"12308 , 12315","สีไม่ตรง STD /Color off Standard , ฟองอากาศ/Bubble",Minor,468
QC26051265,12308,สีไม่ตรง STD /Color off Standard,Minor,200
QC26051195,12310,ฝุ่น/Dust,Minor,489
QC26051195,"11310 , 12349","ฝุ่น/Dust , เอียง/sloping",Minor,5
QC26051195,"12310 , 12324","ฝุ่น/Dust , เสียรูปทรง/Deform",Major,5
QC26051195,"12310 , 12107","ประกอบไม่สุด/Assembled not complete , ฝุ่น/Dust",Minor,1
QC26051193,12303,รอยย่น/Wrinkle,Minor,58
QC26051193,12309,จุดสี/color dot,Minor,1
QC26051205,12308,สีไม่ตรง STD /Color off Standard,Minor,81
QC26051205,"12308 , 12312","สีไม่ตรง STD /Color off Standard , คราบสกปรก/Dirty",Minor,31
QC26051205,"12308 , 12309","สีไม่ตรง STD /Color off Standard , จุดสี/color dot",Minor,4
QC26051205,"12308 , 11340","สีไม่ตรง STD /Color off Standard , เปื้อนตัวยา / stain bulk",Minor,2
QC26051205,"12308 , 12310","สีไม่ตรง STD /Color off Standard , ฝุ่น/Dust",Minor,1
QC26041153,12308,สีไม่ตรง STD /Color off Standard,Minor,13
QC26051206,12308,สีไม่ตรง STD /Color off Standard,Minor,178
QC26051206,"12308 , 12306","ร้าว/crack , สีไม่ตรง STD /Color off Standard",Critical,21
QC26051206,"12308 , 12346","สีไม่ตรง STD /Color off Standard , คราบกาว/glue stains",Minor,1
QC26060001,12312,คราบสกปรก/Dirty,Minor,48
QC26060001,12309,จุดสี/color dot,Minor,28
QC26060001,11010,พิมพ์แตก/Printing cracked,Minor,3
QC26060001,11009,พิมพ์ถลอก/Printing Peel off,Minor,1
QC26060001,12341,เปื้อนสี / stain color,Minor,102
QC26060002,11010,พิมพ์แตก/Printing cracked,Minor,23
QC26060002,12301,รอยด่าง/stain spot,Minor,10
QC26060003,12308,สีไม่ตรง STD /Color off Standard,Minor,314
QC26060003,12356,เส้นผม/hair,Critical,1
QC26060004,12308,สีไม่ตรง STD /Color off Standard,Minor,314
QC26060004,"12308 , 12326","สีไม่ตรง STD /Color off Standard , บิ่น/chip",Major,1
QC26060006,12308,สีไม่ตรง STD /Color off Standard,Minor,259
QC26060006,"12308 , 12304","สีไม่ตรง STD /Color off Standard , ถลอก/Peel off",Minor,46
QC26060006,"12308 , 12371","สีไม่ตรง STD /Color off Standard , ไขที่เนื้อยา",Minor,6
QC26060006,"12308 , 12327","สีไม่ตรง STD /Color off Standard , รอยขีด/scratch mark",Minor,4
QC26051269,12309,จุดสี/color dot,Minor,38
QC26060007,12321,พลาสติกยื่น/scrap plastic,Minor,42
QC26060007,12324,เสียรูปทรง/Deform,Major,1
QC26060007,12312,คราบสกปรก/Dirty,Minor,1
QC26060010,12322,แหว่ง/chip,Minor,24
QC26060010,12310,ฝุ่น/Dust,Minor,4
QC26060010,12309,จุดสี/color dot,Minor,2
QC26060012,11010,พิมพ์แตก/Printing cracked,Minor,37
QC26060015,"12310 , 12312","ฝุ่น/Dust , คราบสกปรก/Dirty",Minor,1
QC26060015,12312,คราบสกปรก/Dirty,Minor,46
QC26060016,12308,สีไม่ตรง STD /Color off Standard,Minor,632
QC26060016,"12308 , 12312 , 12339","สีไม่ตรง STD./Color off Standard , ไม่เหมือน STD./ not same STD. , คราบสกปรก/Dirty",Minor,3
QC26060016,"12339 , 12308 , 12321","พลาสติกยื่น/scrap plastic , สีไม่ตรง STD /Color off Standard , ไม่เหมือน STD./ not same STD.",Minor,4
QC26060017,12107,ประกอบไม่สุด/Assembled not complete,Minor,2
QC26060017,12324,เสียรูปทรง/Deform,Minor,1
QC26060017,12312,คราบสกปรก/Dirty,Minor,2
QC26060018,12308,สีไม่ตรง STD /Color off Standard,Minor,200
QC26060019,12308,สีไม่ตรง STD /Color off Standard,Minor,500
QC26060023,12308,สีไม่ตรง STD /Color off Standard,Minor,495
QC26060023,"12308 , 12312","สีไม่ตรง STD /Color off Standard , คราบสกปรก/Dirty",Minor,3
QC26060023,"12356 , 12308","เส้นผม/hair , สีไม่ตรง STD /Color off Standard",Minor,2
QC26060025,12339,ไม่เหมือน STD./ not same STD.,Minor,34
QC26060025,12107,ประกอบไม่สุด/Assembled not complete,Minor,2
QC26060028,12312,คราบสกปรก/Dirty,Minor,2
QC26060028,12309,จุดสี/color dot,Minor,1
QC26051270,12308,สีไม่ตรง STD /Color off Standard,Minor,315
QC26051271,12308,สีไม่ตรง STD /Color off Standard,Minor,495
QC26051271,12312,คราบสกปรก/Dirty,Minor,1
QC26051271,12309,จุดสี/color dot,Minor,4
QC26051272,"12308 , 12309","สีไม่ตรง STD /Color off Standard , จุดสี/color dot",Minor,6
QC26051272,12308,สีไม่ตรง STD /Color off Standard,Minor,494
QC26051273,12308,สีไม่ตรง STD /Color off Standard,Minor,1000
QC26051274,12309,จุดสี/color dot,Minor,4
QC26051274,12312,คราบสกปรก/Dirty,Minor,4
QC26051275,12308,สีไม่ตรง STD /Color off Standard,Minor,315
QC26051276,11007,พิมพ์หนา/Printing too thick,Minor,274
QC26051276,"11007 , 12312","พิมพ์หนา/Printing too thick , คราบสกปรก/Dirty",Minor,32
QC26051276,"11007 , 12309","พิมพ์หนา/Printing too thick , จุดสี/color dot",Minor,3
QC26051276,"11007 , 12346","พิมพ์หนา/Printing too thick , คราบกาว/glue stains",Minor,1
QC26051276,"11007 , 12304","พิมพ์หนา/Printing too thick , ถลอก/Peel off",Minor,2
QC26051276,"11007 , 12310","พิมพ์หนา/Printing too thick , ฝุ่น/Dust",Minor,1
QC26051276,"11007 , 12127","พิมพ์หนา/Printing too thick , ประกอบไม่สนิท / Incomplete",Minor,1
QC26051276,"11007 , 12344","พิมพ์หนา/Printing too thick , เคลือบไม่เต็ม/not fully coating",Minor,1
QC26060039,12309,จุดสี/color dot,Minor,24
QC26060039,"12309 , 12318","จุดสี/color dot , รอยเส้น/Trace mark",Minor,136
QC26060040,"11008 , 12308","พิมพ์บาง/Printing too thin , สีไม่ตรง STD /Color off Standard",Minor,315
QC26060041,12308,สีไม่ตรง STD /Color off Standard,Minor,448
QC26060041,"12308 , 11020","สีไม่ตรง STD /Color off Standard , พิมพ์เหลื่อม",Minor,33
QC26060041,"12308 , 12339","สีไม่ตรง STD /Color off Standard , ไม่เหมือน STD./ not same STD.",Minor,19
QC26060042,12308,สีไม่ตรง STD /Color off Standard,Minor,307
QC26060042,"12318 , 12308","สีไม่ตรง STD /Color off Standard , รอยเส้น/Trace mark",Minor,5
QC26060042,"12308 , 12309","สีไม่ตรง STD /Color off Standard , จุดสี/color dot",Minor,3
QC26060043,12308,สีไม่ตรง STD /Color off Standard,Minor,364
QC26060043,"12308 , 12311","สีไม่ตรง STD /Color off Standard , คราบวาสลีน/Vaseline stain",Minor,33
QC26060043,"12308 , 12312","สีไม่ตรง STD /Color off Standard , คราบสกปรก/Dirty",Minor,1
QC26060043,"12308 , 12309","สีไม่ตรง STD /Color off Standard , จุดสี/color dot",Minor,1
QC26060043,"12308 , 12327","สีไม่ตรง STD /Color off Standard , รอยขีด/scratch mark",Minor,1
QC26060044,12308,สีไม่ตรง STD /Color off Standard,Minor,363
QC26060044,"12308 , 12311","สีไม่ตรง STD /Color off Standard , คราบวาสลีน/Vaseline stain",Minor,26
QC26060044,"12308 , 12309","สีไม่ตรง STD /Color off Standard , จุดสี/color dot",Minor,5
QC26060044,"12308 , 12310","สีไม่ตรง STD /Color off Standard , ฝุ่น/Dust",Minor,3
QC26060044,"12312 , 12308","สีไม่ตรง STD /Color off Standard , คราบสกปรก/Dirty",Minor,3
QC26060049,12308,สีไม่ตรง STD /Color off Standard,Minor,563
QC26060049,"12308 , 12311","สีไม่ตรง STD /Color off Standard , คราบวาสลีน/Vaseline stain",Minor,47
QC26060049,"12308 , 12312","สีไม่ตรง STD /Color off Standard , คราบสกปรก/Dirty",Minor,4
QC26060049,"12308 , 12327","สีไม่ตรง STD /Color off Standard , รอยขีด/scratch mark",Minor,6
QC26060049,"12308 , 12318","สีไม่ตรง STD /Color off Standard , รอยเส้น/Trace mark",Minor,2
QC26060049,"12308 , 12309","สีไม่ตรง STD /Color off Standard , จุดสี/color dot",Minor,4
QC26060049,"12308 , 12313","สีไม่ตรง STD /Color off Standard , เป็นเม็ด/Dot",Minor,2
QC26060049,"12308 , 12304","ถลอก/Peel off , สีไม่ตรง STD /Color off Standard",Minor,1
QC26060049,"12308 , 12310","สีไม่ตรง STD /Color off Standard , ฝุ่น/Dust",Minor,1
QC26060050,12308,สีไม่ตรง STD /Color off Standard,Minor,315
QC26060051,12308,สีไม่ตรง STD /Color off Standard,Minor,500
QC26060052,11007,พิมพ์หนา/Printing too thick,Minor,422
QC26060052,"11007 , 12310","พิมพ์หนา/Printing too thick , ฝุ่น/Dust",Minor,62
QC26060052,"11007 , 12309","พิมพ์หนา/Printing too thick , จุดสี/color dot",Minor,4
QC26060052,"11007 , 12367","พิมพ์หนา/Printing too thick , รอยกดทับ/Pressure marks",Minor,5
QC26060052,"11007 , 12341","พิมพ์หนา/Printing too thick , เปื้อนสี / stain color",Minor,3
QC26060052,"12363 , 11007","พิมพ์หนา/Printing too thick , ตัดไม่ขาด/ผิวไม่เรียบ/Non-cutting surface / not smooth",Minor,2
QC26060052,"11007 , 11010","พิมพ์แตก/Printing cracked , พิมพ์หนา/Printing too thick",Minor,1
QC26060052,"11007 , 12310 , 12338","พิมพ์หนา/Printing too thick , ขาด / missing , ฝุ่น/Dust",Major,1
QC26060053,12308,สีไม่ตรง STD /Color off Standard,Minor,594
QC26060053,"12308 , 12130","สีไม่ตรง STD /Color off Standard , ปิดไม่สนิท",Minor,33
QC26060053,"12308 , 12321","พลาสติกยื่น/scrap plastic , สีไม่ตรง STD /Color off Standard",Minor,2
QC26060053,"12308 , 12309","สีไม่ตรง STD /Color off Standard , จุดสี/color dot",Minor,1
QC26060054,12308,สีไม่ตรง STD /Color off Standard,Minor,630
QC26060057,12308,สีไม่ตรง STD /Color off Standard,Minor,176
QC26060057,"12308 , 12301","รอยด่าง/stain spot , สีไม่ตรง STD /Color off Standard",Minor,24
QC26060058,12305,บุบ/Dent,Minor,2
QC26060058,12327,รอยขีด/scratch mark,Minor,2
QC26060058,11009,พิมพ์ถลอก/Printing Peel off,Major,4
QC26060058,12341,เปื้อนสี / stain color,Minor,4
QC26060059,12310,ฝุ่น/Dust,Minor,21
QC26060056,12318,รอยเส้น/Trace mark,Minor,29
QC26060056,12309,จุดสี/color dot,Minor,7
QC26060056,12121,ฉีกขาด/torn off,Minor,10
QC26060056,12304,ถลอก/Peel off,Minor,4
QC26060073,12356,เส้นผม/hair,Critical,2
QC26060074,12322,แหว่ง/chip,Minor,3
QC26060074,12339,ไม่เหมือน STD./ not same STD.,Minor,3
QC26060074,12341,เปื้อนสี / stain color,Minor,2
QC26060074,12312,คราบสกปรก/Dirty,Minor,1
QC26060075,12308,สีไม่ตรง STD /Color off Standard,Minor,200
QC26060076,12308,สีไม่ตรง STD /Color off Standard,Minor,746
QC26060076,"12122 , 12308","ยับ/Wrinkle , สีไม่ตรง STD /Color off Standard",Minor,43
QC26060076,"11010 , 12308","พิมพ์แตก/Printing cracked , สีไม่ตรง STD /Color off Standard",Minor,2
QC26060076,12312,คราบสกปรก/Dirty,Minor,2
QC26060077,12308,สีไม่ตรง STD /Color off Standard,Minor,200
QC26060078,12308,สีไม่ตรง STD /Color off Standard,Minor,200
QC26060079,12308,สีไม่ตรง STD /Color off Standard,Minor,200
QC26060080,12308,สีไม่ตรง STD /Color off Standard,Minor,800
QC26060081,12321,พลาสติกยื่น/scrap plastic,Minor,4
QC26060081,12327,รอยขีด/scratch mark,Minor,2
QC26060082,12339,ไม่เหมือน STD./ not same STD.,Minor,37
QC26060083,12308,สีไม่ตรง STD /Color off Standard,Minor,1600
QC26060085,12308,สีไม่ตรง STD /Color off Standard,Minor,352
QC26060085,"12308 , 12311","สีไม่ตรง STD /Color off Standard , คราบวาสลีน/Vaseline stain",Minor,39
QC26060085,"12308 , 12313","สีไม่ตรง STD /Color off Standard , เป็นเม็ด/Dot",Minor,3
QC26060085,"12308 , 12309","สีไม่ตรง STD /Color off Standard , จุดสี/color dot",Minor,2
QC26060085,"12308 , 12312","สีไม่ตรง STD /Color off Standard , คราบสกปรก/Dirty",Minor,3
QC26060085,"12308 , 12304","ถลอก/Peel off , สีไม่ตรง STD /Color off Standard",Minor,1
QC26060087,12308,สีไม่ตรง STD /Color off Standard,Minor,306
QC26060087,"12308 , 12367","สีไม่ตรง STD /Color off Standard , รอยกดทับ/Pressure marks",Minor,4
QC26060087,"12308 , 12310","สีไม่ตรง STD /Color off Standard , ฝุ่น/Dust",Minor,3
QC26060087,"12308 , 12309","สีไม่ตรง STD /Color off Standard , จุดสี/color dot",Minor,2
QC26060088,12308,สีไม่ตรง STD /Color off Standard,Minor,572
QC26060088,"12308 , 12311","สีไม่ตรง STD /Color off Standard , คราบวาสลีน/Vaseline stain",Minor,42
QC26060088,"12308 , 12306","ร้าว/crack , สีไม่ตรง STD /Color off Standard",Critical,15
QC26060088,"12308 , 12327","สีไม่ตรง STD /Color off Standard , รอยขีด/scratch mark",Minor,1
QC26060089,12308,สีไม่ตรง STD /Color off Standard,Minor,358
QC26060089,"12308 , 12311","สีไม่ตรง STD /Color off Standard , คราบวาสลีน/Vaseline stain",Minor,36
QC26060089,"12308 , 12312","สีไม่ตรง STD /Color off Standard , คราบสกปรก/Dirty",Minor,1
QC26060089,"12308 , 12309","สีไม่ตรง STD /Color off Standard , จุดสี/color dot",Minor,1
QC26060089,"12308 , 12327","สีไม่ตรง STD /Color off Standard , รอยขีด/scratch mark",Minor,1
QC26060089,"12308 , 12346","สีไม่ตรง STD /Color off Standard , คราบกาว/glue stains",Minor,1
QC26060089,"12308 , 12306","ร้าว/crack , สีไม่ตรง STD /Color off Standard",Critical,1
QC26060089,"12308 , 12130","ปิดไม่สนิท , สีไม่ตรง STD /Color off Standard",Major,1
QC26060090,11010,พิมพ์แตก/Printing cracked,Minor,24
QC26060090,12304,ถลอก/Peel off,Minor,17
QC26060090,12301,รอยด่าง/stain spot,Minor,3
QC26060090,12309,จุดสี/color dot,Minor,2
QC26060091,12324,เสียรูปทรง/Deform,Minor,7
QC26060092,12344,เคลือบไม่เต็ม/not fully coating,Minor,8
QC26060092,12327,รอยขีด/scratch mark,Minor,5
QC26060092,12341,เปื้อนสี / stain color,Minor,2
QC26060099,12308,สีไม่ตรง STD /Color off Standard,Minor,274
QC26060099,"11018 , 12308","พิมพ์ไม่สม่ำเสมอ , สีไม่ตรง STD /Color off Standard",Minor,34
QC26060099,"12324 , 12308","สีไม่ตรง STD /Color off Standard , เสียรูปทรง/Deform",Minor,5
QC26060099,"12310 , 12308","สีไม่ตรง STD /Color off Standard , ฝุ่น/Dust",Minor,1
QC26060099,"12356 , 12308","สีไม่ตรง STD /Color off Standard , เส้นผม/hair",Critical,1
QC26060100,12308,สีไม่ตรง STD /Color off Standard,Minor,283
QC26060100,"11018 , 12308","พิมพ์ไม่สม่ำเสมอ , สีไม่ตรง STD /Color off Standard",Minor,27
QC26060100,"12324 , 12308","สีไม่ตรง STD /Color off Standard , เสียรูปทรง/Deform",Minor,5
QC26060101,12308,สีไม่ตรง STD /Color off Standard,Minor,306
QC26060101,"12324 , 12308","สีไม่ตรง STD /Color off Standard , เสียรูปทรง/Deform",Minor,5
QC26060101,"12309 , 12308","สีไม่ตรง STD /Color off Standard , จุดสี/color dot",Minor,2
QC26060101,"11018 , 12308","พิมพ์ไม่สม่ำเสมอ , สีไม่ตรง STD /Color off Standard",Minor,2
QC26060104,12308,สีไม่ตรง STD./Color off Standard,Minor,470
QC26060104,"12309 , 12308","สีไม่ตรง STD./Color off Standard , จุดดำ/Black dot",Minor,28
QC26060104,"12312 , 12308","สีไม่ตรง STD./Color off Standard , คราบสกปรก/Dirty",Minor,1
QC26060104,"11003 , 12308","พิมพ์ซ้อน/Printing overlap , สีไม่ตรง STD/Color off Standard",Minor,1
QC26060105,12309,จุดดำ/Black dot,Minor,6
QC26060106,11003,พิมพ์ซ้อน/Printing overlap,Minor,47
QC26060106,12309,จุดดำ/Black dot,Minor,21
QC26060106,12301,รอยด่าง/stain spot,Minor,1
QC26060106,12341,เปื้อนสี / Color stain,Minor,1
QC26060107,12308,สีไม่ตรง STD./Color off Standard,Minor,200
QC26060108,12308,สีไม่ตรง STD./Color off Standard,Minor,200
QC26060109,12308,สีไม่ตรง STD./Color off Standard,Minor,77
QC26060109,"12309 , 12308","สีไม่ตรง STD./Color off Standard , จุดดำ/Black dot",Minor,2
QC26060109,"12341 , 12308","สีไม่ตรง STD./Color off Standard , เปื้อนสี / Color stain",Minor,1
QC26060110,12312,คราบสกปรก/Dirty,Minor,3
QC26060110,14127,ประกอบไม่สนิท / Assembly incomplete,Minor,3
QC26060110,12120,ห่าง/Gap,Minor,1
QC26060111,11009,พิมพ์ถลอก/Printing peeling,Minor,12
QC26060112,12308,สีไม่ตรง STD./Color off Standard,Minor,200
QC26060115,12308,สีไม่ตรง STD./Color off Standard,Minor,1000
QC26060118,12308,สีไม่ตรง STD./Color off Standard,Minor,21
QC26060118,"12308 , 12309","สีไม่ตรง STD./Color off Standard , จุดดำ/Black dot",Minor,9
QC26060118,"12308 , 12301","รอยด่าง/stain spot , สีไม่ตรง STD./Color off Standard",Minor,2
QC26060121,12308,สีไม่ตรง STD./Color off Standard,Minor,315
QC26060123,"12308 , 12309","สีไม่ตรง STD./Color off Standard , จุดดำ/Black dot",Minor,1
QC26060123,"12308 , 12312","สีไม่ตรง STD./Color off Standard , คราบสกปรก/Dirty",Minor,2
QC26060123,12308,สีไม่ตรง STD./Color off Standard,Minor,312
QC26060128,12308,สีไม่ตรง STD./Color off Standard,Minor,498
QC26060128,"12312 , 12308","สีไม่ตรง STD./Color off Standard , คราบสกปรก/Dirty",Minor,1
QC26060128,"12309 , 12308","สีไม่ตรง STD./Color off Standard , จุดดำ/Black dot",Minor,1
QC26060129,12308,สีไม่ตรง STD./Color off Standard,Minor,500
QC26060130,12308,สีไม่ตรง STD./Color off Standard,Minor,1000
QC26060131,12308,สีไม่ตรง STD./Color off Standard,Minor,497
QC26060131,"12346 , 12308","สีไม่ตรง STD./Color off Standard , คราบกาว/Glue stain",Minor,1
QC26060131,"12313 , 12308","สีไม่ตรง STD./Color off Standard , เป็นเม็ด/Dot",Minor,1
QC26060131,"12372 , 12308","สีไม่ตรง STD./Color off Standard , โดนความร้อน/Heat mark",Minor,1
QC26060132,12308,สีไม่ตรง STD./Color off Standard,Minor,454
QC26060132,"12339 , 12308","สีไม่ตรง STD./Color off Standard , ไม่เหมือน STD./ not same STD.",Minor,43
QC26060132,"12326 , 12308","สีไม่ตรง STD./Color off Standard , บิ่น/chip",Major,1
QC26060132,"12309 , 12308","สีไม่ตรง STD./Color off Standard , จุดดำ/Black dot",Minor,1
QC26060132,"12318 , 12308","สีไม่ตรง STD./Color off Standard , รอยเส้น/Trace mark",Minor,1
QC26060133,12308,สีไม่ตรง STD./Color off Standard,Minor,496
QC26060133,"12305 , 12308","บุบ/Dent , สีไม่ตรง STD/Color off Standard",Minor,4
QC26060134,12308,สีไม่ตรง STD./Color off Standard,Minor,200
QC26060135,12308,สีไม่ตรง STD./Color off Standard,Minor,191
QC26060135,"12111 , 12308","น้ำหนักไม่ตรงSTD/Weight off standard , สีไม่ตรง STD./Color off Standard",Minor,9
QC26060136,12309,จุดดำ/Black dot,Minor,24
QC26060137,12308,สีไม่ตรง STD./Color off Standard,Minor,172
QC26060137,"12309 , 12308","สีไม่ตรง STD./Color off Standard , จุดดำ/Black dot",Minor,27
QC26060137,"12312 , 12308","สีไม่ตรง STD./Color off Standard , คราบสกปรก/Dirty",Minor,1
QC26060138,"12308 , 12356","สีไม่ตรง STD./Color off Standard , เส้นผม/Hair contamination",Critical,1
QC26060138,12308,สีไม่ตรง STD./Color off Standard,Minor,929
QC26060138,"12308 , 12324","สีไม่ตรง STD./Color off Standard , เสียรูปทรง/Deformation",Major,27
QC26060138,"12308 , 12349","สีไม่ตรง STD./Color off Standard , เอียง/Slanted",Minor,43
QC26060139,12312,คราบสกปรก/Dirty,Minor,3
QC26060139,12309,จุดดำ/Black dot,Minor,2
QC26060140,12308,สีไม่ตรง STD./Color off Standard,Minor,188
QC26060140,"12308 , 12340","สีไม่ตรง STD./Color off Standard , เปื้อนตัวยา / Bulk stain",Minor,4
QC26060140,"12308 , 12309","สีไม่ตรง STD./Color off Standard , จุดดำ/Black dot",Minor,4
QC26060145,12308,สีไม่ตรง STD./Color off Standard,Minor,500
QC26060146,12308,สีไม่ตรง STD./Color off Standard,Minor,304
QC26060146,"12308 , 12312","สีไม่ตรง STD./Color off Standard , คราบสกปรก/Dirty",Minor,3
QC26060146,"12308 , 12309","สีไม่ตรง STD./Color off Standard , จุดดำ/Black dot",Minor,3
QC26060146,"12308 , 12340","สีไม่ตรง STD./Color off Standard , เปื้อนตัวยา / Bulk stain",Minor,3
QC26060146,"12308 , 12356","สีไม่ตรง STD./Color off Standard , เส้นผม/Hair contamination",Critical,2
QC26060155,12308,สีไม่ตรง STD./Color off Standard,Minor,1250
QC26060156,14127,ประกอบไม่สนิท / Assembly incomplete,Minor,2
QC26060156,12303,รอยย่น/Wrinkle,Minor,1
QC26060157,"12309 , 12308","สีไม่ตรง STD./Color off Standard , จุดดำ/Black dot",Minor,6
QC26060157,"12308 , 12312","สีไม่ตรง STD./Color off Standard , คราบสกปรก/Dirty",Minor,1
QC26060157,12308,สีไม่ตรง STD./Color off Standard,Minor,308
QC26060158,12308,สีไม่ตรง STD./Color off Standard,Minor,190
QC26060158,"12308 , 12309","สีไม่ตรง STD./Color off Standard , จุดดำ/Black dot",Minor,7
QC26060158,"12308 , 12340","สีไม่ตรง STD./Color off Standard , เปื้อนตัวยา / Bulk stain",Minor,3
QC26060159,12308,สีไม่ตรง STD./Color off Standard,Minor,194
QC26060159,"12308 , 12340","สีไม่ตรง STD./Color off Standard , เปื้อนตัวยา / Bulk stain",Minor,3
QC26060159,"12308 , 12312","สีไม่ตรง STD./Color off Standard , คราบสกปรก/Dirty",Minor,2
QC26060159,"12308 , 12310","สีไม่ตรง STD./Color off Standard , ฝุ่น/Dust",Minor,1
QC26060160,12308,สีไม่ตรง STD./Color off Standard,Minor,452
QC26060160,"12308 , 12339","สีไม่ตรง STD./Color off Standard , ไม่เหมือน STD./ not same STD.",Minor,48
QC26060161,12327,รอยขีด/Scratch mark,Minor,29
QC26060161,12304,ถลอก/ Peeling,Minor,9
QC26060161,12341,เปื้อนสี / Color stain,Minor,1
QC26060162,12308,สีไม่ตรง STD./Color off Standard,Minor,614
QC26060162,"12308 , 12309","สีไม่ตรง STD./Color off Standard , จุดดำ/Black dot",Minor,8
QC26060162,"12308 , 12312","สีไม่ตรง STD./Color off Standard , คราบสกปรก/Dirty",Minor,5
QC26060162,"12308 , 12332","สีไม่ตรง STD./Color off Standard , โดนความร้อน/Heat mark",Minor,2
QC26060163,12308,สีไม่ตรง STD./Color off Standard,Minor,465
QC26060163,"11009 , 12308","พิมพ์ถลอก/Printing peeling , สีไม่ตรง STD/Color off Standard",Major,1
QC26060163,"12340 , 12308","สีไม่ตรง STD./Color off Standard , เปื้อนตัวยา / Bulk stain",Minor,2
QC26060163,"12309 , 12308","สีไม่ตรง STD./Color off Standard , จุดดำ/Black dot",Minor,5
QC26060163,"12312 , 12308","สีไม่ตรง STD./Color off Standard , คราบสกปรก/Dirty",Minor,27
QC26060164,12309,จุดดำ/Black dot,Minor,13
QC26060165,12308,สีไม่ตรง STD./Color off Standard,Minor,437
QC26060165,"12308 , 12324","สีไม่ตรง STD./Color off Standard , เสียรูปทรง/Deformation",Minor,37
QC26060165,"12308 , 12349","สีไม่ตรง STD./Color off Standard , เอียง/Slanted",Minor,26
QC26060166,12309,จุดดำ/Black dot,Minor,13
QC26060167,12309,จุดดำ/Black dot,Minor,36
QC26060167,12312,คราบสกปรก/Dirty,Minor,1
QC26060168,12308,สีไม่ตรง STD./Color off Standard,Minor,50
QC26060169,12309,จุดดำ/Black dot,Minor,32
QC26060169,12121,ฉีกขาด/Torn,Minor,5
QC26060169,12318,รอยเส้น/Trace mark,Minor,2
QC26060170,12309,จุดดำ/Black dot,Minor,54
QC26060170,12312,คราบสกปรก/Dirty,Minor,1
QC26060171,12318,รอยเส้น/Trace mark,Minor,43
QC26060171,12309,จุดดำ/Black dot,Minor,33
QC26060171,12121,ฉีกขาด/Torn,Minor,5
QC26060171,12010,พิมพ์แตก/Printing cracked,Minor,3
QC26060171,12304,ถลอก/ Peeling,Minor,2
QC26060171,12122,ยับ/ Wrinkled,Minor,2
QC26060172,12308,สีไม่ตรง STD./Color off Standard,Minor,500
QC26060173,12308,สีไม่ตรง STD./Color off Standard,Minor,500
QC26060174,12308,สีไม่ตรง STD./Color off Standard,Major,20
QC26060174,12308,สีไม่ตรง STD./Color off Standard,Major,2
QC26060174,12308,สีไม่ตรง STD./Color off Standard,Major,8
QC26060174,12308,สีไม่ตรง STD./Color off Standard,Major,1
QC26060175,12308,สีไม่ตรง STD./Color off Standard,Minor,13
QC26060176,12308,สีไม่ตรง STD./Color off Standard,Minor,5
QC26060177,12308,สีไม่ตรง STD./Color off Standard,Major,500
QC26060178,12308,สีไม่ตรง STD./Color off Standard,Major,500
QC26060179,"12308 , 12309","สีไม่ตรง STD./Color off Standard , จุดดำ/Black dot",Minor,8
QC26060179,"12308 , 12312","สีไม่ตรง STD./Color off Standard , คราบสกปรก/Dirty",Minor,4
QC26060179,"12308 , 12312","สีไม่ตรง STD./Color off Standard , คราบสกปรก/Dirty",Minor,78
QC26060179,12308,สีไม่ตรง STD./Color off Standard,Minor,522
QC26060179,"12308 , 11009","สีไม่ตรง STD./Color off Standard , พิมพ์ถลอก/Printing peeling",Minor,4
QC26060179,"12308 , 12326","สีไม่ตรง STD./Color off Standard , บิ่น/chip",Minor,1
QC26060179,"12308 , 12344","สีไม่ตรง STD./Color off Standard , เคลือบไม่เต็ม/Coating incomplete",Minor,1
QC26060179,"12308 , 12315","สีไม่ตรง STD./Color off Standard , ฟองอากาศ/Bubble",Minor,1
QC26060179,"12308 , 12307","แตก/broken , สีไม่ตรง STD/Color off Standard",Critical,1
QC26060179,"12308 , 13118","สีไม่ตรง STD./Color off Standard , หลวม/loose",Major,2
QC26060179,"12308 , 12304","สีไม่ตรง STD./Color off Standard , ถลอก/ Peeling",Minor,4
QC26060179,"12308 , 12321","สีไม่ตรง STD./Color off Standard , มีเศษพลาสติกยื่น/ Plastic burr",Minor,4
QC26060180,12308,สีไม่ตรง STD./Color off Standard,Minor,77
QC26060180,"12308 , 12309","สีไม่ตรง STD./Color off Standard , จุดดำ/Black dot",Minor,3
QC26060181,"12313 , 12327","รอยขีด/Scratch mark , เป็นเม็ด/Dot",Minor,29
QC26060181,"12327 , 12309","จุดดำ/Black dot , รอยขีด/Scratch mark",Minor,64
QC26060181,"12326 , 12327","บิ่น/chip , รอยขีด/Scratch mark",Minor,1
QC26060181,"12310 , 12327","รอยขีด/Scratch mark , ฝุ่น/Dust",Minor,1
QC26060181,"12327 , 12312","รอยขีด/Scratch mark , คราบสกปรก/Dirty",Minor,2
QC26060181,"12305 , 12327","รอยขีด/Scratch mark , บุบ/Dent",Minor,1
QC26060181,12327,รอยขีด/Scratch mark,Minor,401
QC26060181,"12327 , 12304","รอยขีด/Scratch mark , ถลอก/ Peeling",Minor,1
QC26060181,"12346 , 12327","รอยขีด/Scratch mark , คราบกาว/Glue stain",Minor,1
QC26060182,12312,คราบสกปรก/Dirty,Minor,8
QC26060182,12309,จุดดำ/Black dot,Minor,5
QC26060182,12327,รอยขีด/Scratch mark,Minor,1
QC26051278,12308,สีไม่ตรง STD./Color off Standard,Minor,71
QC26051278,"12309 , 12308","สีไม่ตรง STD./Color off Standard , จุดดำ/Black dot",Minor,8
QC26051278,"12341 , 12308","สีไม่ตรง STD./Color off Standard , เปื้อนสี / Color stain",Minor,1
QC26060183,12308,สีไม่ตรง STD./Color off Standard,Minor,85
QC26060183,"14127 , 12308","สีไม่ตรง STD./Color off Standard , ประกอบไม่สนิท / Assembly incomplete",Minor,39
QC26060183,"12120 , 12308","ห่าง/Gap , สีไม่ตรง STD./Color off Standard",Minor,1
QC26060184,12313,เป็นเม็ด/Dot,Minor,8
QC26060184,12326,บิ่น/chip,Major,2
QC26060184,12305,บุบ/Dent,Minor,2
QC26060184,12304,ถลอก/ Peeling,Minor,1
QC26060185,12308,สีไม่ตรง STD./Color off Standard,Minor,71
QC26060185,"12304 , 12308","ถลอก/ Peeling , สีไม่ตรง STD/Color off Standard",Minor,8
QC26060185,"12341 , 12308","สีไม่ตรง STD./Color off Standard , เปื้อนสี / Color stain",Minor,1
QC26060186,12309,จุดดำ/Black dot,Minor,67
QC26060186,12312,คราบสกปรก/Dirty,Minor,2
QC26060186,12310,ฝุ่น/Dust,Minor,1
QC26060187,12312,คราบสกปรก/Dirty,Minor,1
QC26060187,12309,จุดดำ/Black dot,Minor,76
QC26060187,12310,ฝุ่น/Dust,Major,3
QC26060188,12308,สีไม่ตรง STD./Color off Standard,Minor,486
QC26060188,"12308 , 12313","สีไม่ตรง STD./Color off Standard , เป็นเม็ด/Dot",Minor,58
QC26060188,"12308 , 12314","สีไม่ตรง STD./Color off Standard , ผิวไม่เรียบ/Uneven surface",Minor,32
QC26060188,"12308 , 12309","สีไม่ตรง STD./Color off Standard , จุดดำ/Black dot",Minor,48
QC26060188,"12308 , 12332","สีไม่ตรง STD./Color off Standard , ประกายเงิน/ Silver streak",Minor,3
QC26060188,"12308 , 12312","สีไม่ตรง STD./Color off Standard , คราบสกปรก/Dirty",Minor,1
QC26060188,"12308 , 12307","แตก/broken , สีไม่ตรง STD/Color off Standard",Critical,1
QC26060188,"12308 , 12321","สีไม่ตรง STD./Color off Standard , มีเศษพลาสติกยื่น/ Plastic burr",Minor,1
QC26060189,12308,สีไม่ตรง STD./Color off Standard,Minor,581
QC26060189,"12308 , 12327","สีไม่ตรง STD./Color off Standard , รอยขีด/Scratch mark",Minor,5
QC26060189,"12313 , 12308","สีไม่ตรง STD./Color off Standard , เป็นเม็ด/Dot",Minor,4
QC26060189,"12308 , 12341","สีไม่ตรง STD./Color off Standard , เปื้อนสี / Color stain",Minor,37
QC26060189,"12322 , 12308","สีไม่ตรง STD./Color off Standard , แหว่ง/chip",Minor,3
QC26060190,12308,สีไม่ตรง STD./Color off Standard,Minor,200
QC26060192,12308,สีไม่ตรง STD./Color off Standard,Minor,423
QC26060192,"12312 , 12308","สีไม่ตรง STD./Color off Standard , คราบสกปรก/Dirty",Minor,37
QC26060192,"12303 , 12308","รอยย่น/Wrinkle , สีไม่ตรง STD./Color off Standard",Minor,24
QC26060192,"12309 , 12308","สีไม่ตรง STD./Color off Standard , จุดดำ/Black dot",Minor,7
QC26060192,"12346 , 12308","สีไม่ตรง STD./Color off Standard , คราบกาว/Glue stain",Minor,2
QC26060192,"12327 , 12308","สีไม่ตรง STD./Color off Standard , รอยขีด/Scratch mark",Minor,2
QC26060192,"13118 , 12308","สีไม่ตรง STD./Color off Standard , หลวม/loose",Major,2
QC26060192,"12318 , 12308","สีไม่ตรง STD./Color off Standard , รอยเส้น/Trace mark",Major,1
QC26060192,"12304 , 12308","ถลอก/ Peeling , สีไม่ตรง STD/Color off Standard",Minor,1
QC26060192,"12321 , 12308","สีไม่ตรง STD./Color off Standard , มีเศษพลาสติกยื่น/ Plastic burr",Minor,1
QC26060193,12360,ซีลไม่ติด/Unsealed,Minor,946
QC26060193,"12349 , 12360","เอียง/Slanted , ซีลไม่ติด/Unsealed",Minor,53
QC26060193,"12327 , 12360","รอยขีด/Scratch mark , ซีลไม่ติด/Unsealed",Minor,1
QC26060194,12349,เอียง/Slanted,Minor,33
QC26060194,12312,คราบสกปรก/Dirty,Minor,1
QC26051280,12308,สีไม่ตรง STD./Color off Standard,Major,80
QC26060195,12308,สีไม่ตรง STD./Color off Standard,Minor,583
QC26060195,"12321 , 12308","สีไม่ตรง STD./Color off Standard , มีเศษพลาสติกยื่น/ Plastic burr",Minor,37
QC26060195,"12312 , 12308","สีไม่ตรง STD./Color off Standard , คราบสกปรก/Dirty",Minor,8
QC26060195,"12309 , 12308","สีไม่ตรง STD./Color off Standard , จุดดำ/Black dot",Minor,2
QC26070001,12308,สีไม่ตรง STD./Color off Standard,Minor,253
QC26070001,"12308 , 12321","สีไม่ตรง STD./Color off Standard , มีเศษพลาสติกยื่น/ Plastic burr",Minor,2
QC26070001,"12308 , 12310","สีไม่ตรง STD./Color off Standard , ฝุ่น/Dust",Major,22
QC26070001,"12308 , 12327","สีไม่ตรง STD./Color off Standard , รอยขีด/Scratch mark",Minor,2
QC26070001,"12308 , 12332","สีไม่ตรง STD./Color off Standard , ประกายเงิน/ Silver streak",Minor,2
QC26070001,"12308 , 12315","สีไม่ตรง STD./Color off Standard , ฟองอากาศ/Bubble",Minor,34
QC26041183,12308,สีไม่ตรง STD./Color off Standard,Minor,305
QC26041183,"12308 , 12324","สีไม่ตรง STD./Color off Standard , เสียรูปทรง/Deformation",Minor,5
QC26041183,"12308 , 12346","สีไม่ตรง STD./Color off Standard , คราบกาว/Glue stain",Minor,2
QC26041183,"12308 , 12309","สีไม่ตรง STD./Color off Standard , จุดดำ/Black dot",Minor,2
QC26041183,"12308 , 12312","สีไม่ตรง STD./Color off Standard , คราบสกปรก/Dirty",Minor,1
QC26060196,12308,สีไม่ตรง STD./Color off Standard,Minor,484
QC26060196,"11020 , 12308","สีไม่ตรง STD./Color off Standard , พิมพ์เหลื่อม",Minor,9
QC26060196,"12122 , 12308","ยับ/ Wrinkled , สีไม่ตรง STD./Color off Standard",Minor,6
QC26060196,"12301 , 12308","รอยด่าง/stain spot , สีไม่ตรง STD./Color off Standard",Minor,1
QC26060197,12346,คราบกาว/Glue stain,Minor,1
QC26060197,12121,ฉีกขาด/Torn,Minor,1
QC26060197,12312,คราบสกปรก/Dirty,Minor,1
QC26060197,12309,จุดดำ/Black dot,Minor,4
QC26060198,12308,สีไม่ตรง STD./Color off Standard,Minor,111
QC26060198,"12309 , 12308","สีไม่ตรง STD./Color off Standard , จุดดำ/Black dot",Minor,8
QC26060198,"12308 , 12312","สีไม่ตรง STD./Color off Standard , คราบสกปรก/Dirty",Major,5
QC26060198,"12308 , 12318","สีไม่ตรง STD./Color off Standard , รอยเส้น/Trace mark",Minor,1
QC26060199,"12308 , 12356","สีไม่ตรง STD./Color off Standard , เส้นผม/Hair contamination",Critical,3
QC26060199,"12308 , 11008","สีไม่ตรง STD./Color off Standard , พิมพ์บาง/Printing too thin",Minor,278
QC26060199,"12120 , 11008 , 12308","สีไม่ตรง STD./Color off Standard , พิมพ์บาง/Printing too thin , ห่าง/Gap",Minor,41
QC26060199,"12309 , 12308 , 11008","สีไม่ตรง STD./Color off Standard , จุดดำ/Black dot , พิมพ์บาง/Printing too thin",Minor,69
QC26060199,"12308 , 11008 , 12304","สีไม่ตรง STD./Color off Standard , พิมพ์บาง/Printing too thin , ถลอก/ Peeling",Minor,9
QC26060200,"12308 , 12349","สีไม่ตรง STD./Color off Standard , เอียง/Slanted",Minor,1
QC26060200,"12308 , 12127","สีไม่ตรง STD./Color off Standard , ประกอบไม่สนิท / Assembly incomplete",Minor,26
QC26060200,12308,สีไม่ตรง STD./Color off Standard,Minor,473
QC26060201,"12308 , 11008","สีไม่ตรง STD./Color off Standard , พิมพ์บาง/Printing too thin",Minor,305
QC26060201,"12308 , 12309 , 11008","สีไม่ตรง STD./Color off Standard , จุดดำ/Black dot , พิมพ์บาง/Printing too thin",Major,56
QC26060201,"12308 , 11008 , 12120","สีไม่ตรง STD./Color off Standard , พิมพ์บาง/Printing too thin , ห่าง/Gap",Minor,34
QC26060201,"12308 , 11008 , 12312","สีไม่ตรง STD./Color off Standard , พิมพ์บาง/Printing too thin , คราบสกปรก/Dirty",Minor,5
QC26060202,"12370 , 12308 , 11008","สีไม่ตรง STD./Color off Standard , พิมพ์บาง/Printing too thin , ไม่สมมาตร / Incomplete",Minor,2
QC26060202,"11326 , 12308 , 11008","สีไม่ตรง STD./Color off Standard , บิ่น/chip , พิมพ์บาง/Printing too thin",Major,1
QC26060202,"12309 , 12308 , 11008","สีไม่ตรง STD./Color off Standard , จุดดำ/Black dot , พิมพ์บาง/Printing too thin",Minor,32
QC26060202,"12312 , 12308 , 11008","สีไม่ตรง STD./Color off Standard , พิมพ์บาง/Printing too thin , คราบสกปรก/Dirty",Minor,4
QC26060202,"12308 , 11008","สีไม่ตรง STD./Color off Standard , พิมพ์บาง/Printing too thin",Minor,359
QC26060202,12356,เส้นผม/Hair contamination,Critical,2
QC26060203,12308,สีไม่ตรง STD./Color off Standard,Minor,89
QC26060203,"12309 , 12308","สีไม่ตรง STD./Color off Standard , จุดดำ/Black dot",Minor,72
QC26060203,"12120 , 12308","สีไม่ตรง STD./Color off Standard , ห่าง/Gap",Minor,39
QC26060204,12308,สีไม่ตรง STD./Color off Standard,Minor,106
QC26060204,"12340 , 12308","สีไม่ตรง STD./Color off Standard , เปื้อนตัวยา / Bulk stain",Minor,1
QC26060204,"12309 , 12308","สีไม่ตรง STD./Color off Standard , จุดดำ/Black dot",Minor,64
QC26060204,"12120 , 12308","สีไม่ตรง STD./Color off Standard , ห่าง/Gap",Minor,28
QC26060204,"11009 , 12308","สีไม่ตรง STD./Color off Standard , พิมพ์ถลอก/Printing peeling",Minor,1
QC26060205,12308,สีไม่ตรง STD./Color off Standard,Minor,628
QC26060205,"12327 , 12308","สีไม่ตรง STD./Color off Standard , รอยขีด/Scratch mark",Minor,1
QC26060205,"12308 , 12312","สีไม่ตรง STD./Color off Standard , คราบสกปรก/Dirty",Minor,1
QC26060206,12308,สีไม่ตรง STD./Color off Standard,Minor,311
QC26060206,"12327 , 12308","สีไม่ตรง STD./Color off Standard , รอยขีด/Scratch mark",Minor,3
QC26060206,"12309 , 12308","สีไม่ตรง STD./Color off Standard , จุดดำ/Black dot",Minor,1
QC26060207,12308,สีไม่ตรง STD./Color off Standard,Minor,266
QC26060207,"12308 , 12309","สีไม่ตรง STD./Color off Standard , จุดดำ/Black dot",Minor,41
QC26060207,"12308 , 12327","สีไม่ตรง STD./Color off Standard , รอยขีด/Scratch mark",Minor,2
QC26060207,"12312 , 12308","สีไม่ตรง STD./Color off Standard , คราบสกปรก/Dirty",Minor,1
QC26060208,12310,ฝุ่น/Dust,Minor,751
QC26060208,12352,บาง/Too thin,Minor,47
QC26060208,12322,แหว่ง/chip,Minor,2
QC26060209,12346,คราบกาว/Glue stain,Minor,43
QC26060209,12358,เป็นรู/Hole present,Critical,1
QC26060210,12308,สีไม่ตรง STD./Color off Standard,Minor,327
QC26060210,"12309 , 12308","สีไม่ตรง STD./Color off Standard , จุดดำ/Black dot",Minor,57
QC26060210,"12327 , 12308","สีไม่ตรง STD./Color off Standard , รอยขีด/Scratch mark",Minor,8
QC26060210,"13114 , 12308","สีไม่ตรง STD./Color off Standard , ปิดเบา / Soft closing",Minor,6
QC26060210,"12310 , 12308","สีไม่ตรง STD./Color off Standard , ฝุ่น/Dust",Minor,2
QC26060211,12308,สีไม่ตรง STD./Color off Standard,Critical,271
QC26060211,"12309 , 12308","สีไม่ตรง STD./Color off Standard , จุดดำ/Black dot",Minor,38
QC26060211,"12308 , 12327","สีไม่ตรง STD./Color off Standard , รอยขีด/Scratch mark",Minor,3
QC26060211,"12308 , 12341","สีไม่ตรง STD./Color off Standard , เปื้อนสี / Color stain",Minor,3
QC26060212,12308,สีไม่ตรง STD./Color off Standard,Minor,200
QC26060213,12308,สีไม่ตรง STD./Color off Standard,Minor,408
QC26060213,"12304 , 12308","สีไม่ตรง STD./Color off Standard , ถลอก/ Peeling",Minor,1
QC26060213,"12326 , 12308","สีไม่ตรง STD./Color off Standard , บิ่น/chip",Major,1
QC26060213,"12321 , 12308","สีไม่ตรง STD./Color off Standard , มีเศษพลาสติกยื่น/ Plastic burr",Minor,5
QC26060213,"12312 , 12308","สีไม่ตรง STD./Color off Standard , คราบสกปรก/Dirty",Minor,37
QC26060213,"12303 , 12308","สีไม่ตรง STD./Color off Standard , รอยย่น/Wrinkle",Minor,48
QC26060213,12312,คราบสกปรก/Dirty,Critical,1
QC26060214,12308,สีไม่ตรง STD./Color off Standard,Minor,313
QC26060214,"12363 , 12308","สีไม่ตรง STD./Color off Standard , ตัดไม่ขาด/ผิวไม่เรียบ/ Incomplete cutting / Rough surface",Minor,1
QC26060214,"12121 , 12308","สีไม่ตรง STD./Color off Standard , ฉีกขาด/Torn",Minor,1
QC26060215,"12358 , 12308 , 11008","สีไม่ตรง STD./Color off Standard , พิมพ์บาง/Printing too thin , เป็นรู/Hole present",Minor,2
QC26060215,"12308 , 11008 , 12312","สีไม่ตรง STD./Color off Standard , พิมพ์บาง/Printing too thin , คราบสกปรก/Dirty",Minor,4
QC26060215,"12308 , 11008","สีไม่ตรง STD./Color off Standard , พิมพ์บาง/Printing too thin",Minor,304
QC26060215,"12367 , 12308 , 11008","สีไม่ตรง STD./Color off Standard , รอยกดทับ/Pressure marks , พิมพ์บาง/Printing too thin",Minor,2
QC26060215,"12346 , 12308 , 11008","สีไม่ตรง STD./Color off Standard , พิมพ์บาง/Printing too thin , คราบกาว/Glue stain",Major,1
QC26060215,"12309 , 12308 , 11008","สีไม่ตรง STD./Color off Standard , จุดดำ/Black dot , พิมพ์บาง/Printing too thin",Minor,1
QC26060215,"12322 , 12308 , 11008","สีไม่ตรง STD./Color off Standard , แหว่ง/chip , พิมพ์บาง/Printing too thin",Minor,1
QC26060216,12308,สีไม่ตรง STD./Color off Standard,Minor,268
QC26060216,"12306 , 12308","สีไม่ตรง STD./Color off Standard , ร้าว/crack",Critical,2
QC26060216,"12308 , 12312","สีไม่ตรง STD./Color off Standard , คราบสกปรก/Dirty",Minor,8
QC26060216,"12314 , 12308","สีไม่ตรง STD./Color off Standard , ผิวไม่เรียบ/Uneven surface",Minor,6
QC26060216,"12315 , 12308","สีไม่ตรง STD./Color off Standard , ฟองอากาศ/Bubble",Minor,2
QC26060216,"12310 , 12308","สีไม่ตรง STD./Color off Standard , ฝุ่น/Dust",Major,28
QC26060216,"12107 , 12308","สีไม่ตรง STD./Color off Standard , ประกอบไม่สุด/Assembly not complete",Major,1
QC26060217,12308,สีไม่ตรง STD./Color off Standard,Minor,270
QC26060217,"12312 , 12308","สีไม่ตรง STD./Color off Standard , คราบสกปรก/Dirty",Minor,45
QC26060218,"12339 , 12308 , 12301","รอยด่าง/stain spot , สีไม่ตรง STD./Color off Standard , ไม่เหมือน STD./ not same STD.",Minor,2
QC26060218,"12308 , 12301","รอยด่าง/stain spot , สีไม่ตรง STD./Color off Standard",Minor,250
QC26060218,"12341 , 12308 , 12301","รอยด่าง/stain spot , สีไม่ตรง STD./Color off Standard , เปื้อนสี / Color stain",Minor,6
QC26060218,"12304 , 12301 , 12308","รอยด่าง/stain spot , ถลอก/ Peeling , สีไม่ตรง STD./Color off Standard",Minor,1
QC26060218,"11010 , 12308 , 12301","พิมพ์แตก/Printing cracked , รอยด่าง/stain spot , สีไม่ตรง STD./Color off Standard",Minor,6
QC26060218,"12309 , 12308 , 12301","รอยด่าง/stain spot , สีไม่ตรง STD./Color off Standard , จุดดำ/Black dot",Minor,6
QC26060218,"12312 , 12308 , 12301","รอยด่าง/stain spot , สีไม่ตรง STD./Color off Standard , คราบสกปรก/Dirty",Minor,1
QC26060218,"12321 , 12308 , 12301","รอยด่าง/stain spot , สีไม่ตรง STD./Color off Standard , มีเศษพลาสติกยื่น/ Plastic burr",Minor,1
QC26060218,"12326 , 12308 , 12301","รอยด่าง/stain spot , สีไม่ตรง STD./Color off Standard , บิ่น/chip",Major,1
QC26060218,"12311 , 12308 , 12301","รอยด่าง/stain spot , สีไม่ตรง STD./Color off Standard , คราบวาสลีน/Vaseline stain",Major,32
QC26060218,"12332 , 12308 , 12301","รอยด่าง/stain spot , สีไม่ตรง STD./Color off Standard , ประกายเงิน/ Silver streak",Minor,9
QC26060219,12308,สีไม่ตรง STD./Color off Standard,Minor,272
QC26060219,"12308 , 12301","สีไม่ตรง STD./Color off Standard , รอยด่าง/stain spot",Minor,2
QC26060219,"12327 , 12308","สีไม่ตรง STD./Color off Standard , รอยขีด/Scratch mark",Minor,3
QC26060219,"12312 , 12308","สีไม่ตรง STD./Color off Standard , คราบสกปรก/Dirty",Minor,1
QC26060219,"12309 , 12308","สีไม่ตรง STD./Color off Standard , จุดดำ/Black dot",Minor,37
QC26060220,"12308 , 11008 , 12309","สีไม่ตรง STD./Color off Standard , จุดดำ/Black dot , พิมพ์บาง/Printing too thin",Major,1
QC26060220,"12308 , 11008 , 12363","สีไม่ตรง STD./Color off Standard , พิมพ์บาง/Printing too thin , ตัดไม่ขาด/ผิวไม่เรียบ/ Incomplete cutting / Rough surface",Minor,2
QC26060220,"11008 , 12308","สีไม่ตรง STD./Color off Standard , พิมพ์บาง/Printing too thin",Minor,122
QC26060221,12308,สีไม่ตรง STD./Color off Standard,Minor,35
QC26060221,"12308 , 12301","รอยด่าง/stain spot , สีไม่ตรง STD./Color off Standard",Minor,8
QC26060221,"12312 , 12308","สีไม่ตรง STD./Color off Standard , คราบสกปรก/Dirty",Minor,4
QC26060222,"12308 , 12304","สีไม่ตรง STD./Color off Standard , ถลอก/ Peeling",Minor,11
QC26060222,"12301 , 12308","สีไม่ตรง STD./Color off Standard , รอยด่าง/stain spot",Minor,14
QC26060222,"12318 , 12308","สีไม่ตรง STD./Color off Standard , รอยเส้น/Trace mark",Minor,2
QC26060222,12308,สีไม่ตรง STD./Color off Standard,Minor,58
QC26060223,12020,รอยพับเหลื่อม,Minor,7
QC26060223,12121,ฉีกขาด/Torn,Minor,5
QC26060223,12312,คราบสกปรก/Dirty,Minor,1
QC26060223,12309,จุดดำ/Black dot,Minor,8
QC26060224,12121,ฉีกขาด/Torn,Major,5
QC26060224,12304,ถลอก/ Peeling,Minor,22
QC26060224,12309,จุดดำ/Black dot,Minor,37
QC26060224,12122,ยับ/ Wrinkled,Minor,1
QC26060224,12020,รอยพับเหลื่อม,Major,7
QC26060224,12346,คราบกาว/Glue stain,Minor,1
QC26060225,"12308 , 11020","สีไม่ตรง STD./Color off Standard , พิมพ์เหลื่อม",Minor,577
QC26060225,"12309 , 12308 , 11020","สีไม่ตรง STD./Color off Standard , จุดดำ/Black dot , พิมพ์เหลื่อม",Major,43
QC26060225,"12301 , 11020 , 12308","สีไม่ตรง STD./Color off Standard , พิมพ์เหลื่อม , รอยด่าง/stain spot",Minor,1
QC26060225,"12318 , 12308 , 11020","สีไม่ตรง STD./Color off Standard , พิมพ์เหลื่อม , รอยเส้น/Trace mark",Minor,6
QC26060225,"12308 , 11020 , 12312","สีไม่ตรง STD./Color off Standard , พิมพ์เหลื่อม , คราบสกปรก/Dirty",Minor,1
QC26060225,"11018 , 12308 , 11020","พิมพ์ไม่สม่ำเสมอ/Uneven printing , สีไม่ตรง STD./Color off Standard , พิมพ์เหลื่อม",Minor,1
QC26060225,"12356 , 12308 , 11020","สีไม่ตรง STD./Color off Standard , เส้นผม/Hair contamination , พิมพ์เหลื่อม",Critical,1
QC26060226,"12308 , 11020","สีไม่ตรง STD./Color off Standard , พิมพ์เหลื่อม",Minor,78
QC26060226,"12318 , 12308 , 11020","สีไม่ตรง STD./Color off Standard , พิมพ์เหลื่อม , รอยเส้น/Trace mark",Minor,29
QC26060226,"12309 , 12308 , 11020","สีไม่ตรง STD./Color off Standard , จุดดำ/Black dot , พิมพ์เหลื่อม",Major,8
QC26060226,"12312 , 12308 , 11020","สีไม่ตรง STD./Color off Standard , พิมพ์เหลื่อม , คราบสกปรก/Dirty",Minor,2
QC26060226,"12308 , 11020 , 12309","สีไม่ตรง STD./Color off Standard , จุดดำ/Black dot , พิมพ์เหลื่อม",Minor,4
QC26060226,"11009 , 12308 , 11020","สีไม่ตรง STD./Color off Standard , พิมพ์ถลอก/Printing peeling , พิมพ์เหลื่อม",Minor,3
QC26060226,"12374 , 12308 , 11020","สีไม่ตรง STD./Color off Standard , พิมพ์เหลื่อม , สีไม่ตรง STD (BULK)./Bulk color off standard",Critical,1
QC26060227,12308,สีไม่ตรง STD./Color off Standard,Minor,313
QC26060227,"12310 , 12308","สีไม่ตรง STD./Color off Standard , ฝุ่น/Dust",Minor,2
QC26060228,12308,สีไม่ตรง STD./Color off Standard,Minor,300
QC26060228,"12306 , 12308","ร้าว/crack , สีไม่ตรง STD./Color off Standard",Critical,1
QC26060228,"12327 , 12308","สีไม่ตรง STD./Color off Standard , รอยขีด/Scratch mark",Minor,1
QC26060228,"12312 , 12308","สีไม่ตรง STD./Color off Standard , คราบสกปรก/Dirty",Minor,1
QC26060228,"12304 , 12308","ถลอก/ Peeling , สีไม่ตรง STD./Color off Standard",Minor,6
QC26060228,"12309 , 12308","สีไม่ตรง STD./Color off Standard , จุดดำ/Black dot",Minor,6
QC26060229,12308,สีไม่ตรง STD./Color off Standard,Minor,109
QC26060229,"12313 , 12308","สีไม่ตรง STD./Color off Standard , เป็นเม็ด/Dot",Minor,6
QC26060229,"12304 , 12308","ถลอก/ Peeling , สีไม่ตรง STD./Color off Standard",Minor,4
QC26060229,"12322 , 12308","สีไม่ตรง STD./Color off Standard , แหว่ง/chip",Minor,2
QC26060229,"12311 , 12308","สีไม่ตรง STD./Color off Standard , คราบวาสลีน/Vaseline stain",Major,1
QC26060229,"12310 , 12308","สีไม่ตรง STD./Color off Standard , ฝุ่น/Dust",Minor,1
QC26060229,"12327 , 12308","สีไม่ตรง STD./Color off Standard , รอยขีด/Scratch mark",Minor,1
QC26060229,"12107 , 12308","ประกอบไม่สุด/Assembly not complete , สีไม่ตรง STD./Color off Standard",Minor,1
QC26060230,12308,สีไม่ตรง STD./Color off Standard,Minor,313
QC26060230,"12318 , 12308","สีไม่ตรง STD./Color off Standard , รอยเส้น/Trace mark",Minor,1
QC26060230,"12310 , 12308","สีไม่ตรง STD./Color off Standard , ฝุ่น/Dust",Minor,1
QC26060231,12308,สีไม่ตรง STD./Color off Standard,Minor,190
QC26060231,"12340 , 12308","สีไม่ตรง STD./Color off Standard , เปื้อนตัวยา / Bulk stain",Minor,1
QC26060231,"12312 , 12308","สีไม่ตรง STD./Color off Standard , คราบสกปรก/Dirty",Minor,1
QC26060231,"12315 , 12308","สีไม่ตรง STD./Color off Standard , ฟองอากาศ/Bubble",Minor,1
QC26060231,"12310 , 12308","สีไม่ตรง STD./Color off Standard , ฝุ่น/Dust",Minor,7
QC26060232,12308,สีไม่ตรง STD./Color off Standard,Minor,304
QC26060232,"12310 , 12308","สีไม่ตรง STD./Color off Standard , ฝุ่น/Dust",Minor,7
QC26060232,"12315 , 12308","สีไม่ตรง STD./Color off Standard , ฟองอากาศ/Bubble",Minor,3
QC26060232,"12312 , 12308","สีไม่ตรง STD./Color off Standard , คราบสกปรก/Dirty",Minor,1
QC26060233,12308,สีไม่ตรง STD./Color off Standard,Minor,311
QC26060233,"12349 , 12308","สีไม่ตรง STD./Color off Standard , เอียง/Slanted",Minor,2
QC26060233,"12310 , 12308","สีไม่ตรง STD./Color off Standard , ฝุ่น/Dust",Minor,2
QC26060234,12308,สีไม่ตรง STD./Color off Standard,Minor,312
QC26060234,"12310 , 12308","สีไม่ตรง STD./Color off Standard , ฝุ่น/Dust",Minor,2
QC26060234,"12349 , 12308","สีไม่ตรง STD./Color off Standard , เอียง/Slanted",Minor,1
QC26060235,12308,สีไม่ตรง STD./Color off Standard,Minor,165
QC26060235,12310,ฝุ่น/Dust,Minor,2
QC26060235,12303,รอยย่น/Wrinkle,Minor,33
QC26060236,12303,รอยย่น/Wrinkle,Minor,37
QC26060236,12121,ฉีกขาด/Torn,Minor,1
QC26060236,12304,ถลอก/ Peeling,Minor,1
QC26060236,12356,เส้นผม/Hair contamination,Critical,1
QC26060237,12303,รอยย่น/Wrinkle,Minor,42
QC26060238,12344,เคลือบไม่เต็ม/Coating incomplete,Minor,43
QC26060238,12327,รอยขีด/Scratch mark,Minor,1
QC26070002,12309,จุดดำ/Black dot,Major,68
QC26070002,11010,พิมพ์แตก/Printing cracked,Major,1
QC26070002,12312,คราบสกปรก/Dirty,Minor,31
QC26070002,12341,เปื้อนสี / Color stain,Minor,2
QC26060239,12309,จุดดำ/Black dot,Major,4
QC26060239,12322,แหว่ง/chip,Major,1
QC26060240,12352,บาง/Too thin,Minor,35
QC26060240,12310,ฝุ่น/Dust,Minor,453
QC26060240,12304,ถลอก/ Peeling,Minor,5
QC26060240,12323,งอ/Bend,Minor,2
QC26060240,12309,จุดดำ/Black dot,Minor,2
QC26060245,12303,รอยย่น/Wrinkle,Minor,25
QC26060245,12121,ฉีกขาด/Torn,Minor,1
QC26060246,12308,สีไม่ตรง STD./Color off Standard,Minor,162
QC26060246,12303,รอยย่น/Wrinkle,Minor,34
QC26060246,11009,พิมพ์ถลอก/Printing peeling,Minor,1
QC26060246,12310,ฝุ่น/Dust,Minor,2
QC26060246,12303,รอยย่น/Wrinkle,Minor,1
QC26060247,12303,รอยย่น/Wrinkle,Minor,29
QC26060247,12121,ฉีกขาด/Torn,Minor,1
QC26060247,12316,จุดขาว/White spot,Minor,1
QC26060247,12310,ฝุ่น/Dust,Minor,1
QC26060247,12309,จุดดำ/Black dot,Minor,1
QC26060248,12308,สีไม่ตรง STD./Color off Standard,Minor,143
QC26060248,"12304 , 12308","ถลอก/ Peeling , สีไม่ตรง STD./Color off Standard",Minor,37
QC26060248,"12327 , 12308","สีไม่ตรง STD./Color off Standard , รอยขีด/Scratch mark",Minor,3
QC26060248,"12310 , 12308","สีไม่ตรง STD./Color off Standard , ฝุ่น/Dust",Minor,7
QC26060248,"12363 , 12308","สีไม่ตรง STD./Color off Standard , ตัดไม่ขาด/ผิวไม่เรียบ/ Incomplete cutting / Rough surface",Minor,3
QC26060248,"12309 , 12308","สีไม่ตรง STD./Color off Standard , จุดดำ/Black dot",Minor,1
QC26060248,"12312 , 12308","สีไม่ตรง STD./Color off Standard , คราบสกปรก/Dirty",Minor,1
QC26060248,"12315 , 12308","สีไม่ตรง STD./Color off Standard , ฟองอากาศ/Bubble",Minor,1
QC26060248,"12363 , 12308","สีไม่ตรง STD./Color off Standard , ตัดไม่ขาด/ผิวไม่เรียบ/ Incomplete cutting / Rough surface",Minor,1
QC26060248,"12303 , 12308","รอยย่น/Wrinkle , สีไม่ตรง STD./Color off Standard",Minor,1
QC26060248,"12346 , 12308","สีไม่ตรง STD./Color off Standard , คราบกาว/Glue stain",Minor,1
QC26060248,"12313 , 12308","สีไม่ตรง STD./Color off Standard , เป็นเม็ด/Dot",Minor,1
QC26060249,12318,รอยเส้น/Trace mark,Minor,7
QC26060249,12321,มีเศษพลาสติกยื่น/ Plastic burr,Minor,6
QC26060249,12358,เป็นรู/Hole present,Minor,2
QC26060249,11009,พิมพ์ถลอก/Printing peeling,Minor,9
QC26060249,12327,รอยขีด/Scratch mark,Minor,1
QC26060250,12312,คราบสกปรก/Dirty,Minor,43
QC26060250,12321,มีเศษพลาสติกยื่น/ Plastic burr,Minor,3
QC26060251,12327,รอยขีด/Scratch mark,Minor,6
QC26060251,12341,เปื้อนสี / Color stain,Minor,5
QC26060251,12310,ฝุ่น/Dust,Minor,3
QC26060251,12304,ถลอก/ Peeling,Minor,1
QC26060252,12327,รอยขีด/Scratch mark,Minor,9
QC26060252,12341,เปื้อนสี / Color stain,Minor,3
QC26060252,12310,ฝุ่น/Dust,Minor,1
QC26060252,12115,หมึกเยิ้ม/Ink smearing,Minor,1
QC26060252,11009,พิมพ์ถลอก/Printing peeling,Minor,1
QC26060252,12309,จุดดำ/Black dot,Minor,1
QC26060253,12309,จุดดำ/Black dot,Minor,8
QC26060253,12318,รอยเส้น/Trace mark,Minor,1
QC26060254,13129,เปิดยาก/Hard to open,Major,6
QC26060254,12309,จุดดำ/Black dot,Minor,7
QC26060254,11017,พิมพ์เปื้อนสี/Printing Stain Color,Minor,1
QC26060254,12310,ฝุ่น/Dust,Minor,1
QC26060254,12121,ฉีกขาด/Torn,Minor,1
QC26060254,13120,ห่าง/Gap,Minor,12
QC26051281,12356,เส้นผม/Hair contamination,Critical,2
QC26051281,12349,เอียง/Slanted,Minor,47
QC26051281,12324,เสียรูปทรง/Deformation,Major,5
QC26051281,12107,ประกอบไม่สุด/Assembly not complete,Minor,5
QC26051281,12310,ฝุ่น/Dust,Minor,1
QC26051281,12327,รอยขีด/Scratch mark,Minor,1
QC26051281,12121,ฉีกขาด/Torn,Major,1
QC26060255,12356,เส้นผม/Hair contamination,Critical,2
QC26060255,12349,เอียง/Slanted,Minor,47
QC26060255,12324,เสียรูปทรง/Deformation,Major,5
QC26060255,12107,ประกอบไม่สุด/Assembly not complete,Minor,5
QC26060255,12310,ฝุ่น/Dust,Minor,1
QC26060255,12327,รอยขีด/Scratch mark,Minor,1
QC26060255,12121,ฉีกขาด/Torn,Major,1
QC26060259,"12308 , 12301","สีไม่ตรง STD./Color off Standard , รอยด่าง/stain spot",Minor,1
QC26060259,"12308 , 12326","สีไม่ตรง STD./Color off Standard , บิ่น/chip",Major,4
QC26060259,"12308 , 12327","สีไม่ตรง STD./Color off Standard , รอยขีด/Scratch mark",Minor,1
QC26060259,"12308 , 12304","สีไม่ตรง STD./Color off Standard , ถลอก/ Peeling",Minor,4
QC26060259,"12308 , 12332","สีไม่ตรง STD./Color off Standard , ประกายเงิน/ Silver streak",Minor,2
QC26060259,"12308 , 12312","สีไม่ตรง STD./Color off Standard , คราบสกปรก/Dirty",Minor,6
QC26060259,"11018 , 12308","พิมพ์ไม่สม่ำเสมอ/Uneven printing , สีไม่ตรง STD./Color off Standard",Minor,6
QC26060259,"12315 , 12308","สีไม่ตรง STD./Color off Standard , ฟองอากาศ/Bubble",Minor,2
QC26060259,12308,สีไม่ตรง STD./Color off Standard,Minor,285
QC26060259,"13127 , 12308","สีไม่ตรง STD./Color off Standard , ประกอบไม่สนิท / Assembly incomplete",Major,1
QC26060259,"12309 , 12308","สีไม่ตรง STD./Color off Standard , จุดดำ/Black dot",Minor,2
QC26070003,"12308 , 15308","สีไม่ตรง STD./Color off Standard , สีไม่ตรง STD./Color off Standard",Major,296
QC26070003,"12363 , 12308","สีไม่ตรง STD./Color off Standard , ตัดไม่ขาด/ผิวไม่เรียบ/ Incomplete cutting / Rough surface",Minor,5
QC26070003,"12304 , 12308","ถลอก/ Peeling , สีไม่ตรง STD./Color off Standard",Minor,5
QC26070003,"12310 , 12308","สีไม่ตรง STD./Color off Standard , ฝุ่น/Dust",Major,3
QC26070003,"11002 , 12308","พิมพ์ขาดหาย/Printing not complete , สีไม่ตรง STD./Color off Standard",Minor,2
QC26070003,"12367 , 12308","สีไม่ตรง STD./Color off Standard , รอยกดทับ/Pressure marks",Minor,2
QC26070003,"12363 , 12308","สีไม่ตรง STD./Color off Standard , ตัดไม่ขาด/ผิวไม่เรียบ/ Incomplete cutting / Rough surface",Minor,1
QC26070003,"12349 , 12308","สีไม่ตรง STD./Color off Standard , เอียง/Slanted",Minor,1
QC26060260,"12308 , 15308","สีไม่ตรง STD./Color off Standard , สีไม่ตรง STD./Color off Standard",Minor,289
QC26060260,"12310 , 12308","สีไม่ตรง STD./Color off Standard , ฝุ่น/Dust",Minor,21
QC26060260,"12349 , 12308","สีไม่ตรง STD./Color off Standard , เอียง/Slanted",Minor,1
QC26060260,"12321 , 12308","สีไม่ตรง STD./Color off Standard , มีเศษพลาสติกยื่น/ Plastic burr",Minor,1
QC26060260,"12340 , 12308","สีไม่ตรง STD./Color off Standard , เปื้อนตัวยา / Bulk stain",Minor,3
QC26060261,"12308 , 15308","สีไม่ตรง STD./Color off Standard , สีไม่ตรง STD./Color off Standard",Minor,305
QC26060261,"12310 , 12308","สีไม่ตรง STD./Color off Standard , ฝุ่น/Dust",Minor,8
QC26060261,"12340 , 12308","สีไม่ตรง STD./Color off Standard , เปื้อนตัวยา / Bulk stain",Minor,2
QC26070004,12351,คราบน้ำ/Water stain,Minor,31
QC26070004,12327,รอยขีด/Scratch mark,Minor,26
QC26070004,12304,ถลอก/ Peeling,Minor,22
QC26070004,12111,น้ำหนักไม่ตรงSTD./Weight off standard,Major,2
QC26070004,11009,พิมพ์ถลอก/Printing peeling,Major,1
QC26070004,12371,ไขที่เนื้อยา/ Oil separation,Minor,2
QC26070004,12315,ฟองอากาศ/Bubble,Minor,2
QC26070005,12321,มีเศษพลาสติกยื่น/ Plastic burr,Minor,63
QC26060262,12308,สีไม่ตรง STD./Color off Standard,Minor,282
QC26060262,"12310 , 12308","สีไม่ตรง STD./Color off Standard , ฝุ่น/Dust",Minor,31
QC26060262,"12341 , 12308","สีไม่ตรง STD./Color off Standard , เปื้อนสี / Color stain",Minor,1
QC26060262,"12349 , 12308","สีไม่ตรง STD./Color off Standard , เอียง/Slanted",Minor,1
QC26060263,12308,สีไม่ตรง STD./Color off Standard,Minor,60
QC26060263,"12310 , 12308","สีไม่ตรง STD./Color off Standard , ฝุ่น/Dust",Minor,2
QC26060263,"12327 , 12308","สีไม่ตรง STD./Color off Standard , รอยขีด/Scratch mark",Minor,9
QC26060263,"12304 , 12308","ถลอก/ Peeling , สีไม่ตรง STD./Color off Standard",Minor,9
QC26060264,12308,สีไม่ตรง STD./Color off Standard,Minor,315
QC26060265,12308,สีไม่ตรง STD./Color off Standard,Minor,579
QC26060265,"12324 , 12308","สีไม่ตรง STD./Color off Standard , เสียรูปทรง/Deformation",Minor,10
QC26060265,"12324 , 12308","สีไม่ตรง STD./Color off Standard , เสียรูปทรง/Deformation",Minor,51
QC26070006,12356,เส้นผม/Hair contamination,Critical,1
QC26070006,12310,ฝุ่น/Dust,Minor,426
QC26070006,"12008 , 12310","พิมพ์บาง/Printing too thin , ฝุ่น/Dust",Minor,57
QC26070006,"12304 , 12310","ถลอก/ Peeling , ฝุ่น/Dust",Minor,8
QC26070006,"12327 , 12310","ฝุ่น/Dust , รอยขีด/Scratch mark",Minor,8
QC26070007,12339,ไม่เหมือน STD./ not same STD.,Minor,32
QC26070007,12125,หัก/broken,Minor,1
QC26070008,12371,ไขที่เนื้อยา/ Oil separation,Minor,33
QC26070008,12304,ถลอก/ Peeling,Minor,6
QC26070008,12327,รอยขีด/Scratch mark,Minor,7
QC26070011,12308,สีไม่ตรง STD./Color off Standard,Minor,438
QC26070011,"12309 , 12308","สีไม่ตรง STD./Color off Standard , จุดดำ/Black dot",Minor,5
QC26070011,"12312 , 12308","สีไม่ตรง STD./Color off Standard , คราบสกปรก/Dirty",Minor,38
QC26070011,"11009 , 12308","สีไม่ตรง STD./Color off Standard , พิมพ์ถลอก/Printing peeling",Major,1
QC26070011,"11009 , 12308","สีไม่ตรง STD./Color off Standard , พิมพ์ถลอก/Printing peeling",Minor,2
QC26070011,"12346 , 12308","สีไม่ตรง STD./Color off Standard , คราบกาว/Glue stain",Minor,1
QC26070011,"11009 , 12308","พิมพ์ถลอก/Printing peeling , สีไม่ตรง STD./Color off Standard",Major,1
QC26070011,"12313 , 12308","สีไม่ตรง STD./Color off Standard , เป็นเม็ด/Dot",Minor,3
QC26070011,"12308 , 12301","สีไม่ตรง STD./Color off Standard , รอยด่าง/stain spot",Minor,1
QC26070011,"12310 , 12308","สีไม่ตรง STD./Color off Standard , ฝุ่น/Dust",Minor,3
QC26070011,"12346 , 12308","สีไม่ตรง STD./Color off Standard , คราบกาว/Glue stain",Minor,1
QC26070011,"12309 , 12308","สีไม่ตรง STD./Color off Standard , จุดดำ/Black dot",Minor,8
QC26070012,12308,สีไม่ตรง STD./Color off Standard,Minor,34
QC26070012,"12349 , 12308","สีไม่ตรง STD./Color off Standard , เอียง/Slanted",Minor,24
QC26070012,"12310 , 12308","สีไม่ตรง STD./Color off Standard , ฝุ่น/Dust",Minor,5
QC26070012,"12321 , 12308","สีไม่ตรง STD./Color off Standard , มีเศษพลาสติกยื่น/ Plastic burr",Minor,8
QC26070012,"12313 , 12308","สีไม่ตรง STD./Color off Standard , เป็นเม็ด/Dot",Minor,2
QC26070012,"12327 , 12308","สีไม่ตรง STD./Color off Standard , รอยขีด/Scratch mark",Minor,1
QC26070012,"12304 , 12308","สีไม่ตรง STD./Color off Standard , ถลอก/ Peeling",Minor,1
QC26070012,"12309 , 12308","สีไม่ตรง STD./Color off Standard , จุดดำ/Black dot",Minor,1
QC26070012,"12322 , 12308","สีไม่ตรง STD./Color off Standard , แหว่ง/chip",Minor,1
QC26070012,"12312 , 12308","สีไม่ตรง STD./Color off Standard , คราบสกปรก/Dirty",Minor,1
QC26070012,"12356 , 12308","สีไม่ตรง STD./Color off Standard , เส้นผม/Hair contamination",Critical,2
QC26060267,12308,สีไม่ตรง STD./Color off Standard,Minor,251
QC26060267,"12312 , 12308","สีไม่ตรง STD./Color off Standard , คราบสกปรก/Dirty",Minor,54
QC26060267,"12309 , 12308","สีไม่ตรง STD./Color off Standard , จุดดำ/Black dot",Minor,5
QC26060267,"12326 , 12308","สีไม่ตรง STD./Color off Standard , บิ่น/chip",Major,3
QC26060267,"12324 , 12308","สีไม่ตรง STD./Color off Standard , เสียรูปทรง/Deformation",Major,1
QC26070013,12308,สีไม่ตรง STD./Color off Standard,Minor,103
QC26070013,"11010 , 12308","สีไม่ตรง STD./Color off Standard , พิมพ์แตก/Printing cracked",Minor,29
QC26070013,"12304 , 12308","สีไม่ตรง STD./Color off Standard , ถลอก/ Peeling",Minor,37
QC26070013,"12327 , 12308","สีไม่ตรง STD./Color off Standard , รอยขีด/Scratch mark",Minor,24
QC26070013,"11009 , 12308","สีไม่ตรง STD./Color off Standard , พิมพ์ถลอก/Printing peeling",Minor,3
QC26070013,"11009 , 12308","สีไม่ตรง STD./Color off Standard , พิมพ์ถลอก/Printing peeling",Minor,2
QC26070013,"12326 , 12308","สีไม่ตรง STD./Color off Standard , บิ่น/chip",Minor,2
QC26070014,12308,สีไม่ตรง STD./Color off Standard,Minor,303
QC26070014,"12310 , 12308","สีไม่ตรง STD./Color off Standard , ฝุ่น/Dust",Minor,6
QC26070014,"12304 , 12308","สีไม่ตรง STD./Color off Standard , ถลอก/ Peeling",Minor,3
QC26070014,"12327 , 12308","สีไม่ตรง STD./Color off Standard , รอยขีด/Scratch mark",Minor,1
QC26070014,"12356 , 12308","สีไม่ตรง STD./Color off Standard , เส้นผม/Hair contamination",Critical,1
QC26070014,"12315 , 12308","สีไม่ตรง STD./Color off Standard , ฟองอากาศ/Bubble",Minor,1
QC26070015,12308,สีไม่ตรง STD./Color off Standard,Minor,486
QC26070015,"12310 , 12308","สีไม่ตรง STD./Color off Standard , ฝุ่น/Dust",Minor,6
QC26070015,"12121 , 12308","สีไม่ตรง STD./Color off Standard , ฉีกขาด/Torn",Minor,4
QC26070015,"12340 , 12308","สีไม่ตรง STD./Color off Standard , เปื้อนตัวยา / Bulk stain",Minor,2
QC26070015,"12309 , 12308","สีไม่ตรง STD./Color off Standard , จุดดำ/Black dot",Minor,1
QC26070015,"12327 , 12308","สีไม่ตรง STD./Color off Standard , รอยขีด/Scratch mark",Minor,1
QC26070016,"12308 , 11004","สีไม่ตรง STD./Color off Standard , พิมพ์ไม่ตรงตำแหน่ง/Printing not position",Minor,217
QC26070016,"12356 , 12308 , 11004","สีไม่ตรง STD./Color off Standard , พิมพ์ไม่ตรงตำแหน่ง/Printing not position , เส้นผม/Hair contamination",Critical,2
QC26070016,"12309 , 12308 , 11004","สีไม่ตรง STD./Color off Standard , จุดดำ/Black dot , พิมพ์ไม่ตรงตำแหน่ง/Printing not position",Minor,4
QC26070016,"12312 , 12308 , 11004","สีไม่ตรง STD./Color off Standard , พิมพ์ไม่ตรงตำแหน่ง/Printing not position , คราบสกปรก/Dirty",Minor,68
QC26070016,"12313 , 12308 , 11004","สีไม่ตรง STD./Color off Standard , พิมพ์ไม่ตรงตำแหน่ง/Printing not position , เป็นเม็ด/Dot",Minor,6
QC26070016,"12326 , 12308 , 11004","สีไม่ตรง STD./Color off Standard , พิมพ์ไม่ตรงตำแหน่ง/Printing not position , บิ่น/chip",Major,3
QC26070016,"12321 , 12308 , 11004","สีไม่ตรง STD./Color off Standard , มีเศษพลาสติกยื่น/ Plastic burr , พิมพ์ไม่ตรงตำแหน่ง/Printing not position",Minor,6
QC26070016,"12327 , 12308 , 11004","สีไม่ตรง STD./Color off Standard , พิมพ์ไม่ตรงตำแหน่ง/Printing not position , รอยขีด/Scratch mark",Minor,4
QC26070016,"12303 , 12308 , 11004","สีไม่ตรง STD./Color off Standard , พิมพ์ไม่ตรงตำแหน่ง/Printing not position , รอยย่น/Wrinkle",Minor,1
QC26070016,"12127 , 12308 , 11004","สีไม่ตรง STD./Color off Standard , พิมพ์ไม่ตรงตำแหน่ง/Printing not position , ประกอบไม่สนิท / Assembly incomplete",Minor,1
QC26070016,"12318 , 12308 , 11004","สีไม่ตรง STD./Color off Standard , พิมพ์ไม่ตรงตำแหน่ง/Printing not position , รอยเส้น/Trace mark",Minor,1
QC26070016,"12346 , 12304 , 12308 , 11004","สีไม่ตรง STD./Color off Standard , พิมพ์ไม่ตรงตำแหน่ง/Printing not position , คราบกาว/Glue stain , ถลอก/ Peeling",Minor,2
QC26070017,12308,สีไม่ตรง STD./Color off Standard,Minor,295
QC26070017,"11020 , 12308","สีไม่ตรง STD./Color off Standard , พิมพ์เหลื่อม",Minor,4
QC26070017,"12321 , 12308","สีไม่ตรง STD./Color off Standard , มีเศษพลาสติกยื่น/ Plastic burr",Minor,9
QC26070017,"12312 , 12308","สีไม่ตรง STD./Color off Standard , คราบสกปรก/Dirty",Minor,2
QC26070017,"12309 , 12308","สีไม่ตรง STD./Color off Standard , จุดดำ/Black dot",Minor,2
QC26070017,"12313 , 12308","สีไม่ตรง STD./Color off Standard , เป็นเม็ด/Dot",Minor,2
QC26070017,"12318 , 12308","สีไม่ตรง STD./Color off Standard , รอยเส้น/Trace mark",Minor,1
QC26060268,12327,รอยขีด/Scratch mark,Minor,3
QC26060268,12324,เสียรูปทรง/Deformation,Major,1
QC26060268,12312,คราบสกปรก/Dirty,Minor,1
QC26060268,12309,จุดดำ/Black dot,Minor,5
QC26060268,12356,เส้นผม/Hair contamination,Critical,2
QC26060268,12310,ฝุ่น/Dust,Minor,28
QC26070021,12308,สีไม่ตรง STD./Color off Standard,Minor,299
QC26070021,"12308 , 12340","สีไม่ตรง STD./Color off Standard , เปื้อนตัวยา / Bulk stain",Minor,3
QC26070021,"12308 , 12310","สีไม่ตรง STD./Color off Standard , ฝุ่น/Dust",Minor,6
QC26070021,"12318 , 12308","สีไม่ตรง STD./Color off Standard , รอยเส้น/Trace mark",Minor,1
QC26070021,"12121 , 12308","ฉีกขาด/Torn , สีไม่ตรง สีไม่ตรง STD./Color off Standard",Minor,3
QC26070021,"11009 , 12308","พิมพ์ถลอก/Printing peeling , สีไม่ตรง STD./Color off Standard",Minor,1
QC26070021,"12309 , 12308","สีไม่ตรง STD./Color off Standard , จุดดำ/Black dot",Minor,1
QC26070021,"11010 , 12308","พิมพ์แตก/Printing cracked , สีไม่ตรง STD./Color off Standard",Minor,1
QC26070022,12363,ตัดไม่ขาด/ผิวไม่เรียบ/ Incomplete cutting / Rough surface,Minor,8
QC26070023,12309,จุดดำ/Black dot,Minor,4
QC26070023,"12312 , 12304","คราบสกปรก/Dirty , ถลอก/ Peeling",Minor,1
QC26070024,12308,สีไม่ตรง STD./Color off Standard,Minor,795
QC26070024,"12341 , 12308","สีไม่ตรง STD./Color off Standard , เปื้อนสี / Color stain",Minor,3
QC26070024,"12313 , 12308","สีไม่ตรง STD./Color off Standard , เป็นเม็ด/Dot",Minor,1
QC26070024,"12358 , 12308","สีไม่ตรง STD./Color off Standard , เป็นรู/Hole present",Minor,1
QC26070025,12308,สีไม่ตรง STD./Color off Standard,Minor,42
QC26070025,"11007 , 12308","พิมพ์หนา/Printing too thick , สีไม่ตรง STD./Color off Standard",Minor,4
QC26070025,"12363 , 12308","สีไม่ตรง STD./Color off Standard , ตัดไม่ขาด/ผิวไม่เรียบ/ Incomplete cutting / Rough surface",Minor,2
QC26070025,"11009 , 12308","พิมพ์ถลอก/Printing peeling , สีไม่ตรง STD./Color off Standard",Minor,2
QC26070026,12308,สีไม่ตรง STD./Color off Standard,Minor,53
QC26070026,12308,สีไม่ตรง STD./Color off Standard,Minor,100
QC26070026,"12341 , 12308","สีไม่ตรง STD./Color off Standard , เปื้อนสี / Color stain",Major,36
QC26070026,"12309 , 12308","สีไม่ตรง STD./Color off Standard , จุดดำ/Black dot",Minor,7
QC26070026,"12309 , 12308","สีไม่ตรง STD./Color off Standard , จุดดำ/Black dot",Major,1
QC26070026,"12122 , 12308","ยับ/ Wrinkled , สีไม่ตรง STD./Color off Standard",Minor,1
QC26070026,"12327 , 12308","สีไม่ตรง STD./Color off Standard , รอยขีด/Scratch mark",Minor,1
QC26070026,"12304 , 12308","ถลอก/ Peeling , สีไม่ตรง STD./Color off Standard",Minor,1
QC26070027,12308,สีไม่ตรง STD./Color off Standard,Minor,284
QC26070027,"11007 , 12308","พิมพ์หนา/Printing too thick , สีไม่ตรง STD./Color off Standard",Minor,27
QC26070027,"12367 , 12308","สีไม่ตรง STD./Color off Standard , รอยกดทับ/Pressure marks",Minor,4
QC26060269,12308,สีไม่ตรง STD./Color off Standard,Minor,756
QC26060269,"12309 , 12308","สีไม่ตรง STD./Color off Standard , จุดดำ/Black dot",Minor,42
QC26060269,"12304 , 12308","ถลอก/ Peeling , สีไม่ตรง STD./Color off Standard",Minor,1
QC26060269,"12327 , 12308","สีไม่ตรง STD./Color off Standard , รอยขีด/Scratch mark",Minor,1
QC26070028,12352,บาง/Too thin,Minor,30
QC26070028,12107,ประกอบไม่สุด/Assembly not complete,Minor,10
QC26070028,12339,ไม่เหมือน STD./ not same STD.,Minor,15
QC26070028,12309,จุดดำ/Black dot,Minor,1
QC26070028,12310,ฝุ่น/Dust,Minor,444
QC26060270,12327,รอยขีด/Scratch mark,Minor,41
QC26060270,12304,ถลอก/ Peeling,Minor,34
QC26060270,12311,คราบวาสลีน/Vaseline stain,Minor,26
QC26060270,12309,จุดดำ/Black dot,Minor,3
QC26060270,12321,มีเศษพลาสติกยื่น/ Plastic burr,Minor,1
QC26060270,12312,คราบสกปรก/Dirty,Minor,1
QC26060271,12321,มีเศษพลาสติกยื่น/ Plastic burr,Minor,4
QC26060271,12372,โดนความร้อน/Heat mark,Major,3
QC26060271,12327,รอยขีด/Scratch mark,Minor,2
QC26070029,12309,จุดดำ/Black dot,Minor,7
QC26070029,12312,คราบสกปรก/Dirty,Minor,2
QC26070033,12327,รอยขีด/Scratch mark,Minor,12
QC26070033,12346,คราบกาว/Glue stain,Minor,8
QC26070033,12313,เป็นเม็ด/Dot,Minor,7
QC26070033,12309,จุดดำ/Black dot,Minor,3
QC26070033,12310,ฝุ่น/Dust,Minor,2
QC26070033,12341,เปื้อนสี / Color stain,Minor,5
QC26070033,11010,พิมพ์แตก/Printing cracked,Minor,7
QC26070034,12304,ถลอก/ Peeling,Minor,18
QC26070034,12313,เป็นเม็ด/Dot,Minor,9
QC26070034,12311,คราบวาสลีน/Vaseline stain,Minor,5
QC26070034,12339,ไม่เหมือน STD./ not same STD.,Major,5
QC26070034,12309,จุดดำ/Black dot,Minor,2
QC26070034,12346,คราบกาว/Glue stain,Minor,1
QC26070034,12310,ฝุ่น/Dust,Minor,1
QC26070034,12313,เป็นเม็ด/Dot,Major,1
QC26070034,11004,พิมพ์ไม่ตรงตำแหน่ง/Printing not position,Major,1
QC26070036,12308,สีไม่ตรง STD./Color off Standard,Minor,489
QC26070036,"12308 , 12304","ถลอก/ Peeling , สีไม่ตรง STD./Color off Standard",Minor,2
QC26070036,"12308 , 12327","สีไม่ตรง STD./Color off Standard , รอยขีด/Scratch mark",Minor,2
QC26070036,"12309 , 12308","สีไม่ตรง STD./Color off Standard , จุดดำ/Black dot",Minor,4
QC26070036,"12308 , 12312","สีไม่ตรง STD./Color off Standard , คราบสกปรก/Dirty",Minor,2
QC26070036,"12308 , 12326","สีไม่ตรง STD./Color off Standard , บิ่น/chip",Major,1
QC26070037,12308,สีไม่ตรง STD./Color off Standard,Minor,422
QC26070037,"12349 , 12308","สีไม่ตรง STD./Color off Standard , เอียง/Slanted",Minor,1
QC26070037,"12308 , 12304","สีไม่ตรง STD./Color off Standard , ถลอก/ Peeling",Minor,1
QC26070037,"12312 , 12308","สีไม่ตรง STD./Color off Standard , คราบสกปรก/Dirty",Minor,75
QC26070037,"12020 , 12308","สีไม่ตรง STD./Color off Standard , รอยพับเหลื่อม",Minor,1
QC26070038,12308,สีไม่ตรง STD./Color off Standard,Minor,107
QC26070038,"12341 , 12308","สีไม่ตรง STD./Color off Standard , เปื้อนสี / Color stain",Minor,7
QC26070038,"12314 , 12308","สีไม่ตรง STD./Color off Standard , ผิวไม่เรียบ/Uneven surface",Minor,7
QC26070038,"12304 , 12308","ถลอก/ Peeling , สีไม่ตรง STD./Color off Standard",Major,1
QC26070038,"12312 , 12308","สีไม่ตรง STD./Color off Standard , คราบสกปรก/Dirty",Major,3
QC26070039,12308,สีไม่ตรง STD./Color off Standard,Minor,106
QC26070039,"12310 , 12308","สีไม่ตรง STD./Color off Standard , ฝุ่น/Dust",Minor,2
QC26070039,"12309 , 12308","สีไม่ตรง STD./Color off Standard , จุดดำ/Black dot",Minor,15
QC26070039,"12309 , 12308","สีไม่ตรง STD./Color off Standard , จุดดำ/Black dot",Minor,2
QC26070040,12339,ไม่เหมือน STD./ not same STD.,Major,7
QC26070040,12312,คราบสกปรก/Dirty,Critical,6
QC26070040,12358,เป็นรู/Hole present,Minor,4
QC26070040,14128,ส่วนประกอบไม่ครบ/Missing components,Critical,1
QC26070040,12332,ประกายเงิน/ Silver streak,Minor,1
QC26070040,12341,เปื้อนสี / Color stain,Major,3
QC26070041,12308,สีไม่ตรง STD./Color off Standard,Minor,22
QC26070041,"12308 , 12309","สีไม่ตรง STD./Color off Standard , จุดดำ/Black dot",Minor,10
QC26070042,12312,คราบสกปรก/Dirty,Minor,5
QC26070042,12309,จุดดำ/Black dot,Minor,2
QC26070046,12308,สีไม่ตรง STD./Color off Standard,Minor,606
QC26070046,"12308 , 12310","สีไม่ตรง STD./Color off Standard , ฝุ่น/Dust",Minor,8
QC26070046,"12308 , 12309","สีไม่ตรง STD./Color off Standard , จุดดำ/Black dot",Minor,6
QC26070046,"12308 , 11009","สีไม่ตรง STD./Color off Standard , พิมพ์ถลอก/Printing peeling",Minor,4
QC26070046,"12308 , 11017","พิมพ์เปื้อนสี/Printing Stain Color , สีไม่ตรง STD./Color off Standard",Minor,3
QC26070046,"12308 , 12312","สีไม่ตรง STD./Color off Standard , คราบสกปรก/Dirty",Minor,3
QC26070045,12308,สีไม่ตรง STD./Color off Standard,Minor,608
QC26070045,"12308 , 12309","สีไม่ตรง STD./Color off Standard , จุดดำ/Black dot",Minor,6
QC26070045,"12308 , 12356","สีไม่ตรง STD./Color off Standard , เส้นผม/Hair contamination",Critical,1
QC26070045,"12312 , 12308","สีไม่ตรง STD./Color off Standard , คราบสกปรก/Dirty",Minor,1
QC26070045,"12346 , 12308","สีไม่ตรง STD./Color off Standard , คราบกาว/Glue stain",Minor,4
QC26070045,"12341 , 12308","สีไม่ตรง STD./Color off Standard , เปื้อนสี / Color stain",Minor,2
QC26070045,"12308 , 11020","สีไม่ตรง STD./Color off Standard , พิมพ์เหลื่อม",Minor,1
QC26070045,"14127 , 12308","สีไม่ตรง STD./Color off Standard , ประกอบไม่สนิท / Assembly incomplete",Minor,4
QC26070045,"12313 , 12308","สีไม่ตรง STD./Color off Standard , เป็นเม็ด/Dot",Minor,3
QC26070047,12308,สีไม่ตรง STD./Color off Standard,Minor,286
QC26070047,"12308 , 12367","สีไม่ตรง STD./Color off Standard , รอยกดทับ/Pressure marks",Minor,2
QC26070047,"12309 , 12308","สีไม่ตรง STD./Color off Standard , จุดดำ/Black dot",Major,2
QC26070047,"12363 , 12308","สีไม่ตรง STD./Color off Standard , ตัดไม่ขาด/ผิวไม่เรียบ/ Incomplete cutting / Rough surface",Minor,1
QC26070047,"12307 , 12308","แตก/broken , สีไม่ตรง STD./Color off Standard",Minor,14
QC26070047,"12308 , 12312","สีไม่ตรง STD./Color off Standard , คราบสกปรก/Dirty",Minor,5
QC26070048,12308,สีไม่ตรง STD./Color off Standard,Minor,107
QC26070048,"12309 , 12308","สีไม่ตรง STD./Color off Standard , จุดดำ/Black dot",Minor,13
QC26070048,"12341 , 12308","สีไม่ตรง STD./Color off Standard , เปื้อนสี / Color stain",Minor,1
QC26070048,"12304 , 12308","ถลอก/ Peeling , สีไม่ตรง STD./Color off Standard",Minor,1
QC26070049,"12308 , 12310","สีไม่ตรง STD./Color off Standard , ฝุ่น/Dust",Minor,1
QC26070049,"12309 , 12308","สีไม่ตรง STD./Color off Standard , จุดดำ/Black dot",Minor,1
QC26070049,"12358 , 12308","สีไม่ตรง STD./Color off Standard , เป็นรู/Hole present",Minor,2
QC26070049,"12308 , 12327","สีไม่ตรง STD./Color off Standard , รอยขีด/Scratch mark",Minor,3
QC26070049,"12308 , 12332","สีไม่ตรง STD./Color off Standard , ประกายเงิน/ Silver streak",Minor,2
QC26070049,12308,สีไม่ตรง STD./Color off Standard,Minor,391
QC26070050,12125,หัก/broken,Minor,1
QC26070050,12318,รอยเส้น/Trace mark,Minor,4
QC26070050,12313,เป็นเม็ด/Dot,Minor,19
QC26070050,12304,ถลอก/ Peeling,Minor,6
QC26070050,12363,ตัดไม่ขาด/ผิวไม่เรียบ/ Incomplete cutting / Rough surface,Minor,5
QC26070051,12308,สีไม่ตรง STD./Color off Standard,Minor,378
QC26070051,"12312 , 12308","สีไม่ตรง STD./Color off Standard , คราบสกปรก/Dirty",Minor,8
QC26070051,"12308 , 12327","สีไม่ตรง STD./Color off Standard , รอยขีด/Scratch mark",Minor,1
QC26070051,"12309 , 12308","สีไม่ตรง STD./Color off Standard , จุดดำ/Black dot",Minor,3
QC26070051,"12339 , 12308","สีไม่ตรง STD./Color off Standard , ไม่เหมือน STD./ not same STD.",Minor,9
QC26070051,"12358 , 12308","สีไม่ตรง STD./Color off Standard , เป็นรู/Hole present",Minor,1
QC26070052,12308,สีไม่ตรง STD./Color off Standard,Minor,300
QC26070052,"12307 , 12308","แตก/broken , สีไม่ตรง STD./Color off Standard",Major,11
QC26070052,"12309 , 12308","สีไม่ตรง STD./Color off Standard , จุดดำ/Black dot",Minor,3
QC26070052,"12367 , 12308","สีไม่ตรง STD./Color off Standard , รอยกดทับ/Pressure marks",Minor,2
QC26070052,"12358 , 12308","สีไม่ตรง STD./Color off Standard , เป็นรู/Hole present",Minor,1
QC26070052,"12341 , 12308","สีไม่ตรง STD./Color off Standard , เปื้อนสี / Color stain",Minor,1
QC26070053,"12308 , 12327","สีไม่ตรง STD./Color off Standard , รอยขีด/Scratch mark",Minor,1
QC26070053,"12312 , 12308","สีไม่ตรง STD./Color off Standard , คราบสกปรก/Dirty",Minor,2
QC26070053,"12313 , 12308","สีไม่ตรง STD./Color off Standard , เป็นเม็ด/Dot",Minor,1
QC26070053,"12310 , 12308","สีไม่ตรง STD./Color off Standard , ฝุ่น/Dust",Minor,3
QC26070053,"12120 , 12308","ห่าง/Gap , สีไม่ตรง STD./Color off Standard",Minor,5
QC26070053,"12309 , 12308","สีไม่ตรง STD./Color off Standard , จุดดำ/Black dot",Minor,5
QC26070053,"12304 , 12308","ถลอก/ Peeling , สีไม่ตรง STD./Color off Standard",Minor,1
QC26070053,12308,สีไม่ตรง STD./Color off Standard,Minor,382
QC26070054,12308,สีไม่ตรง STD./Color off Standard,Minor,494
QC26070054,"12309 , 12308","สีไม่ตรง STD./Color off Standard , จุดดำ/Black dot",Critical,2
QC26070054,"12340 , 12308","สีไม่ตรง STD./Color off Standard , เปื้อนตัวยา / Bulk stain",Major,1
QC26070054,"12310 , 12308","สีไม่ตรง STD./Color off Standard , ฝุ่น/Dust",Minor,1
QC26070054,"12367 , 12308","สีไม่ตรง STD./Color off Standard , รอยกดทับ/Pressure marks",Minor,1
QC26070054,"12312 , 12308","สีไม่ตรง STD./Color off Standard , คราบสกปรก/Dirty",Major,1
QC26070055,12309,จุดดำ/Black dot,Minor,10
QC26070055,12341,เปื้อนสี / Color stain,Minor,2
QC26070055,12304,ถลอก/ Peeling,Minor,2
QC26070056,"12308 , 12329","สีไม่ตรง STD./Color off Standard , รูเล็ก/Small hole",Minor,289
QC26070056,"12308 , 12329 , 12339","สีไม่ตรง STD./Color off Standard , รูเล็ก/Small hole , ไม่เหมือน STD./ not same STD.",Minor,7
QC26070056,"12308 , 12329 , 12314","สีไม่ตรง STD./Color off Standard , ผิวไม่เรียบ/Uneven surface , รูเล็ก/Small hole",Minor,6
QC26070056,"12308 , 12329 , 12301","รอยด่าง/stain spot , สีไม่ตรง STD./Color off Standard , รูเล็ก/Small hole",Minor,5
QC26070056,"12308 , 12329 , 12352","สีไม่ตรง STD./Color off Standard , รูเล็ก/Small hole , บาง/Too thin",Minor,3
QC26070056,"12308 , 12329 , 12327","สีไม่ตรง STD./Color off Standard , รอยขีด/Scratch mark , รูเล็ก/Small hole",Minor,2
QC26070056,"12308 , 12329 , 12349","สีไม่ตรง STD./Color off Standard , รูเล็ก/Small hole , เอียง/Slanted",Minor,2
QC26070056,"12308 , 12329 , 12332","สีไม่ตรง STD./Color off Standard , รูเล็ก/Small hole , ประกายเงิน/ Silver streak",Minor,1
QC26060272,12308,สีไม่ตรง STD./Color off Standard,Minor,614
QC26060272,"12309 , 12308","สีไม่ตรง STD./Color off Standard , จุดดำ/Black dot",Minor,8
QC26060272,"12312 , 12308","สีไม่ตรง STD./Color off Standard , คราบสกปรก/Dirty",Minor,5
QC26060272,"12332 , 12308","สีไม่ตรง STD./Color off Standard , ประกายเงิน/ Silver streak",Minor,2
QC26060272,"12346 , 12308","สีไม่ตรง STD./Color off Standard , คราบกาว/Glue stain",Minor,1
QC26070057,"12308 , 15308","สีไม่ตรง STD./Color off Standard , สีไม่ตรง STD./Color off Standard",Minor,48
QC26070057,"15308 , 12308 , 12309","สีไม่ตรง STD./Color off Standard , จุดดำ/Black dot , สีไม่ตรง STD./Color off Standard",Minor,20
QC26070057,"12340 , 12308 , 15308","สีไม่ตรง STD./Color off Standard , เปื้อนตัวยา / Bulk stain , สีไม่ตรง STD./Color off Standard",Minor,2
QC26070057,"12310 , 12308 , 15308","สีไม่ตรง STD./Color off Standard , ฝุ่น/Dust , สีไม่ตรง STD./Color off Standard",Minor,17
QC26070057,"12312 , 12308 , 15308","สีไม่ตรง STD./Color off Standard , คราบสกปรก/Dirty , สีไม่ตรง STD./Color off Standard",Minor,5
QC26070057,"12308 , 15308 , 11010","พิมพ์แตก/Printing cracked , สีไม่ตรง STD./Color off Standard , สีไม่ตรง STD./Color off Standard",Minor,4
QC26070058,"12308 , 12339","สีไม่ตรง STD./Color off Standard , ไม่เหมือน STD./ not same STD.",Minor,272
QC26070058,"12308 , 12339 , 11003","พิมพ์ซ้อน/Printing overlap , สีไม่ตรง STD./Color off Standard , ไม่เหมือน STD./ not same STD.",Minor,29
QC26070058,"12308 , 12339 , 12341","สีไม่ตรง STD./Color off Standard , ไม่เหมือน STD./ not same STD. , เปื้อนสี / Color stain",Minor,8
QC26070058,"12308 , 12339 , 12327","สีไม่ตรง STD./Color off Standard , รอยขีด/Scratch mark , ไม่เหมือน STD./ not same STD.",Minor,2
QC26070058,"12308 , 12339 , 12313","สีไม่ตรง STD./Color off Standard , เป็นเม็ด/Dot , ไม่เหมือน STD./ not same STD.",Minor,2
QC26070058,"12308 , 12339 , 11009","พิมพ์ถลอก/Printing peeling , สีไม่ตรง STD./Color off Standard , ไม่เหมือน STD./ not same STD.",Minor,2
QC26070059,12309,จุดดำ/Black dot,Minor,4
QC26070059,12321,มีเศษพลาสติกยื่น/ Plastic burr,Minor,3
QC26070059,12121,ฉีกขาด/Torn,Critical,2
QC26070059,12322,แหว่ง/chip,Minor,1
QC26070059,12312,คราบสกปรก/Dirty,Minor,1
QC26070060,11009,พิมพ์ถลอก/Printing peeling,Minor,6
QC26070060,12309,จุดดำ/Black dot,Minor,6
QC26070060,11017,พิมพ์เปื้อนสี/Printing Stain Color,Minor,4
QC26070060,12130,ปิดไม่สนิท/Closure not tight,Minor,4
QC26070060,12310,ฝุ่น/Dust,Minor,4
QC26070060,12312,คราบสกปรก/Dirty,Minor,6
QC26070060,12341,เปื้อนสี / Color stain,Minor,2
QC26070061,12127,ประกอบไม่สนิท / Assembly incomplete,Minor,28
QC26070061,12309,จุดดำ/Black dot,Minor,6
QC26070061,12346,คราบกาว/Glue stain,Minor,3
QC26070061,11009,พิมพ์ถลอก/Printing peeling,Minor,2
QC26070061,11020,พิมพ์เหลื่อม,Minor,2
QC26070061,12304,ถลอก/ Peeling,Major,1
QC26070061,12314,ผิวไม่เรียบ/Uneven surface,Minor,1
QC26070061,12312,คราบสกปรก/Dirty,Minor,1
QC26070062,"12308 , 15308","สีไม่ตรง STD./Color off Standard , สีไม่ตรง STD./Color off Standard",Minor,174
QC26070062,"12100 , 12308 , 15308","หมุนมีเสียง/Rotation noise , สีไม่ตรง STD./Color off Standard , สีไม่ตรง STD./Color off Standard",Major,26
QC26070063,"12308 , 11009","สีไม่ตรง STD./Color off Standard , พิมพ์ถลอก/Printing peeling",Minor,290
QC26070063,"12321 , 12308 , 11009","สีไม่ตรง STD./Color off Standard , มีเศษพลาสติกยื่น/ Plastic burr , พิมพ์ถลอก/Printing peeling",Minor,21
QC26070063,"12312 , 12308 , 11009","สีไม่ตรง STD./Color off Standard , พิมพ์ถลอก/Printing peeling , คราบสกปรก/Dirty",Minor,1
QC26070063,"12309 , 12308 , 11009","สีไม่ตรง STD./Color off Standard , จุดดำ/Black dot , พิมพ์ถลอก/Printing peeling",Minor,1
QC26070063,"12313 , 12308 , 11009","สีไม่ตรง STD./Color off Standard , พิมพ์ถลอก/Printing peeling , เป็นเม็ด/Dot",Minor,1
QC26070063,"12304 , 12308 , 11009","สีไม่ตรง STD./Color off Standard , พิมพ์ถลอก/Printing peeling , ถลอก/ Peeling",Minor,1
QC26070064,"12308 , 11009","สีไม่ตรง STD./Color off Standard , พิมพ์ถลอก/Printing peeling",Minor,276
QC26070064,"12308 , 11009 , 12321","สีไม่ตรง STD./Color off Standard , มีเศษพลาสติกยื่น/ Plastic burr , พิมพ์ถลอก/Printing peeling",Minor,26
QC26070064,"12308 , 11009 , 12309","สีไม่ตรง STD./Color off Standard , จุดดำ/Black dot , พิมพ์ถลอก/Printing peeling",Minor,3
QC26070064,"12308 , 11009 , 11010","สีไม่ตรง STD./Color off Standard , พิมพ์ถลอก/Printing peeling , พิมพ์แตก/Printing cracked",Minor,3
QC26070064,"12308 , 11009 , 12332","สีไม่ตรง STD./Color off Standard , พิมพ์ถลอก/Printing peeling , ประกายเงิน/ Silver streak",Minor,2
QC26070064,"12308 , 11009 , 12301","สีไม่ตรง STD./Color off Standard , พิมพ์ถลอก/Printing peeling , รอยด่าง/stain spot",Minor,2
QC26070064,"12308 , 11009 , 12301","สีไม่ตรง STD./Color off Standard , พิมพ์ถลอก/Printing peeling , รอยด่าง/stain spot",Minor,2
QC26070064,"12308 , 11009 , 11020","สีไม่ตรง STD./Color off Standard , พิมพ์ถลอก/Printing peeling , พิมพ์เหลื่อม",Minor,1
QC26070065,"12308 , 11020","สีไม่ตรง STD./Color off Standard , พิมพ์เหลื่อม",Minor,170
QC26070065,"12309 , 12308 , 11020","สีไม่ตรง STD./Color off Standard , จุดดำ/Black dot , พิมพ์เหลื่อม",Minor,29
QC26070068,12308,สีไม่ตรง STD./Color off Standard,Minor,172
QC26070068,12100,หมุนมีเสียง/Rotation noise,Major,28
QC26070065,"12121 , 12308 , 11020","สีไม่ตรง STD./Color off Standard , ฉีกขาด/Torn , พิมพ์เหลื่อม",Critical,1
QC26070067,12309,จุดดำ/Black dot,Minor,29
QC26070067,12341,เปื้อนสี / Color stain,Major,3
QC26070067,12304,ถลอก/ Peeling,Major,3
QC26070069,12309,จุดดำ/Black dot,Minor,35
QC26070069,12121,ฉีกขาด/Torn,Major,1
QC26070070,12308,สีไม่ตรง STD./Color off Standard,Minor,389
QC26070070,"12327 , 12308","สีไม่ตรง STD./Color off Standard , รอยขีด/Scratch mark",Minor,5
QC26070070,"12312 , 12308","สีไม่ตรง STD./Color off Standard , คราบสกปรก/Dirty",Minor,3
QC26070070,"12304 , 12308","สีไม่ตรง STD./Color off Standard , ถลอก/ Peeling",Minor,1
QC26070070,12358,เป็นรู/Hole present,Minor,1
QC26070070,"12309 , 12308","สีไม่ตรง STD./Color off Standard , จุดดำ/Black dot",Minor,1
QC26060274,12308,สีไม่ตรง STD./Color off Standard,Minor,582
QC26060274,12309,จุดดำ/Black dot,Minor,39
QC26060274,12309,จุดดำ/Black dot,Major,7
QC26060274,12341,เปื้อนสี / Color stain,Minor,1
QC26060274,12121,ฉีกขาด/Torn,Major,1
QC26070074,12308,สีไม่ตรง STD./Color off Standard,Minor,603
QC26070074,"12308 , 12309","สีไม่ตรง STD./Color off Standard , จุดดำ/Black dot",Minor,25
QC26070074,"12310 , 12308","สีไม่ตรง STD./Color off Standard , ฝุ่น/Dust",Minor,2
QC26070075,12308,สีไม่ตรง STD./Color off Standard,Minor,576
QC26070075,"12121 , 12308","ฉีกขาด/Torn , สีไม่ตรง STD./Color off Standard",Major,29
QC26070075,"12309 , 12308","สีไม่ตรง STD./Color off Standard , จุดดำ/Black dot",Minor,22
QC26070075,"12310 , 12308","สีไม่ตรง STD./Color off Standard , ฝุ่น/Dust",Minor,2
QC26070075,"12312 , 12308","สีไม่ตรง STD./Color off Standard , คราบสกปรก/Dirty",Minor,1
QC26070076,12308,สีไม่ตรง STD./Color off Standard,Minor,596
QC26070076,"12309 , 12308","สีไม่ตรง STD./Color off Standard , จุดดำ/Black dot",Minor,26
QC26070076,"12304 , 12308","ถลอก/ Peeling , สีไม่ตรง STD/Color off Standard",Minor,2
QC26070076,"12313 , 12308","สีไม่ตรง STD./Color off Standard , เป็นเม็ด/Dot",Minor,1
QC26070076,"12121 , 12308","ฉีกขาด/Torn , สีไม่ตรง STD/Color off Standard",Major,5
QC26070077,12308,สีไม่ตรง STD./Color off Standard,Minor,584
QC26070077,"12309 , 12308","สีไม่ตรง STD./Color off Standard , จุดดำ/Black dot",Minor,29
QC26070077,"12301 , 12308","รอยด่าง/stain spot , สีไม่ตรง STD./Color off Standard",Minor,6
QC26070077,"11019 , 12308","พิมพ์ไม่เรียบ/Uneven surface printing , สีไม่ตรง STD./Color off Standard",Minor,5
QC26070077,"12310 , 12308","สีไม่ตรง STD./Color off Standard , ฝุ่น/Dust",Minor,3
QC26070077,"12341 , 12308","สีไม่ตรง STD./Color off Standard , เปื้อนสี / Color stain",Minor,3
QC26070078,12308,สีไม่ตรง STD./Color off Standard,Minor,970
QC26070078,"12309 , 12308","สีไม่ตรง STD./Color off Standard , จุดดำ/Black dot",Minor,25
QC26070078,"12327 , 12308","สีไม่ตรง STD./Color off Standard , รอยขีด/Scratch mark",Minor,1
QC26070078,"12310 , 12308","สีไม่ตรง STD./Color off Standard , ฝุ่น/Dust",Minor,4
QC26070079,12308,สีไม่ตรง STD./Color off Standard,Minor,359
QC26070079,"12309 , 12308","สีไม่ตรง STD./Color off Standard , จุดดำ/Black dot",Minor,32
QC26070079,"12313 , 12308","สีไม่ตรง STD./Color off Standard , เป็นเม็ด/Dot",Minor,4
QC26070079,"11009 , 12308","พิมพ์ถลอก/Printing peeling , สีไม่ตรง STD/Color off Standard",Minor,3
QC26070079,"12121 , 12308","ฉีกขาด/Torn , สีไม่ตรง STD/Color off Standard",Major,1
QC26070079,"12312 , 12308","สีไม่ตรง STD./Color off Standard , คราบสกปรก/Dirty",Minor,1
QC26070080,12308,สีไม่ตรง STD./Color off Standard,Minor,600
QC26070080,"12309 , 12308","สีไม่ตรง STD./Color off Standard , จุดดำ/Black dot",Minor,25
QC26070080,"12313 , 12308","สีไม่ตรง STD./Color off Standard , เป็นเม็ด/Dot",Minor,4
QC26070080,"12312 , 12308","สีไม่ตรง STD./Color off Standard , คราบสกปรก/Dirty",Minor,1
QC26070081,12308,สีไม่ตรง STD./Color off Standard,Minor,593
QC26070081,"12309 , 12308","สีไม่ตรง STD./Color off Standard , จุดดำ/Black dot",Minor,30
QC26070081,"12312 , 12308","สีไม่ตรง STD./Color off Standard , คราบสกปรก/Dirty",Minor,2
QC26070081,"12310 , 12308","สีไม่ตรง STD./Color off Standard , ฝุ่น/Dust",Minor,2
QC26070081,"11017 , 12308","พิมพ์เปื้อนสี/Printing Stain Color , สีไม่ตรง STD./Color off Standard",Minor,2
QC26070081,"12327 , 12308","สีไม่ตรง STD./Color off Standard , รอยขีด/Scratch mark",Minor,1
QC26070082,12308,สีไม่ตรง STD./Color off Standard,Minor,609
QC26070082,"12309 , 12308","สีไม่ตรง STD./Color off Standard , จุดดำ/Black dot",Minor,19
QC26070082,"11009 , 12308","พิมพ์ถลอก/Printing peeling , สีไม่ตรง STD/Color off Standard",Minor,2
QC26070083,12308,สีไม่ตรง STD./Color off Standard,Minor,948
QC26070083,"12309 , 12308","สีไม่ตรง STD./Color off Standard , จุดดำ/Black dot",Minor,29
QC26070083,"12313 , 12308","สีไม่ตรง STD./Color off Standard , เป็นเม็ด/Dot",Minor,7
QC26070083,"12310 , 12308","สีไม่ตรง STD./Color off Standard , ฝุ่น/Dust",Minor,3
QC26070083,"12327 , 12308","สีไม่ตรง STD./Color off Standard , รอยขีด/Scratch mark",Minor,3
QC26070083,"12312 , 12308","สีไม่ตรง STD./Color off Standard , คราบสกปรก/Dirty",Minor,3
QC26070083,"12121 , 12308","ฉีกขาด/Torn , สีไม่ตรง STD/Color off Standard",Minor,1
QC26070083,"11019 , 12308","พิมพ์ไม่เรียบ/Uneven surface printing , สีไม่ตรง STD./Color off Standard",Minor,6
QC26070084,12308,สีไม่ตรง STD./Color off Standard,Minor,924
QC26070084,"12308 , 12309","สีไม่ตรง STD./Color off Standard , จุดดำ/Black dot",Minor,33
QC26070084,"12308 , 11020","สีไม่ตรง STD./Color off Standard , พิมพ์เหลื่อม",Minor,29
QC26070084,"12313 , 12308","สีไม่ตรง STD./Color off Standard , เป็นเม็ด/Dot",Minor,8
QC26070084,"12344 , 12308","สีไม่ตรง STD./Color off Standard , เคลือบไม่เต็ม/Coating incomplete",Minor,3
QC26070084,"12310 , 12308","สีไม่ตรง STD./Color off Standard , ฝุ่น/Dust",Minor,1
QC26070084,"12327 , 12308","สีไม่ตรง STD./Color off Standard , รอยขีด/Scratch mark",Minor,1
QC26070084,"12312 , 12308","สีไม่ตรง STD./Color off Standard , คราบสกปรก/Dirty",Minor,1
QC26070085,12308,สีไม่ตรง STD./Color off Standard,Minor,213
QC26070085,"12309 , 12308","สีไม่ตรง STD./Color off Standard , จุดดำ/Black dot",Minor,18
QC26070085,"12341 , 12308","สีไม่ตรง STD./Color off Standard , เปื้อนสี / Color stain",Minor,15
QC26070085,"12312 , 12308","สีไม่ตรง STD./Color off Standard , คราบสกปรก/Dirty",Minor,4
QC26070085,"12313 , 12308","สีไม่ตรง STD./Color off Standard , เป็นเม็ด/Dot",Minor,1
QC26070086,12304,ถลอก/ Peeling,Major,20
QC26070086,12309,จุดดำ/Black dot,Minor,19
QC26070086,12327,รอยขีด/Scratch mark,Minor,6
QC26070086,12341,เปื้อนสี / Color stain,Minor,10
QC26070087,12308,สีไม่ตรง STD./Color off Standard,Minor,585
QC26070087,"12309 , 12308","สีไม่ตรง STD./Color off Standard , จุดดำ/Black dot",Minor,38
QC26070087,"12312 , 12308","สีไม่ตรง STD./Color off Standard , คราบสกปรก/Dirty",Minor,38
QC26070087,"12310 , 12308","สีไม่ตรง STD./Color off Standard , ฝุ่น/Dust",Minor,1
QC26070087,"12327 , 12308","สีไม่ตรง STD./Color off Standard , รอยขีด/Scratch mark",Minor,1
QC26070087,"12339 , 12308","สีไม่ตรง STD./Color off Standard , ไม่เหมือน STD./ not same STD.",Minor,1
QC26070088,12308,สีไม่ตรง STD./Color off Standard,Minor,588
QC26070088,"12309 , 12308","สีไม่ตรง STD./Color off Standard , จุดดำ/Black dot",Minor,32
QC26070088,"12312 , 12308","สีไม่ตรง STD./Color off Standard , คราบสกปรก/Dirty",Minor,3
QC26070088,"12310 , 12308","สีไม่ตรง STD./Color off Standard , ฝุ่น/Dust",Minor,3
QC26070088,"12313 , 12308","สีไม่ตรง STD./Color off Standard , เป็นเม็ด/Dot",Minor,2
QC26070088,"12121 , 12308","ฉีกขาด/Torn , สีไม่ตรง STD./Color off Standard",Major,2
QC26070089,12308,สีไม่ตรง STD./Color off Standard,Minor,604
QC26070089,"12309 , 12308","สีไม่ตรง STD./Color off Standard , จุดดำ/Black dot",Minor,18
QC26070089,"12310 , 12308","สีไม่ตรง STD./Color off Standard , ฝุ่น/Dust",Minor,3
QC26070089,"12313 , 12308","สีไม่ตรง STD./Color off Standard , เป็นเม็ด/Dot",Minor,4
QC26070089,"11009 , 12308","พิมพ์ถลอก/Printing peeling , สีไม่ตรง STD./Color off Standard",Minor,1
QC26060275,12309,จุดดำ/Black dot,Minor,25
QC26060275,12312,คราบสกปรก/Dirty,Minor,3
QC26070090,12306,ร้าว/crack,Major,23
QC26070090,12327,รอยขีด/Scratch mark,Minor,4
QC26070090,12321,มีเศษพลาสติกยื่น/ Plastic burr,Minor,2
QC26070090,11009,พิมพ์ถลอก/Printing peeling,Minor,1
QC26070091,12308,สีไม่ตรง STD./Color off Standard,Minor,584
QC26070091,"12339 , 12308","สีไม่ตรง STD./Color off Standard , ไม่เหมือน STD./ not same STD.",Minor,19
QC26070091,"12309 , 12308","สีไม่ตรง STD./Color off Standard , จุดดำ/Black dot",Minor,3
QC26070091,"12310 , 12308","สีไม่ตรง STD./Color off Standard , ฝุ่น/Dust",Minor,2
QC26070091,"12306 , 12308","ร้าว/crack , สีไม่ตรง STD./Color off Standard",Critical,3
QC26070091,"12306 , 12308","ร้าว/crack , สีไม่ตรง STD./Color off Standard",Major,5
QC26070091,"12352 , 12308","สีไม่ตรง STD./Color off Standard , บาง/Too thin",Minor,2
QC26070091,"12315 , 12308","สีไม่ตรง STD./Color off Standard , ฟองอากาศ/Bubble",Minor,2
QC26070091,"12349 , 12308","สีไม่ตรง STD./Color off Standard , เอียง/Slanted",Minor,2
QC26070091,"12339 , 12308","สีไม่ตรง STD./Color off Standard , ไม่เหมือน STD./ not same STD.",Minor,2
QC26070091,"12304 , 12308","ถลอก/ Peeling , สีไม่ตรง STD./Color off Standard",Minor,3
QC26070091,"12332 , 12308","สีไม่ตรง STD./Color off Standard , ประกายเงิน/ Silver streak",Minor,6
QC26070092,12308,สีไม่ตรง STD./Color off Standard,Minor,561
QC26070092,"12304 , 12308","ถลอก/ Peeling , สีไม่ตรง STD./Color off Standard",Minor,19
QC26070092,"12306 , 12308","ร้าว/crack , สีไม่ตรง STD./Color off Standard",Major,17
QC26070092,"12309 , 12308","สีไม่ตรง STD./Color off Standard , จุดดำ/Black dot",Minor,23
QC26070092,"12312 , 12308","สีไม่ตรง STD./Color off Standard , คราบสกปรก/Dirty",Minor,3
QC26070092,"12332 , 12308","สีไม่ตรง STD./Color off Standard , ประกายเงิน/ Silver streak",Minor,6
QC26070092,"12322 , 12308","สีไม่ตรง STD./Color off Standard , แหว่ง/chip",Major,1
QC26070093,12308,สีไม่ตรง STD./Color off Standard,Minor,605
QC26070093,"12309 , 12308","สีไม่ตรง STD./Color off Standard , จุดดำ/Black dot",Minor,21
QC26070093,"12312 , 12308","สีไม่ตรง STD./Color off Standard , คราบสกปรก/Dirty",Minor,5
QC26070094,12308,สีไม่ตรง STD./Color off Standard,Minor,576
QC26070094,"12332 , 12308","สีไม่ตรง STD./Color off Standard , ประกายเงิน/ Silver streak",Minor,11
QC26070094,"12309 , 12308","สีไม่ตรง STD./Color off Standard , จุดดำ/Black dot",Minor,8
QC26070094,"11010 , 12308","พิมพ์แตก/Printing cracked , สีไม่ตรง STD./Color off Standard",Minor,8
QC26070094,"11009 , 12308","พิมพ์ถลอก/Printing peeling , สีไม่ตรง STD./Color off Standard",Minor,1
QC26070095,12308,สีไม่ตรง STD./Color off Standard,Minor,584
QC26070095,"12308 , 12332","สีไม่ตรง STD./Color off Standard , ประกายเงิน/ Silver streak",Minor,9
QC26070095,"12309 , 12308","สีไม่ตรง STD./Color off Standard , จุดดำ/Black dot",Minor,6
QC26070095,"11010 , 12308","พิมพ์แตก/Printing cracked , สีไม่ตรง STD./Color off Standard",Minor,1
QC26070095,"11002 , 12308","พิมพ์ขาดหาย/Printing not complete , สีไม่ตรง STD./Color off Standard",Minor,4
QC26070095,"12327 , 12308","สีไม่ตรง STD./Color off Standard , รอยขีด/Scratch mark",Minor,2
QC26070095,"12310 , 12308","สีไม่ตรง STD./Color off Standard , ฝุ่น/Dust",Minor,5
QC26070095,"12301 , 12308","รอยด่าง/stain spot , สีไม่ตรง STD./Color off Standard",Minor,2
QC26070096,12308,สีไม่ตรง STD./Color off Standard,Minor,168
QC26070096,"12341 , 12308","สีไม่ตรง STD./Color off Standard , เปื้อนสี / Color stain",Minor,19
QC26070096,"12309 , 12308","สีไม่ตรง STD./Color off Standard , จุดดำ/Black dot",Minor,9
QC26070096,"12363 , 12308","สีไม่ตรง STD./Color off Standard , ตัดไม่ขาด/ผิวไม่เรียบ/ Incomplete cutting / Rough surface",Minor,2
QC26070096,"12327 , 12308","สีไม่ตรง STD./Color off Standard , รอยขีด/Scratch mark",Minor,1
QC26070096,"12310 , 12308","สีไม่ตรง STD./Color off Standard , ฝุ่น/Dust",Minor,1
QC26070097,12308,สีไม่ตรง STD./Color off Standard,Minor,53
QC26070097,"12309 , 12308","สีไม่ตรง STD./Color off Standard , จุดดำ/Black dot",Minor,18
QC26070097,"12121 , 12308","ฉีกขาด/Torn , สีไม่ตรง STD./Color off Standard",Major,4
QC26070097,"12344 , 12308","สีไม่ตรง STD./Color off Standard , เคลือบไม่เต็ม/Coating incomplete",Minor,4
QC26070097,"12301 , 12308","รอยด่าง/stain spot , สีไม่ตรง STD./Color off Standard",Minor,1
QC26070098,12308,สีไม่ตรง STD./Color off Standard,Minor,32
QC26070098,"12304 , 12308","ถลอก/ Peeling , สีไม่ตรง STD./Color off Standard",Major,15
QC26070098,"12341 , 12308","สีไม่ตรง STD./Color off Standard , เปื้อนสี / Color stain",Minor,14
QC26070098,"12309 , 12308","สีไม่ตรง STD./Color off Standard , จุดดำ/Black dot",Minor,16
QC26070098,"12121 , 12308","ฉีกขาด/Torn , สีไม่ตรง STD./Color off Standard",Major,2
QC26070098,"12301 , 12308","รอยด่าง/stain spot , สีไม่ตรง STD./Color off Standard",Minor,1
QC26070099,12308,สีไม่ตรง STD./Color off Standard,Minor,172
QC26070099,"12309 , 12308","สีไม่ตรง STD./Color off Standard , จุดดำ/Black dot",Minor,18
QC26070099,"12310 , 12308","สีไม่ตรง STD./Color off Standard , ฝุ่น/Dust",Minor,6
QC26070099,"12304 , 12308","ถลอก/ Peeling , สีไม่ตรง STD./Color off Standard",Minor,2
QC26070099,"12327 , 12308","สีไม่ตรง STD./Color off Standard , รอยขีด/Scratch mark",Minor,1
QC26070099,"12312 , 12308","สีไม่ตรง STD./Color off Standard , คราบสกปรก/Dirty",Minor,1
QC26070100,12308,สีไม่ตรง STD./Color off Standard,Minor,12
QC26070100,"12308 , 12309","สีไม่ตรง STD./Color off Standard , จุดดำ/Black dot",Minor,3
QC26070100,"12308 , 12304","สีไม่ตรง STD./Color off Standard , ถลอก/ Peeling",Minor,2
QC26070100,"12308 , 12312","สีไม่ตรง STD./Color off Standard , คราบสกปรก/Dirty",Minor,2
QC26070100,"12308 , 12358","สีไม่ตรง STD./Color off Standard , เป็นรู/Hole present",Minor,1
QC26070101,12308,สีไม่ตรง STD./Color off Standard,Minor,91
QC26070101,"12308 , 12309","สีไม่ตรง STD./Color off Standard , จุดดำ/Black dot",Minor,26
QC26070101,"12312 , 12308","สีไม่ตรง STD./Color off Standard , คราบสกปรก/Dirty",Major,2
QC26070101,"12313 , 12308","สีไม่ตรง STD./Color off Standard , เป็นเม็ด/Dot",Minor,1
QC26070101,"12308 , 12310","สีไม่ตรง STD./Color off Standard , ฝุ่น/Dust",Minor,4
QC26070101,"11019 , 12308","สีไม่ตรง STD./Color off Standard , พิมพ์ไม่เรียบ/Uneven surface printing",Minor,1
QC26070102,"12308 , 12312","สีไม่ตรง STD./Color off Standard , คราบสกปรก/Dirty",Minor,5
QC26070102,12308,สีไม่ตรง STD./Color off Standard,Minor,10
QC26070102,"12308 , 11020","สีไม่ตรง STD./Color off Standard , พิมพ์เหลื่อม",Minor,2
QC26070102,"12313 , 12308","สีไม่ตรง STD./Color off Standard , เป็นเม็ด/Dot",Minor,7
QC26070102,"12308 , 12309","สีไม่ตรง STD./Color off Standard , จุดดำ/Black dot",Minor,8
QC26070103,12308,สีไม่ตรง STD./Color off Standard,Minor,4
QC26070103,"12308 , 12309","สีไม่ตรง STD./Color off Standard , จุดดำ/Black dot",Minor,10
QC26070103,"12301 , 12308","สีไม่ตรง STD./Color off Standard , รอยด่าง/stain spot",Minor,1
QC26070103,"12308 , 11020","สีไม่ตรง STD./Color off Standard , พิมพ์เหลื่อม",Minor,5
QC26070104,"12308 , 12321 , 12304","ถลอก/ Peeling , สีไม่ตรง STD./Color off Standard , มีเศษพลาสติกยื่น/ Plastic burr",Minor,306
QC26070104,"12306 , 12308 , 12321 , 12304","ถลอก/ Peeling , ร้าว/crack , สีไม่ตรง STD./Color off Standard , มีเศษพลาสติกยื่น/ Plastic burr",Major,6
QC26070104,"12309 , 12308 , 12304 , 12321","ถลอก/ Peeling , สีไม่ตรง STD./Color off Standard , จุดดำ/Black dot , มีเศษพลาสติกยื่น/ Plastic burr",Minor,2
QC26070104,"12312 , 12308 , 12321 , 12304","ถลอก/ Peeling , สีไม่ตรง STD./Color off Standard , คราบสกปรก/Dirty , มีเศษพลาสติกยื่น/ Plastic burr",Minor,1
QC26070105,11009,พิมพ์ถลอก/Printing peeling,Minor,25
QC26070105,12312,คราบสกปรก/Dirty,Minor,7
QC26070105,12309,จุดดำ/Black dot,Minor,2
QC26070105,12310,ฝุ่น/Dust,Minor,1
QC26070105,12301,รอยด่าง/stain spot,Minor,1
QC26070105,11009,พิมพ์ถลอก/Printing peeling,Major,1
QC26070105,11019,พิมพ์ไม่เรียบ/Uneven surface printing,Minor,5
QC26070106,12310,ฝุ่น/Dust,Minor,8
QC26070106,12309,จุดดำ/Black dot,Minor,38
QC26070106,12310,ฝุ่น/Dust,Minor,2
QC26070106,12370,ไม่สมมาตร / Incomplete,Minor,1
QC26070106,12306,ร้าว/crack,Major,1
QC26070106,12309,จุดดำ/Black dot,Minor,38
QC26070107,12309,จุดดำ/Black dot,Major,7
QC26070107,12310,ฝุ่น/Dust,Minor,3
QC26070108,"12308 , 11009","พิมพ์ถลอก/Printing peeling , สีไม่ตรง STD./Color off Standard",Minor,299
QC26070108,"12310 , 12308 , 11009","พิมพ์ถลอก/Printing peeling , สีไม่ตรง STD./Color off Standard , ฝุ่น/Dust",Minor,3
QC26070108,"12309 , 12308 , 11009","พิมพ์ถลอก/Printing peeling , สีไม่ตรง STD./Color off Standard , จุดดำ/Black dot",Minor,5
QC26070108,"12332 , 12308 , 11009","พิมพ์ถลอก/Printing peeling , สีไม่ตรง STD./Color off Standard , ประกายเงิน/ Silver streak",Minor,2
QC26070108,"12321 , 12308 , 11009","พิมพ์ถลอก/Printing peeling , สีไม่ตรง STD./Color off Standard , มีเศษพลาสติกยื่น/ Plastic burr",Minor,1
QC26070108,"12313 , 12308 , 11009","พิมพ์ถลอก/Printing peeling , สีไม่ตรง STD./Color off Standard , เป็นเม็ด/Dot",Minor,2
QC26070108,"12304 , 12308 , 11009","พิมพ์ถลอก/Printing peeling , ถลอก/ Peeling , สีไม่ตรง STD./Color off Standard",Minor,2
QC26070108,"12312 , 12308 , 11009","พิมพ์ถลอก/Printing peeling , สีไม่ตรง STD./Color off Standard , คราบสกปรก/Dirty",Minor,1
QC26070109,12308,สีไม่ตรง STD./Color off Standard,Minor,384
QC26070109,"12309 , 12308","สีไม่ตรง STD./Color off Standard , จุดดำ/Black dot",Minor,7
QC26070109,"12341 , 12308","สีไม่ตรง STD./Color off Standard , เปื้อนสี / Color stain",Minor,3
QC26070109,"12301 , 12308","รอยด่าง/stain spot , สีไม่ตรง STD./Color off Standard",Minor,3
QC26070109,"12312 , 12308","สีไม่ตรง STD./Color off Standard , คราบสกปรก/Dirty",Minor,1
QC26070109,"12321 , 12308","สีไม่ตรง STD./Color off Standard , มีเศษพลาสติกยื่น/ Plastic burr",Minor,1
QC26070109,"12332 , 12308","สีไม่ตรง STD./Color off Standard , ประกายเงิน/ Silver streak",Minor,1
QC26070110,12308,สีไม่ตรง STD./Color off Standard,Minor,389
QC26070110,"12309 , 12308","สีไม่ตรง STD./Color off Standard , จุดดำ/Black dot",Minor,5
QC26070110,"12304 , 12308","ถลอก/ Peeling , สีไม่ตรง STD./Color off Standard",Minor,2
QC26070110,"12301 , 12308","รอยด่าง/stain spot , สีไม่ตรง STD./Color off Standard",Minor,2
QC26070110,"12332 , 12308","สีไม่ตรง STD./Color off Standard , ประกายเงิน/ Silver streak",Minor,1
QC26070110,"12341 , 12308","สีไม่ตรง STD./Color off Standard , เปื้อนสี / Color stain",Minor,1
QC26070111,12308,สีไม่ตรง STD./Color off Standard,Minor,385
QC26070111,"12309 , 12308","สีไม่ตรง STD./Color off Standard , จุดดำ/Black dot",Minor,4
QC26070111,"12301 , 12308","รอยด่าง/stain spot , สีไม่ตรง STD./Color off Standard",Minor,4
QC26070111,"12341 , 12308","สีไม่ตรง STD./Color off Standard , เปื้อนสี / Color stain",Minor,3
QC26070111,"12312 , 12308","สีไม่ตรง STD./Color off Standard , คราบสกปรก/Dirty",Minor,3
QC26070111,"12332 , 12308","สีไม่ตรง STD./Color off Standard , ประกายเงิน/ Silver streak",Minor,1
QC26070112,12308,สีไม่ตรง STD./Color off Standard,Minor,379
QC26070112,"12312 , 12308","สีไม่ตรง STD./Color off Standard , คราบสกปรก/Dirty",Major,9
QC26070112,"12309 , 12308","สีไม่ตรง STD./Color off Standard , จุดดำ/Black dot",Minor,4
QC26070112,"12341 , 12308","สีไม่ตรง STD./Color off Standard , เปื้อนสี / Color stain",Minor,3
QC26070112,"12301 , 12308","รอยด่าง/stain spot , สีไม่ตรง STD./Color off Standard",Minor,2
QC26070112,"12304 , 12308","ถลอก/ Peeling , สีไม่ตรง STD./Color off Standard",Minor,2
QC26070112,"12313 , 12308","สีไม่ตรง STD./Color off Standard , เป็นเม็ด/Dot",Minor,1
QC26070115,12321,มีเศษพลาสติกยื่น/ Plastic burr,Minor,7
QC26070115,12309,จุดดำ/Black dot,Minor,4
QC26070115,12312,คราบสกปรก/Dirty,Minor,2
QC26070118,"12308 , 11020 , 11008","พิมพ์บาง/Printing too thin , สีไม่ตรง STD./Color off Standard , พิมพ์เหลื่อม",Minor,266
QC26070118,"11017 , 11020 , 11008 , 12308","พิมพ์บาง/Printing too thin , พิมพ์เปื้อนสี/Printing Stain Color , สีไม่ตรง STD./Color off Standard , พิมพ์เหลื่อม",Minor,20
QC26070118,"12321 , 11020 , 11008 , 12308","พิมพ์บาง/Printing too thin , สีไม่ตรง STD./Color off Standard , มีเศษพลาสติกยื่น/ Plastic burr , พิมพ์เหลื่อม",Minor,18
QC26070118,"12313 , 11020 , 11008 , 12308","พิมพ์บาง/Printing too thin , สีไม่ตรง STD./Color off Standard , เป็นเม็ด/Dot , พิมพ์เหลื่อม",Minor,4
QC26070118,"12327 , 11020 , 11008 , 12308","พิมพ์บาง/Printing too thin , สีไม่ตรง STD./Color off Standard , รอยขีด/Scratch mark , พิมพ์เหลื่อม",Minor,3
QC26070118,"12309 , 11020 , 11008 , 12308","พิมพ์บาง/Printing too thin , สีไม่ตรง STD./Color off Standard , จุดดำ/Black dot , พิมพ์เหลื่อม",Minor,3
QC26070118,"12304 , 11020 , 11008 , 12308","พิมพ์บาง/Printing too thin , ถลอก/ Peeling , สีไม่ตรง STD./Color off Standard , พิมพ์เหลื่อม",Minor,1
QC26070119,12308,สีไม่ตรง STD./Color off Standard,Minor,582
QC26070119,"12318 , 12308","สีไม่ตรง STD./Color off Standard , รอยเส้น/Trace mark",Minor,18
QC26070119,"12301 , 12308","สีไม่ตรง STD./Color off Standard , รอยด่าง/stain spot",Minor,7
QC26070119,"12358 , 12308","สีไม่ตรง STD./Color off Standard , เป็นรู/Hole present",Minor,15
QC26070119,"12308 , 12309","สีไม่ตรง STD./Color off Standard , จุดดำ/Black dot",Minor,5
QC26070119,"12312 , 12308","สีไม่ตรง STD./Color off Standard , คราบสกปรก/Dirty",Minor,2
QC26070119,"12321 , 12308","สีไม่ตรง STD./Color off Standard , มีเศษพลาสติกยื่น/ Plastic burr",Minor,1
QC26070119,"12310 , 12308","สีไม่ตรง STD./Color off Standard , ฝุ่น/Dust",Minor,10
QC26070120,12308,สีไม่ตรง STD./Color off Standard,Minor,272
QC26070120,"12354 , 12308","สีไม่ตรง STD./Color off Standard , โฟมเด้ง/Foam rebound",Minor,27
QC26070120,"12122 , 12308","ยับ/ Wrinkled , สีไม่ตรง STD./Color off Standard",Minor,8
QC26070120,"12304 , 12308","ถลอก/ Peeling , สีไม่ตรง STD./Color off Standard",Minor,5
QC26070120,"12309 , 12308","สีไม่ตรง STD./Color off Standard , จุดดำ/Black dot",Minor,3
QC26070121,12308,สีไม่ตรง STD./Color off Standard,Minor,280
QC26070121,"12309 , 12308","สีไม่ตรง STD./Color off Standard , จุดดำ/Black dot",Minor,9
QC26070121,"12305 , 12308","บุบ/Dent , สีไม่ตรง STD./Color off Standard",Minor,5
QC26070121,"12312 , 12308","สีไม่ตรง STD./Color off Standard , คราบสกปรก/Dirty",Minor,5
QC26070121,"12345 , 12308","สีไม่ตรง STD./Color off Standard , รอยโมล/Mold mark",Minor,6
QC26070121,"11010 , 12308","พิมพ์แตก/Printing cracked , สีไม่ตรง STD./Color off Standard",Minor,3
QC26070121,"12306 , 12308","ร้าว/crack , สีไม่ตรง STD./Color off Standard",Major,1
QC26070121,"11009 , 12308","พิมพ์ถลอก/Printing peeling , สีไม่ตรง STD./Color off Standard",Minor,1
QC26070122,12308,สีไม่ตรง STD./Color off Standard,Minor,153
QC26070122,"12304 , 12308","ถลอก/ Peeling , สีไม่ตรง STD./Color off Standard",Minor,7
QC26070122,"12327 , 12308","สีไม่ตรง STD./Color off Standard , รอยขีด/Scratch mark",Minor,6
QC26070122,"12309 , 12308","สีไม่ตรง STD./Color off Standard , จุดดำ/Black dot",Minor,5
QC26070122,"12301 , 12308","รอยด่าง/stain spot , สีไม่ตรง STD./Color off Standard",Minor,4
QC26070122,"12321 , 12308","สีไม่ตรง STD./Color off Standard , มีเศษพลาสติกยื่น/ Plastic burr",Minor,1
QC26070122,"12310 , 12308","สีไม่ตรง STD./Color off Standard , ฝุ่น/Dust",Minor,24
QC26070123,12308,สีไม่ตรง STD./Color off Standard,Minor,194
QC26070123,"12312 , 12308","สีไม่ตรง STD./Color off Standard , คราบสกปรก/Dirty",Minor,4
QC26070123,"12367 , 12308","สีไม่ตรง STD./Color off Standard , รอยกดทับ/Pressure marks",Minor,2
QC26070124,12308,สีไม่ตรง STD./Color off Standard,Minor,278
QC26070124,"11018 , 12308","พิมพ์ไม่สม่ำเสมอ/Uneven printing , สีไม่ตรง STD./Color off Standard",Minor,18
QC26070124,"12367 , 12308","สีไม่ตรง STD./Color off Standard , รอยกดทับ/Pressure marks",Minor,7
QC26070124,"12358 , 12308","สีไม่ตรง STD./Color off Standard , เป็นรู/Hole present",Minor,6
QC26070124,"12312 , 12308","สีไม่ตรง STD./Color off Standard , คราบสกปรก/Dirty",Minor,2
QC26070124,"12310 , 12308","สีไม่ตรง STD./Color off Standard , ฝุ่น/Dust",Minor,2
QC26070124,"12307 , 12308","แตก/broken , สีไม่ตรง STD./Color off Standard",Minor,1
QC26070124,"12339 , 12308","สีไม่ตรง STD./Color off Standard , ไม่เหมือน STD./ not same STD.",Minor,1
QC26070125,12308,สีไม่ตรง STD./Color off Standard,Minor,200
QC26070126,12308,สีไม่ตรง STD./Color off Standard,Major,200
QC26070127,12324,เสียรูปทรง/Deformation,Minor,25
QC26070128,"12309 , 12308","สีไม่ตรง STD./Color off Standard , จุดดำ/Black dot",Minor,18
QC26070128,12308,สีไม่ตรง STD./Color off Standard,Minor,31
QC26070129,12308,สีไม่ตรง STD./Color off Standard,Minor,596
QC26070129,"12308 , 12321","สีไม่ตรง STD./Color off Standard , มีเศษพลาสติกยื่น/ Plastic burr",Minor,15
QC26070129,"12308 , 12312","สีไม่ตรง STD./Color off Standard , คราบสกปรก/Dirty",Minor,8
QC26070129,"12308 , 12309","สีไม่ตรง STD./Color off Standard , จุดดำ/Black dot",Minor,8
QC26070130,12308,สีไม่ตรง STD./Color off Standard,Minor,559
QC26070130,"12318 , 12308","สีไม่ตรง STD./Color off Standard , รอยเส้น/Trace mark",Minor,18
QC26070130,"12358 , 12308","สีไม่ตรง STD./Color off Standard , เป็นรู/Hole present",Minor,15
QC26070130,"12327 , 12308","สีไม่ตรง STD./Color off Standard , รอยขีด/Scratch mark",Minor,6
QC26070130,"12304 , 12308","ถลอก/ Peeling , สีไม่ตรง STD./Color off Standard",Minor,5
QC26070130,"12309 , 12308","สีไม่ตรง STD./Color off Standard , จุดดำ/Black dot",Minor,5
QC26070130,"12332 , 12308","สีไม่ตรง STD./Color off Standard , ประกายเงิน/ Silver streak",Minor,3
QC26070130,"12308 , 12301","รอยด่าง/stain spot , สีไม่ตรง STD./Color off Standard",Minor,2
QC26070130,"12308 , 12312","สีไม่ตรง STD./Color off Standard , คราบสกปรก/Dirty",Minor,1
QC26070130,"12308 , 12341","สีไม่ตรง STD./Color off Standard , เปื้อนสี / Color stain",Minor,2
QC26070130,"11010 , 12308","พิมพ์แตก/Printing cracked , สีไม่ตรง STD./Color off Standard",Minor,1
QC26070130,"12310 , 12308","สีไม่ตรง STD./Color off Standard , ฝุ่น/Dust",Minor,13
QC26070131,12308,สีไม่ตรง STD./Color off Standard,Minor,17
QC26070131,"12309 , 12308","สีไม่ตรง STD./Color off Standard , จุดดำ/Black dot",Minor,3
QC26070131,"12312 , 12308","สีไม่ตรง STD./Color off Standard , คราบสกปรก/Dirty",Minor,2
QC26070131,"12301 , 12308","รอยด่าง/stain spot , สีไม่ตรง STD./Color off Standard",Minor,1
QC26070131,"12332 , 12308","สีไม่ตรง STD./Color off Standard , ประกายเงิน/ Silver streak",Minor,1
QC26070132,12308,สีไม่ตรง STD./Color off Standard,Minor,605
QC26070132,"12349 , 12308","สีไม่ตรง STD./Color off Standard , เอียง/Slanted",Minor,3
QC26070132,"12363 , 12308","สีไม่ตรง STD./Color off Standard , ตัดไม่ขาด/ผิวไม่เรียบ/ Incomplete cutting / Rough surface",Minor,5
QC26070132,"12308 , 12306","ร้าว/crack , สีไม่ตรง STD./Color off Standard",Major,3
QC26070132,"12308 , 12309","สีไม่ตรง STD./Color off Standard , จุดดำ/Black dot",Minor,4
QC26070132,"12308 , 12310","สีไม่ตรง STD./Color off Standard , ฝุ่น/Dust",Minor,2
QC26070132,"11009 , 12308","พิมพ์ถลอก/Printing peeling , สีไม่ตรง STD./Color off Standard",Minor,1
QC26070132,"12308 , 12332","สีไม่ตรง STD./Color off Standard , ประกายเงิน/ Silver streak",Minor,4
QC26070132,"12315 , 12308","สีไม่ตรง STD./Color off Standard , ฟองอากาศ/Bubble",Minor,1
QC26070132,"12374 , 12308","สีไม่ตรง STD./Color off Standard , แมลง",Critical,1
QC26070132,"12356 , 12308","สีไม่ตรง STD./Color off Standard , เส้นผม/Hair contamination",Critical,1
QC26070133,12308,สีไม่ตรง STD./Color off Standard,Minor,259
QC26070133,"12309 , 12308","สีไม่ตรง STD./Color off Standard , จุดดำ/Black dot",Minor,39
QC26070133,"12301 , 12308","รอยด่าง/stain spot , สีไม่ตรง STD./Color off Standard",Minor,7
QC26070133,"12341 , 12308","สีไม่ตรง STD./Color off Standard , เปื้อนสี / Color stain",Minor,5
QC26070133,"12312 , 12308","สีไม่ตรง STD./Color off Standard , คราบสกปรก/Dirty",Minor,2
QC26070133,"12332 , 12308","สีไม่ตรง STD./Color off Standard , ประกายเงิน/ Silver streak",Minor,2
QC26070133,"12304 , 12308","ถลอก/ Peeling , สีไม่ตรง STD./Color off Standard",Minor,1
QC26070134,12308,สีไม่ตรง STD./Color off Standard,Minor,13
QC26070134,"12309 , 12308","สีไม่ตรง STD./Color off Standard , จุดดำ/Black dot",Minor,6
QC26070134,"12341 , 12308","สีไม่ตรง STD./Color off Standard , เปื้อนสี / Color stain",Minor,4
QC26070134,"12332 , 12308","สีไม่ตรง STD./Color off Standard , ประกายเงิน/ Silver streak",Minor,1
QC26070135,12308,สีไม่ตรง STD./Color off Standard,Minor,263
QC26070135,"12309 , 12308","สีไม่ตรง STD./Color off Standard , จุดดำ/Black dot",Minor,36
QC26070135,"12301 , 12308","รอยด่าง/stain spot , สีไม่ตรง STD./Color off Standard",Minor,6
QC26070135,"12341 , 12308","สีไม่ตรง STD./Color off Standard , เปื้อนสี / Color stain",Minor,5
QC26070135,"12332 , 12308","สีไม่ตรง STD./Color off Standard , ประกายเงิน/ Silver streak",Minor,3
QC26070135,"12312 , 12308","สีไม่ตรง STD./Color off Standard , คราบสกปรก/Dirty",Minor,2
QC26070136,12308,สีไม่ตรง STD./Color off Standard,Minor,10
QC26070136,"12309 , 12308","สีไม่ตรง STD./Color off Standard , จุดดำ/Black dot",Minor,11
QC26070136,"12301 , 12308","รอยด่าง/stain spot , สีไม่ตรง STD./Color off Standard",Minor,1
QC26070136,"12312 , 12308","สีไม่ตรง STD./Color off Standard , คราบสกปรก/Dirty",Minor,1
QC26070136,"12358 , 12308","สีไม่ตรง STD./Color off Standard , เป็นรู/Hole present",Minor,1
QC26070137,12308,สีไม่ตรง STD./Color off Standard,Minor,164
QC26070137,"12309 , 12308","สีไม่ตรง STD./Color off Standard , จุดดำ/Black dot",Minor,24
QC26070137,"12341 , 12308","สีไม่ตรง STD./Color off Standard , เปื้อนสี / Color stain",Minor,4
QC26070137,"12301 , 12308","รอยด่าง/stain spot , สีไม่ตรง STD./Color off Standard",Minor,3
QC26070137,"12312 , 12308","สีไม่ตรง STD./Color off Standard , คราบสกปรก/Dirty",Minor,2
QC26070137,"12304 , 12308","ถลอก/ Peeling , สีไม่ตรง STD./Color off Standard",Minor,1
QC26070137,"12358 , 12308","สีไม่ตรง STD./Color off Standard , เป็นรู/Hole present",Minor,1
QC26070137,"12332 , 12308","สีไม่ตรง STD./Color off Standard , ประกายเงิน/ Silver streak",Minor,1
QC26070138,12308,สีไม่ตรง STD./Color off Standard,Minor,270
QC26070138,"12309 , 12308","สีไม่ตรง STD./Color off Standard , จุดดำ/Black dot",Minor,33
QC26070138,"12301 , 12308","รอยด่าง/stain spot , สีไม่ตรง STD./Color off Standard",Minor,4
QC26070138,"12341 , 12308","สีไม่ตรง STD./Color off Standard , เปื้อนสี / Color stain",Minor,3
QC26070138,"12304 , 12308","ถลอก/ Peeling , สีไม่ตรง STD./Color off Standard",Minor,2
QC26070138,"12310 , 12308","สีไม่ตรง STD./Color off Standard , ฝุ่น/Dust",Minor,2
QC26070138,"12312 , 12308","สีไม่ตรง STD./Color off Standard , คราบสกปรก/Dirty",Minor,1
QC26070139,12308,สีไม่ตรง STD./Color off Standard,Minor,9
QC26070139,"12309 , 12308","สีไม่ตรง STD./Color off Standard , จุดดำ/Black dot",Minor,4
QC26070139,"12358 , 12308","สีไม่ตรง STD./Color off Standard , เป็นรู/Hole present",Minor,3
QC26070139,"12340 , 12308","สีไม่ตรง STD./Color off Standard , เปื้อนตัวยา / Bulk stain",Minor,3
QC26070139,"12304 , 12308","ถลอก/ Peeling , สีไม่ตรง STD./Color off Standard",Minor,1
QC26070140,12308,สีไม่ตรง STD./Color off Standard,Minor,387
QC26070140,"12309 , 12308","สีไม่ตรง STD./Color off Standard , จุดดำ/Black dot",Minor,3
QC26070140,"12301 , 12308","รอยด่าง/stain spot , สีไม่ตรง STD./Color off Standard",Minor,4
QC26070140,"12312 , 12308","สีไม่ตรง STD./Color off Standard , คราบสกปรก/Dirty",Minor,4
QC26070140,"12327 , 12308","สีไม่ตรง STD./Color off Standard , รอยขีด/Scratch mark",Minor,2
QC26070142,12308,สีไม่ตรง STD./Color off Standard,Minor,273
QC26070142,"12308 , 12309","สีไม่ตรง STD./Color off Standard , จุดดำ/Black dot",Minor,8
QC26070142,"12308 , 12313","สีไม่ตรง STD./Color off Standard , เป็นเม็ด/Dot",Minor,2
QC26070142,"12308 , 12321","สีไม่ตรง STD./Color off Standard , มีเศษพลาสติกยื่น/ Plastic burr",Minor,1
QC26070142,"12308 , 12341","สีไม่ตรง STD./Color off Standard , เปื้อนสี / Color stain",Minor,1
QC26070142,"12308 , 12304","สีไม่ตรง STD./Color off Standard , ถลอก/ Peeling",Major,1
QC26070142,"12310 , 12308","สีไม่ตรง STD./Color off Standard , ฝุ่น/Dust",Minor,1
QC26070142,"12308 , 12127","ประกอบไม่สนิท / Assembly incomplete , สีไม่ตรง STD./Color off Standard",Minor,1
QC26070142,"12310 , 12308","สีไม่ตรง STD./Color off Standard , ฝุ่น/Dust",Minor,27
QC26070143,12308,สีไม่ตรง STD./Color off Standard,Major,305
QC26070144,12309,จุดดำ/Black dot,Minor,10
QC26070144,12304,ถลอก/ Peeling,Major,3
QC26070144,12341,เปื้อนสี / Color stain,Major,1
QC26070144,12327,รอยขีด/Scratch mark,Minor,3
QC26070145,12310,ฝุ่น/Dust,Minor,594
QC26070145,12304,ถลอก/ Peeling,Minor,32
QC26070145,12327,รอยขีด/Scratch mark,Minor,1
QC26070145,12309,จุดดำ/Black dot,Minor,3
QC26070146,12309,จุดดำ/Black dot,Minor,7
QC26070146,12341,เปื้อนสี / Color stain,Minor,1
QC26070146,12304,ถลอก/ Peeling,Minor,4
QC26070146,12327,รอยขีด/Scratch mark,Minor,2
QC26070146,12310,ฝุ่น/Dust,Minor,616
QC26070147,"12308 , 12339","สีไม่ตรง STD./Color off Standard , ไม่เหมือน STD./ not same STD.",Minor,500
QC26070152,12327,รอยขีด/Scratch mark,Minor,8
QC26070152,12313,เป็นเม็ด/Dot,Minor,5
QC26070152,12372,โดนความร้อน/Heat mark,Minor,1
QC26070152,12321,มีเศษพลาสติกยื่น/ Plastic burr,Minor,1
QC26070153,"12308 , 11008","พิมพ์บาง/Printing too thin , สีไม่ตรง STD./Color off Standard",Minor,150
QC26070153,"12308 , 11010 , 11008","พิมพ์บาง/Printing too thin , พิมพ์แตก/Printing cracked , สีไม่ตรง STD./Color off Standard",Minor,21
QC26070153,"12313 , 12308 , 11008","พิมพ์บาง/Printing too thin , สีไม่ตรง STD./Color off Standard , เป็นเม็ด/Dot",Minor,18
QC26070153,"12309 , 12308 , 11008","พิมพ์บาง/Printing too thin , สีไม่ตรง STD./Color off Standard , จุดดำ/Black dot",Minor,5
QC26070153,"12327 , 12308 , 11008","พิมพ์บาง/Printing too thin , สีไม่ตรง STD./Color off Standard , รอยขีด/Scratch mark",Minor,3
QC26070153,"12308 , 12310 , 11008","พิมพ์บาง/Printing too thin , สีไม่ตรง STD./Color off Standard , ฝุ่น/Dust",Minor,1
QC26070153,"12308 , 12346 , 11008","พิมพ์บาง/Printing too thin , สีไม่ตรง STD./Color off Standard , คราบกาว/Glue stain",Minor,1
QC26070153,"12308 , 12312 , 11008","พิมพ์บาง/Printing too thin , สีไม่ตรง STD./Color off Standard , คราบสกปรก/Dirty",Minor,1
QC26070155,12308,สีไม่ตรง STD./Color off Standard,Minor,288
QC26070155,"12309 , 12308","สีไม่ตรง STD./Color off Standard , จุดดำ/Black dot",Minor,26
QC26070155,"12310 , 12308","สีไม่ตรง STD./Color off Standard , ฝุ่น/Dust",Minor,1
QC26070156,12312,คราบสกปรก/Dirty,Minor,7
QC26070157,12304,ถลอก/ Peeling,Minor,24
QC26070157,12327,รอยขีด/Scratch mark,Minor,6
QC26070157,12310,ฝุ่น/Dust,Minor,3
QC26070157,12309,จุดดำ/Black dot,Minor,1
QC26070158,12308,สีไม่ตรง STD./Color off Standard,Major,403
QC26070158,"11010 , 12308","พิมพ์แตก/Printing cracked , สีไม่ตรง STD./Color off Standard",Minor,57
QC26070158,"12305 , 12308","บุบ/Dent , สีไม่ตรง STD./Color off Standard",Minor,21
QC26070158,"12309 , 12308","สีไม่ตรง STD./Color off Standard , จุดดำ/Black dot",Minor,9
QC26070158,"11009 , 12308","พิมพ์ถลอก/Printing peeling , สีไม่ตรง STD./Color off Standard",Minor,5
QC26070158,"12312 , 12308","สีไม่ตรง STD./Color off Standard , คราบสกปรก/Dirty",Minor,3
QC26070158,"12321 , 12308","สีไม่ตรง STD./Color off Standard , มีเศษพลาสติกยื่น/ Plastic burr",Minor,1
QC26070158,"12341 , 12308","สีไม่ตรง STD./Color off Standard , เปื้อนสี / Color stain",Minor,1
QC26070159,"12308 , 15308","สีไม่ตรง STD./Color off Standard , สีไม่ตรง STD./Color off Standard",Minor,444
QC26070159,"12312 , 12308 , 15308","สีไม่ตรง STD./Color off Standard , คราบสกปรก/Dirty , สีไม่ตรง STD./Color off Standard",Minor,26
QC26070159,"12309 , 12308 , 15308","สีไม่ตรง STD./Color off Standard , จุดดำ/Black dot , สีไม่ตรง STD./Color off Standard",Minor,24
QC26070160,11020,พิมพ์เหลื่อม,Minor,370
QC26070159,"12340 , 12308 , 15308","สีไม่ตรง STD./Color off Standard , เปื้อนตัวยา / Bulk stain , สีไม่ตรง STD./Color off Standard",Minor,6
QC26070160,12309,จุดดำ/Black dot,Minor,26
QC26070159,"12356 , 12308 , 15308","สีไม่ตรง STD./Color off Standard , เส้นผม/Hair contamination , สีไม่ตรง STD./Color off Standard",Critical,1
QC26070160,12304,ถลอก/ Peeling,Minor,4
QC26070159,"12310 , 12308 , 15308","สีไม่ตรง STD./Color off Standard , ฝุ่น/Dust , สีไม่ตรง STD./Color off Standard",Minor,20
QC26070161,12308,สีไม่ตรง STD./Color off Standard,Minor,241
QC26070161,"12321 , 12308","สีไม่ตรง STD./Color off Standard , มีเศษพลาสติกยื่น/ Plastic burr",Minor,44
QC26070161,"12372 , 12308","สีไม่ตรง STD./Color off Standard , โดนความร้อน/Heat mark",Minor,27
QC26070161,"12309 , 12308","สีไม่ตรง STD./Color off Standard , จุดดำ/Black dot",Minor,2
QC26070161,"12312 , 12308","สีไม่ตรง STD./Color off Standard , คราบสกปรก/Dirty",Minor,1
QC26070162,12308,สีไม่ตรง STD./Color off Standard,Minor,224
QC26070162,"12339 , 12308","สีไม่ตรง STD./Color off Standard , ไม่เหมือน STD./ not same STD.",Minor,46
QC26070162,"12349 , 12308","สีไม่ตรง STD./Color off Standard , เอียง/Slanted",Minor,21
QC26070162,"12107 , 12308","ประกอบไม่สุด/Assembly not complete , สีไม่ตรง STD./Color off Standard",Minor,10
QC26070162,"12309 , 12308","สีไม่ตรง STD./Color off Standard , จุดดำ/Black dot",Minor,10
QC26070162,"12312 , 12308","สีไม่ตรง STD./Color off Standard , คราบสกปรก/Dirty",Minor,2
QC26070162,"12327 , 12308","สีไม่ตรง STD./Color off Standard , รอยขีด/Scratch mark",Minor,1
QC26070162,"12119 , 12308","หลุด/ Detached , สีไม่ตรง STD./Color off Standard",Major,1
QC26080001,"12308 , 11020","สีไม่ตรง STD./Color off Standard , พิมพ์เหลื่อม",Minor,916
QC26080001,"12301 , 12308 , 11020","สีไม่ตรง STD./Color off Standard , พิมพ์เหลื่อม , รอยด่าง/stain spot",Minor,51
QC26080001,"12349 , 12308 , 11020","สีไม่ตรง STD./Color off Standard , พิมพ์เหลื่อม , เอียง/Slanted",Minor,27
QC26080001,"12304 , 12308 , 11020","สีไม่ตรง STD./Color off Standard , พิมพ์เหลื่อม , ถลอก/ Peeling",Minor,2
QC26080001,"12312 , 12308 , 11020","สีไม่ตรง STD./Color off Standard , พิมพ์เหลื่อม , คราบสกปรก/Dirty",Minor,2
QC26080001,"12107 , 12308 , 11020","สีไม่ตรง STD./Color off Standard , ประกอบไม่สุด/Assembly not complete , พิมพ์เหลื่อม",Minor,1
QC26080001,"12309 , 12308 , 11020","สีไม่ตรง STD./Color off Standard , จุดดำ/Black dot , พิมพ์เหลื่อม",Minor,1
QC26080002,"12308 , 15308","สีไม่ตรง STD./Color off Standard , สีไม่ตรง STD./Color off Standard",Minor,574
QC26080002,"15349 , 12340 , 12308","สีไม่ตรง STD./Color off Standard , เปื้อนตัวยา / Bulk stain , เอียง/Slanted",Minor,31
QC26080002,"15363 , 12308","สีไม่ตรง STD./Color off Standard , ตัดไม่ขาด/ผิวไม่เรียบ/ Incomplete cutting / Rough surface",Minor,8
QC26080002,"12313 , 12308","สีไม่ตรง STD./Color off Standard , เป็นเม็ด/Dot",Minor,5
QC26080002,"11007 , 12308","พิมพ์หนา/Printing too thick , สีไม่ตรง STD./Color off Standard",Minor,3
QC26080002,"12358 , 12308","สีไม่ตรง STD./Color off Standard , เป็นรู/Hole present",Minor,2
QC26080002,"12324 , 12308","สีไม่ตรง STD./Color off Standard , เสียรูปทรง/Deformation",Minor,2
QC26080002,"12309 , 12308","สีไม่ตรง STD./Color off Standard , จุดดำ/Black dot",Minor,2
QC26080002,"12304 , 12308","ถลอก/ Peeling , สีไม่ตรง STD./Color off Standard",Minor,1
QC26080002,"11009 , 12308","พิมพ์ถลอก/Printing peeling , สีไม่ตรง STD./Color off Standard",Minor,1
QC26080002,"12327 , 12308","สีไม่ตรง STD./Color off Standard , รอยขีด/Scratch mark",Minor,1
QC26070164,12308,สีไม่ตรง STD./Color off Standard,Minor,283
QC26070164,"12324 , 12308","สีไม่ตรง STD./Color off Standard , เสียรูปทรง/Deformation",Major,10
QC26070164,"12312 , 12308","สีไม่ตรง STD./Color off Standard , คราบสกปรก/Dirty",Minor,8
QC26070164,"12309 , 12308","สีไม่ตรง STD./Color off Standard , จุดดำ/Black dot",Minor,6
QC26070164,"11009 , 12308","พิมพ์ถลอก/Printing peeling , สีไม่ตรง STD./Color off Standard",Minor,5
QC26070164,"12340 , 12308","สีไม่ตรง STD./Color off Standard , เปื้อนตัวยา / Bulk stain",Minor,2
QC26070164,"12119 , 12308","หลุด/ Detached , สีไม่ตรง STD./Color off Standard",Minor,1
QC26070164,"12356 , 12308","สีไม่ตรง STD./Color off Standard , เส้นผม/Hair contamination",Critical,1
QC26070165,12308,สีไม่ตรง STD./Color off Standard,Minor,256
QC26070165,"12308 , 12309","สีไม่ตรง STD./Color off Standard , จุดดำ/Black dot",Minor,34
QC26070165,"12308 , 12312","สีไม่ตรง STD./Color off Standard , คราบสกปรก/Dirty",Minor,8
QC26070165,"12308 , 12304","ถลอก/ Peeling , สีไม่ตรง STD./Color off Standard",Minor,6
QC26070165,"12308 , 12301","รอยด่าง/stain spot , สีไม่ตรง STD./Color off Standard",Minor,5
QC26070165,"12308 , 12341","สีไม่ตรง STD./Color off Standard , เปื้อนสี / Color stain",Minor,5
QC26070165,"12356 , 12308","สีไม่ตรง STD./Color off Standard , เส้นผม/Hair contamination",Critical,1
QC26070165,"12305 , 12308","บุบ/Dent , สีไม่ตรง STD./Color off Standard",Minor,1
QC26070166,12308,สีไม่ตรง STD./Color off Standard,Minor,141
QC26070166,"12309 , 12308","สีไม่ตรง STD./Color off Standard , จุดดำ/Black dot",Minor,27
QC26070166,"12301 , 12308","รอยด่าง/stain spot , สีไม่ตรง STD./Color off Standard",Minor,24
QC26070166,"12312 , 12308","สีไม่ตรง STD./Color off Standard , คราบสกปรก/Dirty",Minor,3
QC26070166,"12341 , 12308","สีไม่ตรง STD./Color off Standard , เปื้อนสี / Color stain",Minor,2
QC26070166,"12310 , 12308","สีไม่ตรง STD./Color off Standard , ฝุ่น/Dust",Minor,2
QC26070166,"12304 , 12308","ถลอก/ Peeling , สีไม่ตรง STD./Color off Standard",Minor,1
QC26070167,12308,สีไม่ตรง STD./Color off Standard,Minor,154
QC26070167,"12301 , 12308","รอยด่าง/stain spot , สีไม่ตรง STD./Color off Standard",Minor,27
QC26070167,"12309 , 12308","สีไม่ตรง STD./Color off Standard , จุดดำ/Black dot",Minor,9
QC26070167,"12304 , 12308","ถลอก/ Peeling , สีไม่ตรง STD./Color off Standard",Minor,3
QC26070167,"12341 , 12308","สีไม่ตรง STD./Color off Standard , เปื้อนสี / Color stain",Minor,2
QC26070167,"12312 , 12308","สีไม่ตรง STD./Color off Standard , คราบสกปรก/Dirty",Minor,2
QC26070167,"12327 , 12308","สีไม่ตรง STD./Color off Standard , รอยขีด/Scratch mark",Minor,2
QC26070167,"12310 , 12308","สีไม่ตรง STD./Color off Standard , ฝุ่น/Dust",Minor,1
QC26070168,"12308 , 12309","สีไม่ตรง STD./Color off Standard , จุดดำ/Black dot",Minor,31
QC26070168,"12101 , 12308","สีไม่ตรง STD./Color off Standard , หมุนลงไม่สุด/Cannot rotate fully",Minor,38
QC26070168,"12358 , 12308","สีไม่ตรง STD./Color off Standard , เป็นรู/Hole present",Minor,26
QC26070168,"12304 , 12308","สีไม่ตรง STD./Color off Standard , ถลอก/ Peeling",Minor,4
QC26070168,"12312 , 12308","สีไม่ตรง STD./Color off Standard , คราบสกปรก/Dirty",Minor,3
QC26070168,"12341 , 12308","สีไม่ตรง STD./Color off Standard , เปื้อนสี / Color stain",Minor,3
QC26070168,"12301 , 12308","สีไม่ตรง STD./Color off Standard , รอยด่าง/stain spot",Minor,3
QC26070169,12308,สีไม่ตรง STD./Color off Standard,Minor,414
QC26070169,"12321 , 12308","สีไม่ตรง STD./Color off Standard , มีเศษพลาสติกยื่น/ Plastic burr",Minor,43
QC26070169,"12339 , 12308","สีไม่ตรง STD./Color off Standard , ไม่เหมือน STD./ not same STD.",Minor,31
QC26070169,"12309 , 12308","สีไม่ตรง STD./Color off Standard , จุดดำ/Black dot",Minor,6
QC26070169,"12312 , 12308","สีไม่ตรง STD./Color off Standard , คราบสกปรก/Dirty",Minor,4
QC26070169,"12107 , 12308","ประกอบไม่สุด/Assembly not complete , สีไม่ตรง STD./Color off Standard",Minor,1
QC26070169,"12338 , 12308","สีไม่ตรง STD./Color off Standard , ขาด / missing",Minor,1
QC26070170,12120,ห่าง/Gap,Minor,48
QC26070170,12127,ประกอบไม่สนิท / Assembly incomplete,Minor,5
QC26070170,12312,คราบสกปรก/Dirty,Minor,3
QC26070170,12309,จุดดำ/Black dot,Minor,2
QC26070170,12309,จุดดำ/Black dot,Minor,2
QC26070170,12313,เป็นเม็ด/Dot,Minor,1
QC26070170,12310,ฝุ่น/Dust,Major,1
QC26070170,12341,เปื้อนสี / Color stain,Minor,1
QC26070170,12306,ร้าว/crack,Major,1
QC26070171,"12308 , 15308","สีไม่ตรง STD./Color off Standard , สีไม่ตรง STD./Color off Standard",Minor,584
QC26070171,"12313 , 12308","สีไม่ตรง STD./Color off Standard , เป็นเม็ด/Dot",Minor,35
QC26070171,"12304 , 12308","ถลอก/ Peeling , สีไม่ตรง STD./Color off Standard",Minor,5
QC26070171,"12305 , 12308","บุบ/Dent , สีไม่ตรง STD./Color off Standard",Minor,2
QC26070171,"11009 , 12308","พิมพ์ถลอก/Printing peeling , สีไม่ตรง STD./Color off Standard",Minor,1
QC26070171,"12341 , 12308","สีไม่ตรง STD./Color off Standard , เปื้อนสี / Color stain",Minor,1
QC26070171,"12340 , 12308","สีไม่ตรง STD./Color off Standard , เปื้อนตัวยา / Bulk stain",Minor,1
QC26070171,"12318 , 12308","สีไม่ตรง STD./Color off Standard , รอยเส้น/Trace mark",Minor,1
QC26070172,"15308 , 12308","สีไม่ตรง STD./Color off Standard , สีไม่ตรง STD./Color off Standard",Minor,592
QC26070172,"12313 , 12308","สีไม่ตรง STD./Color off Standard , เป็นเม็ด/Dot",Minor,27
QC26070172,"12305 , 12308","บุบ/Dent , สีไม่ตรง STD./Color off Standard",Minor,5
QC26070172,"12308 , 12346","สีไม่ตรง STD./Color off Standard , คราบกาว/Glue stain",Minor,2
QC26070172,"12308 , 12304","ถลอก/ Peeling , สีไม่ตรง STD./Color off Standard",Minor,2
QC26070172,"12312 , 12308","สีไม่ตรง STD./Color off Standard , คราบสกปรก/Dirty",Minor,1
QC26070172,"12309 , 12308","สีไม่ตรง STD./Color off Standard , จุดดำ/Black dot",Minor,1
QC26070173,"12308 , 15308","สีไม่ตรง STD./Color off Standard , สีไม่ตรง STD./Color off Standard",Minor,240
QC26070173,"12308 , 12312","สีไม่ตรง STD./Color off Standard , คราบสกปรก/Dirty",Minor,37
QC26070173,"12309 , 12308","สีไม่ตรง STD./Color off Standard , จุดดำ/Black dot",Minor,26
QC26070173,"12340 , 12308","สีไม่ตรง STD./Color off Standard , เปื้อนตัวยา / Bulk stain",Minor,7
QC26070173,"11009 , 12308","พิมพ์ถลอก/Printing peeling , สีไม่ตรง STD./Color off Standard",Minor,4
QC26070173,"12308 , 11374","แมลง/Insect , สีไม่ตรง STD./Color off Standard",Critical,1
QC26070174,12308,สีไม่ตรง STD./Color off Standard,Minor,365
QC26070174,"12308 , 12313","สีไม่ตรง STD./Color off Standard , เป็นเม็ด/Dot",Minor,24
QC26070174,"12340 , 12308","สีไม่ตรง STD./Color off Standard , เปื้อนตัวยา / Bulk stain",Minor,5
QC26070174,"12304 , 12308","ถลอก/ Peeling , สีไม่ตรง STD./Color off Standard",Minor,4
QC26070174,"12305 , 12308","บุบ/Dent , สีไม่ตรง STD./Color off Standard",Minor,1
QC26070174,"12346 , 12308","สีไม่ตรง STD./Color off Standard , คราบกาว/Glue stain",Minor,1
QC26070175,"12308 , 11010","พิมพ์แตก/Printing cracked , สีไม่ตรง STD./Color off Standard",Minor,553
QC26070175,"12309 , 12308 , 11010","พิมพ์แตก/Printing cracked , สีไม่ตรง STD./Color off Standard , จุดดำ/Black dot",Minor,33
QC26070175,"11009 , 12308 , 11010","พิมพ์ถลอก/Printing peeling , พิมพ์แตก/Printing cracked , สีไม่ตรง STD./Color off Standard",Minor,4
QC26070175,"12327 , 12308 , 11010","พิมพ์แตก/Printing cracked , สีไม่ตรง STD./Color off Standard , รอยขีด/Scratch mark",Minor,3
QC26070175,"12301 , 12308 , 11010","พิมพ์แตก/Printing cracked , รอยด่าง/stain spot , สีไม่ตรง STD./Color off Standard",Minor,2
QC26070175,"12310 , 12308 , 11010","พิมพ์แตก/Printing cracked , สีไม่ตรง STD./Color off Standard , ฝุ่น/Dust",Minor,35
QC26080004,12308,สีไม่ตรง STD./Color off Standard,Minor,360
QC26080004,"12308 , 12309","สีไม่ตรง STD./Color off Standard , จุดดำ/Black dot",Minor,6
QC26080004,"12308 , 12312","สีไม่ตรง STD./Color off Standard , คราบสกปรก/Dirty",Minor,29
QC26080004,"12304 , 12308","ถลอก/ Peeling , สีไม่ตรง STD./Color off Standard",Minor,3
QC26080004,"12340 , 12308","สีไม่ตรง STD./Color off Standard , เปื้อนตัวยา / Bulk stain",Minor,1
QC26080004,"11374 , 12308","แมลง/Insect , สีไม่ตรง STD./Color off Standard",Minor,1
QC26070176,11020,พิมพ์เหลื่อม,Minor,280
QC26070176,12309,จุดดำ/Black dot,Minor,33
QC26070176,12341,เปื้อนสี / Color stain,Minor,1
QC26070176,12312,คราบสกปรก/Dirty,Minor,1
QC26080006,12308,สีไม่ตรง STD./Color off Standard,Minor,298
QC26080006,"12309 , 12308","สีไม่ตรง STD./Color off Standard , จุดดำ/Black dot",Minor,5
QC26080006,"12304 , 12308","ถลอก/ Peeling , สีไม่ตรง STD./Color off Standard",Minor,4
QC26080006,"12313 , 12308","สีไม่ตรง STD./Color off Standard , เป็นเม็ด/Dot",Minor,2
QC26080006,"12301 , 12308","รอยด่าง/stain spot , สีไม่ตรง STD./Color off Standard",Minor,2
QC26080006,"12313 , 12308","สีไม่ตรง STD./Color off Standard , เป็นเม็ด/Dot",Minor,1
QC26080006,"12341 , 12308","สีไม่ตรง STD./Color off Standard , เปื้อนสี / Color stain",Minor,1
QC26080006,"12356 , 12308","สีไม่ตรง STD./Color off Standard , เส้นผม/Hair contamination",Minor,1
QC26080006,"12310 , 12308","สีไม่ตรง STD./Color off Standard , ฝุ่น/Dust",Minor,1
QC26070177,12308,สีไม่ตรง STD./Color off Standard,Minor,425
QC26070177,"12321 , 12308","สีไม่ตรง STD./Color off Standard , มีเศษพลาสติกยื่น/ Plastic burr",Minor,27
QC26070177,"12326 , 12308","สีไม่ตรง STD./Color off Standard , บิ่น/chip",Minor,4
QC26070177,"12306 , 12308","ร้าว/crack , สีไม่ตรง STD./Color off Standard",Major,3
QC26070177,"12322 , 12308","สีไม่ตรง STD./Color off Standard , แหว่ง/chip",Minor,2
QC26070177,"12327 , 12308","สีไม่ตรง STD./Color off Standard , รอยขีด/Scratch mark",Minor,2
QC26070177,"12107 , 12308","ประกอบไม่สุด/Assembly not complete , สีไม่ตรง STD./Color off Standard",Minor,2
QC26070177,"12307 , 12308","แตก/broken , สีไม่ตรง STD./Color off Standard",Major,1
QC26070177,"12339 , 12308","สีไม่ตรง STD./Color off Standard , ไม่เหมือน STD./ not same STD.",Minor,1
QC26070177,"12323 , 12308","สีไม่ตรง STD./Color off Standard , งอ/Bend",Minor,1
QC26070177,"12309 , 12308","สีไม่ตรง STD./Color off Standard , จุดดำ/Black dot",Minor,1
QC26070178,"12308 , 11018","พิมพ์ไม่สม่ำเสมอ/Uneven printing , สีไม่ตรง STD./Color off Standard",Minor,479
QC26070178,"12312 , 12308 , 11018","พิมพ์ไม่สม่ำเสมอ/Uneven printing , สีไม่ตรง STD./Color off Standard , คราบสกปรก/Dirty",Minor,6
QC26070178,"12301 , 12308 , 11018","พิมพ์ไม่สม่ำเสมอ/Uneven printing , รอยด่าง/stain spot , สีไม่ตรง STD./Color off Standard",Minor,5
QC26070178,"12313 , 12308 , 11018","พิมพ์ไม่สม่ำเสมอ/Uneven printing , สีไม่ตรง STD./Color off Standard , เป็นเม็ด/Dot",Minor,4
QC26070178,"12304 , 12308 , 11018","พิมพ์ไม่สม่ำเสมอ/Uneven printing , ถลอก/ Peeling , สีไม่ตรง STD./Color off Standard",Minor,3
QC26070178,"12327 , 12308 , 11018","พิมพ์ไม่สม่ำเสมอ/Uneven printing , สีไม่ตรง STD./Color off Standard , รอยขีด/Scratch mark",Minor,3
QC26070179,12308,สีไม่ตรง STD./Color off Standard,Minor,424
QC26070179,"12321 , 12308","สีไม่ตรง STD./Color off Standard , มีเศษพลาสติกยื่น/ Plastic burr",Minor,48
QC26070179,"12309 , 12308","สีไม่ตรง STD./Color off Standard , จุดดำ/Black dot",Minor,27
QC26070179,"12312 , 12308","สีไม่ตรง STD./Color off Standard , คราบสกปรก/Dirty",Minor,1
QC26070180,"12308 , 15308 , 12312","สีไม่ตรง STD./Color off Standard , คราบสกปรก/Dirty , สีไม่ตรง STD./Color off Standard",Minor,163
QC26070180,"12340 , 12308 , 15308 , 12312","สีไม่ตรง STD./Color off Standard , คราบสกปรก/Dirty , เปื้อนตัวยา / Bulk stain , สีไม่ตรง STD./Color off Standard",Minor,26
QC26070180,"12341 , 12308 , 15308 , 12312","สีไม่ตรง STD./Color off Standard , คราบสกปรก/Dirty , เปื้อนสี / Color stain , สีไม่ตรง STD./Color off Standard",Minor,5
QC26070180,"11009 , 12308 , 15308 , 12312","พิมพ์ถลอก/Printing peeling , สีไม่ตรง STD./Color off Standard , คราบสกปรก/Dirty , สีไม่ตรง STD./Color off Standard",Minor,2
QC26070180,"12356 , 12308 , 15308 , 12312","สีไม่ตรง STD./Color off Standard , คราบสกปรก/Dirty , เส้นผม/Hair contamination , สีไม่ตรง STD./Color off Standard",Critical,2
QC26070180,"12304 , 12308 , 15308 , 12312","ถลอก/ Peeling , สีไม่ตรง STD./Color off Standard , คราบสกปรก/Dirty , สีไม่ตรง STD./Color off Standard",Minor,2
QC26070181,"12308 , 12312 , 15308","สีไม่ตรง STD./Color off Standard , คราบสกปรก/Dirty , สีไม่ตรง STD./Color off Standard",Minor,131
QC26070181,"12361 , 12308 , 12312 , 15308","สีไม่ตรง STD./Color off Standard , คราบสกปรก/Dirty , เหงื่อ/ Sweating , สีไม่ตรง STD./Color off Standard",Minor,42
QC26070181,"12340 , 12308 , 12312 , 15308","สีไม่ตรง STD./Color off Standard , คราบสกปรก/Dirty , เปื้อนตัวยา / Bulk stain , สีไม่ตรง STD./Color off Standard",Minor,23
QC26070181,"12341 , 12308 , 12312 , 15308","สีไม่ตรง STD./Color off Standard , คราบสกปรก/Dirty , เปื้อนสี / Color stain , สีไม่ตรง STD./Color off Standard",Minor,2
QC26070181,"11015 , 12308 , 12312 , 15308","พิมพ์ซ้ำ/Printing double , สีไม่ตรง STD./Color off Standard , คราบสกปรก/Dirty , สีไม่ตรง STD./Color off Standard",Major,2
QC26070182,12308,สีไม่ตรง STD./Color off Standard,Minor,254
QC26070182,"12309 , 12308","สีไม่ตรง STD./Color off Standard , จุดดำ/Black dot",Minor,36
QC26070182,"12312 , 12308","สีไม่ตรง STD./Color off Standard , คราบสกปรก/Dirty",Minor,9
QC26070182,"12341 , 12308","สีไม่ตรง STD./Color off Standard , เปื้อนสี / Color stain",Minor,5
QC26070182,"12358 , 12308","สีไม่ตรง STD./Color off Standard , เป็นรู/Hole present",Minor,3
QC26070182,"12301 , 12308","รอยด่าง/stain spot , สีไม่ตรง STD./Color off Standard",Minor,3
QC26070182,"12310 , 12308","สีไม่ตรง STD./Color off Standard , ฝุ่น/Dust",Minor,2
QC26070182,"12332 , 12308","สีไม่ตรง STD./Color off Standard , ประกายเงิน/ Silver streak",Minor,2
QC26070182,"12304 , 12308","ถลอก/ Peeling , สีไม่ตรง STD./Color off Standard",Minor,1
QC26070183,"12308 , 12304","ถลอก/ Peeling , สีไม่ตรง STD./Color off Standard",Minor,351
QC26070183,"12127 , 12308 , 12304","ประกอบไม่สนิท / Assembly incomplete , ถลอก/ Peeling , สีไม่ตรง STD./Color off Standard",Minor,31
QC26070183,"12312 , 12308 , 12304","ถลอก/ Peeling , สีไม่ตรง STD./Color off Standard , คราบสกปรก/Dirty",Minor,1
QC26070183,"12301 , 12308 , 12304","รอยด่าง/stain spot , ถลอก/ Peeling , สีไม่ตรง STD./Color off Standard",Minor,1
QC26070183,"12309 , 12308 , 12304","ถลอก/ Peeling , สีไม่ตรง STD./Color off Standard , จุดดำ/Black dot",Minor,1
QC26070183,"12310 , 12308 , 12304","ถลอก/ Peeling , สีไม่ตรง STD./Color off Standard , ฝุ่น/Dust",Minor,14
QC26070183,"12356 , 12308 , 12304","ถลอก/ Peeling , สีไม่ตรง STD./Color off Standard , เส้นผม/Hair contamination",Critical,1
QC26080007,12308,สีไม่ตรง STD./Color off Standard,Minor,1554
QC26080007,"12305 , 12308","บุบ/Dent , สีไม่ตรง STD./Color off Standard",Minor,27
QC26080007,"12309 , 12308","สีไม่ตรง STD./Color off Standard , จุดดำ/Black dot",Minor,7
QC26080007,"12349 , 12308","สีไม่ตรง STD./Color off Standard , เอียง/Slanted",Minor,5
QC26080007,"12313 , 12308","สีไม่ตรง STD./Color off Standard , เป็นเม็ด/Dot",Minor,4
QC26080007,"12327 , 12308","สีไม่ตรง STD./Color off Standard , รอยขีด/Scratch mark",Minor,2
QC26080007,"12301 , 12308","รอยด่าง/stain spot , สีไม่ตรง STD./Color off Standard",Minor,1
QC26070184,"12308 , 15308","สีไม่ตรง STD./Color off Standard , สีไม่ตรง STD./Color off Standard",Major,285
QC26070184,"12301 , 12308","รอยด่าง/stain spot , สีไม่ตรง STD./Color off Standard",Minor,5
QC26070184,"11018 , 12308","พิมพ์ไม่สม่ำเสมอ/Uneven printing , สีไม่ตรง STD./Color off Standard",Minor,5
QC26070184,"12322 , 12308","สีไม่ตรง STD./Color off Standard , แหว่ง/chip",Minor,5
QC26070184,"12309 , 12308","สีไม่ตรง STD./Color off Standard , จุดดำ/Black dot",Minor,3
QC26070184,"12303 , 12308","รอยย่น/Wrinkle , สีไม่ตรง STD./Color off Standard",Minor,3
QC26070184,"12371 , 12308","สีไม่ตรง STD./Color off Standard , ไขที่เนื้อยา/ Oil separation",Minor,2
QC26070184,"12363 , 12308","สีไม่ตรง STD./Color off Standard , ตัดไม่ขาด/ผิวไม่เรียบ/ Incomplete cutting / Rough surface",Minor,2
QC26070184,"11009 , 12308","พิมพ์ถลอก/Printing peeling , สีไม่ตรง STD./Color off Standard",Minor,1
QC26070184,"12310 , 12308","สีไม่ตรง STD./Color off Standard , ฝุ่น/Dust",Minor,4
QC26080008,"12308 , 11007 , 11010","สีไม่ตรง STD./Color off Standard , พิมพ์หนา/Printing too thick , พิมพ์แตก/Printing cracked",Minor,772
QC26080008,"12373 , 12308 , 11007 , 11010","สีไม่ตรง STD./Color off Standard , พิมพ์หนา/Printing too thick , Die cut /ไม่ตรงตำแหน่ง/Die-cut misaligned , พิมพ์แตก/Printing cracked",Minor,22
QC26080008,"12309 , 11007 , 11010 , 12308","สีไม่ตรง STD./Color off Standard , จุดดำ/Black dot , พิมพ์หนา/Printing too thick , พิมพ์แตก/Printing cracked",Minor,2
QC26080008,"12301 , 12308 , 11007 , 11010","สีไม่ตรง STD./Color off Standard , พิมพ์หนา/Printing too thick , พิมพ์แตก/Printing cracked , รอยด่าง/stain spot",Minor,1
QC26080008,"12346 , 12308 , 11007 , 11010","สีไม่ตรง STD./Color off Standard , พิมพ์หนา/Printing too thick , คราบกาว/Glue stain , พิมพ์แตก/Printing cracked",Minor,1
QC26080008,"12327 , 12308 , 11007 , 11010","สีไม่ตรง STD./Color off Standard , พิมพ์หนา/Printing too thick , รอยขีด/Scratch mark , พิมพ์แตก/Printing cracked",Minor,1
QC26080008,"12324 , 12308 , 11007 , 11010","สีไม่ตรง STD./Color off Standard , เสียรูปทรง/Deformation , พิมพ์หนา/Printing too thick , พิมพ์แตก/Printing cracked",Minor,1
QC26080009,12308,สีไม่ตรง STD./Color off Standard,Minor,14
QC26080009,"12309 , 12308","สีไม่ตรง STD./Color off Standard , จุดดำ/Black dot",Minor,8
QC26080009,"12312 , 12308","สีไม่ตรง STD./Color off Standard , คราบสกปรก/Dirty",Minor,7
QC26080009,"12308 , 12301","สีไม่ตรง STD./Color off Standard , รอยด่าง/stain spot",Minor,2
QC26080009,"12310 , 12308","สีไม่ตรง STD./Color off Standard , ฝุ่น/Dust",Minor,1
QC26080010,12309,จุดดำ/Black dot,Minor,39
QC26080010,12318,รอยเส้น/Trace mark,Minor,8
QC26080010,12341,เปื้อนสี / Color stain,Minor,7
QC26080010,12312,คราบสกปรก/Dirty,Minor,2
QC26080010,11374,แมลง/Insect,Minor,1
QC26080010,12310,ฝุ่น/Dust,Minor,1
QC26080011,12308,สีไม่ตรง STD./Color off Standard,Minor,573
QC26080011,"12309 , 12308","สีไม่ตรง STD./Color off Standard , จุดดำ/Black dot",Minor,54
QC26080011,"12312 , 12308","สีไม่ตรง STD./Color off Standard , คราบสกปรก/Dirty",Minor,3
QC26080012,12327,รอยขีด/Scratch mark,Minor,1
QC26080012,12310,ฝุ่น/Dust,Major,1
QC26080012,12304,ถลอก/ Peeling,Minor,2
QC26080012,12313,เป็นเม็ด/Dot,Minor,1
QC26080012,12301,รอยด่าง/stain spot,Minor,1
QC26080012,12309,จุดดำ/Black dot,Minor,36
QC26080012,12312,คราบสกปรก/Dirty,Minor,7
QC26080013,12308,สีไม่ตรง STD./Color off Standard,Minor,584
QC26080013,"12309 , 12308","สีไม่ตรง STD./Color off Standard , จุดดำ/Black dot",Minor,44
QC26080013,"12312 , 12308","สีไม่ตรง STD./Color off Standard , คราบสกปรก/Dirty",Minor,1
QC26080013,"12310 , 12308","สีไม่ตรง STD./Color off Standard , ฝุ่น/Dust",Minor,1
QC26070185,12339,ไม่เหมือน STD./ not same STD.,Minor,538
QC26070185,"12304 , 12339","ถลอก/ Peeling , ไม่เหมือน STD./ not same STD.",Minor,69
QC26070185,"11020 , 12339","ไม่เหมือน STD./ not same STD. , พิมพ์เหลื่อม",Minor,6
QC26070185,"12122 , 12339","ยับ/ Wrinkled , ไม่เหมือน STD./ not same STD.",Minor,5
QC26070185,"12349 , 12339","ไม่เหมือน STD./ not same STD. , เอียง/Slanted",Minor,5
QC26070185,"12318 , 12339","รอยเส้น/Trace mark , ไม่เหมือน STD./ not same STD.",Minor,4
QC26070185,"12346 , 12339","ไม่เหมือน STD./ not same STD. , คราบกาว/Glue stain",Minor,2
QC26070185,"12341 , 12339","ไม่เหมือน STD./ not same STD. , เปื้อนสี / Color stain",Minor,1
QC26080014,12308,สีไม่ตรง STD./Color off Standard,Minor,180
QC26080014,"12304 , 12308","ถลอก/ Peeling , สีไม่ตรง STD./Color off Standard",Minor,9
QC26080014,"12309 , 12308","สีไม่ตรง STD./Color off Standard , จุดดำ/Black dot",Minor,4
QC26080014,"12312 , 12308","สีไม่ตรง STD./Color off Standard , คราบสกปรก/Dirty",Minor,4
QC26080014,"12358 , 12308","สีไม่ตรง STD./Color off Standard , เป็นรู/Hole present",Minor,1
QC26080014,"12327 , 12308","สีไม่ตรง STD./Color off Standard , รอยขีด/Scratch mark",Minor,1
QC26080014,"12101 , 12308","หมุนลงไม่สุด/Cannot rotate fully , สีไม่ตรง STD./Color off Standard",Minor,1
QC26080015,12308,สีไม่ตรง STD./Color off Standard,Minor,184
QC26080015,"12310 , 12308","สีไม่ตรง STD./Color off Standard , ฝุ่น/Dust",Minor,9
QC26080015,"12310 , 12308","สีไม่ตรง STD./Color off Standard , ฝุ่น/Dust",Minor,5
QC26080015,"12312 , 12308","สีไม่ตรง STD./Color off Standard , คราบสกปรก/Dirty",Minor,2
QC26080016,12309,จุดดำ/Black dot,Minor,42
QC26080016,12310,ฝุ่น/Dust,Major,1
QC26080016,12304,ถลอก/ Peeling,Minor,1
QC26080016,12312,คราบสกปรก/Dirty,Minor,1
QC26080017,12339,ไม่เหมือน STD./ not same STD.,Minor,125
QC26080017,"12304 , 12339","ถลอก/ Peeling , ไม่เหมือน STD./ not same STD.",Minor,38
QC26080017,"11020 , 12339","ไม่เหมือน STD./ not same STD. , พิมพ์เหลื่อม",Minor,27
QC26080017,"12349 , 12339","ไม่เหมือน STD./ not same STD. , เอียง/Slanted",Minor,5
QC26080017,"12309 , 12339","จุดดำ/Black dot , ไม่เหมือน STD./ not same STD.",Minor,3
QC26080017,"12341 , 12339","ไม่เหมือน STD./ not same STD. , เปื้อนสี / Color stain",Minor,1
QC26080017,"12122 , 12339","ยับ/ Wrinkled , ไม่เหมือน STD./ not same STD.",Minor,1
QC26070186,12308,สีไม่ตรง STD./Color off Standard,Minor,108
QC26070186,12312,คราบสกปรก/Dirty,Minor,5
QC26070186,12301,รอยด่าง/stain spot,Minor,5
QC26070186,12327,รอยขีด/Scratch mark,Minor,3
QC26070186,12327,รอยขีด/Scratch mark,Major,1
QC26070186,11009,พิมพ์ถลอก/Printing peeling,Minor,1
QC26070186,11010,พิมพ์แตก/Printing cracked,Minor,1
QC26070186,11009,พิมพ์ถลอก/Printing peeling,Minor,1
QC26080018,12309,จุดดำ/Black dot,Minor,37
QC26080018,12312,คราบสกปรก/Dirty,Minor,25
QC26080018,12127,ประกอบไม่สนิท / Assembly incomplete,Minor,5
QC26080018,12310,ฝุ่น/Dust,Minor,1
QC26080018,12310,ฝุ่น/Dust,Minor,4
QC26080018,12313,เป็นเม็ด/Dot,Minor,4
QC26080018,12309,จุดดำ/Black dot,Minor,1
QC26080019,12308,สีไม่ตรง STD./Color off Standard,Minor,279
QC26080019,"12309 , 12308","สีไม่ตรง STD./Color off Standard , จุดดำ/Black dot",Minor,24
QC26080019,"12304 , 12308","ถลอก/ Peeling , สีไม่ตรง STD./Color off Standard",Minor,5
QC26080019,"12312 , 12308","สีไม่ตรง STD./Color off Standard , คราบสกปรก/Dirty",Minor,4
QC26080019,12340,เปื้อนตัวยา / Bulk stain,Minor,1
QC26080019,"12346 , 12308","สีไม่ตรง STD./Color off Standard , คราบกาว/Glue stain",Minor,1
QC26080019,"12309 , 12308","สีไม่ตรง STD./Color off Standard , จุดดำ/Black dot",Minor,1
QC26080020,12308,สีไม่ตรง STD./Color off Standard,Minor,160
QC26080020,"12312 , 12308","สีไม่ตรง STD./Color off Standard , คราบสกปรก/Dirty",Minor,24
QC26080020,"12304 , 12308","ถลอก/ Peeling , สีไม่ตรง STD./Color off Standard",Minor,7
QC26080020,"12309 , 12308","สีไม่ตรง STD./Color off Standard , จุดดำ/Black dot",Minor,6
QC26080020,"12301 , 12308","รอยด่าง/stain spot , สีไม่ตรง STD./Color off Standard",Minor,2
QC26080020,"12346 , 12308","สีไม่ตรง STD./Color off Standard , คราบกาว/Glue stain",Minor,1
QC26080021,12308,สีไม่ตรง STD./Color off Standard,Minor,997
QC26080021,"12305 , 12308","บุบ/Dent , สีไม่ตรง STD./Color off Standard",Minor,2
QC26080021,"12313 , 12308","สีไม่ตรง STD./Color off Standard , เป็นเม็ด/Dot",Minor,1
QC26080022,12308,สีไม่ตรง STD./Color off Standard,Minor,275
QC26080022,"12309 , 12308","สีไม่ตรง STD./Color off Standard , จุดดำ/Black dot",Minor,32
QC26080022,"12312 , 12308","สีไม่ตรง STD./Color off Standard , คราบสกปรก/Dirty",Minor,4
QC26080022,"12365 , 12308","ฉีดไม่เต็ม/ Short shot , สีไม่ตรง STD./Color off Standard",Critical,3
QC26080022,"12308 , 12310","สีไม่ตรง STD./Color off Standard , ฝุ่น/Dust",Minor,1
QC26080023,12308,สีไม่ตรง STD./Color off Standard,Minor,89
QC26080023,"12309 , 12308","สีไม่ตรง STD./Color off Standard , จุดดำ/Black dot",Minor,27
QC26080023,"11020 , 12308","สีไม่ตรง STD./Color off Standard , พิมพ์เหลื่อม",Minor,5
QC26080023,"12312 , 12308","สีไม่ตรง STD./Color off Standard , คราบสกปรก/Dirty",Minor,2
QC26080023,"12301 , 12308","รอยด่าง/stain spot , สีไม่ตรง STD./Color off Standard",Minor,1
QC26080023,"12313 , 12308","สีไม่ตรง STD./Color off Standard , เป็นเม็ด/Dot",Minor,1
QC26080024,"12301 , 12308","รอยด่าง/stain spot , สีไม่ตรง STD./Color off Standard",Minor,2
QC26080024,"12346 , 12308","สีไม่ตรง STD./Color off Standard , คราบกาว/Glue stain",Minor,1
QC26080024,12309,จุดดำ/Black dot,Minor,48
QC26080024,12312,คราบสกปรก/Dirty,Minor,26
QC26080024,12310,ฝุ่น/Dust,Minor,1
QC26080025,12308,สีไม่ตรง STD./Color off Standard,Minor,186
QC26080025,"12309 , 12308","สีไม่ตรง STD./Color off Standard , จุดดำ/Black dot",Minor,7
QC26080025,"12312 , 12308","สีไม่ตรง STD./Color off Standard , คราบสกปรก/Dirty",Minor,4
QC26080025,"12304 , 12308","ถลอก/ Peeling , สีไม่ตรง STD./Color off Standard",Minor,3
QC26080027,12309,จุดดำ/Black dot,Minor,35
QC26080027,12304,ถลอก/ Peeling,Minor,3
QC26080027,12312,คราบสกปรก/Dirty,Minor,2
QC26080027,12310,ฝุ่น/Dust,Minor,1
QC26070187,12308,สีไม่ตรง STD./Color off Standard,Minor,576
QC26070187,"12324 , 12308","สีไม่ตรง STD./Color off Standard , เสียรูปทรง/Deformation",Minor,2
QC26070187,12327,รอยขีด/Scratch mark,Minor,1
QC26070187,11009,พิมพ์ถลอก/Printing peeling,Minor,1
QC26070187,12313,เป็นเม็ด/Dot,Minor,35
QC26070187,12309,จุดดำ/Black dot,Minor,7
QC26070187,12312,คราบสกปรก/Dirty,Minor,6
QC26070187,12346,คราบกาว/Glue stain,Minor,2
QC26080028,12339,ไม่เหมือน STD./ not same STD.,Minor,539
QC26080028,"12318 , 12339","รอยเส้น/Trace mark , ไม่เหมือน STD./ not same STD.",Minor,42
QC26080028,"12304 , 12339","ถลอก/ Peeling , ไม่เหมือน STD./ not same STD.",Minor,36
QC26080028,"11020 , 12339","ไม่เหมือน STD./ not same STD. , พิมพ์เหลื่อม",Minor,5
QC26080028,"12349 , 12339","ไม่เหมือน STD./ not same STD. , เอียง/Slanted",Minor,5
QC26080028,"12312 , 12339","คราบสกปรก/Dirty , ไม่เหมือน STD./ not same STD.",Minor,2
QC26080028,"12309 , 12339","จุดดำ/Black dot , ไม่เหมือน STD./ not same STD.",Minor,1
QC26070188,12339,ไม่เหมือน STD./ not same STD.,Minor,320
QC26070188,"12304 , 12339","ถลอก/ Peeling , ไม่เหมือน STD./ not same STD.",Minor,44
QC26070188,"12318 , 12339","รอยเส้น/Trace mark , ไม่เหมือน STD./ not same STD.",Minor,28
QC26070188,"12349 , 12339","ไม่เหมือน STD./ not same STD. , เอียง/Slanted",Minor,5
QC26070188,"12309 , 12339","จุดดำ/Black dot , ไม่เหมือน STD./ not same STD.",Minor,2
QC26070188,"12312 , 12339","คราบสกปรก/Dirty , ไม่เหมือน STD./ not same STD.",Minor,1
QC26070189,12339,ไม่เหมือน STD./ not same STD.,Minor,276
QC26070189,"12346 , 12339","ไม่เหมือน STD./ not same STD. , คราบกาว/Glue stain",Minor,53
QC26070189,"12304 , 12339","ถลอก/ Peeling , ไม่เหมือน STD./ not same STD.",Minor,36
QC26070189,"12318 , 12339","รอยเส้น/Trace mark , ไม่เหมือน STD./ not same STD.",Minor,23
QC26070189,"12309 , 12339","จุดดำ/Black dot , ไม่เหมือน STD./ not same STD.",Minor,7
QC26070189,"12349 , 12339","ไม่เหมือน STD./ not same STD. , เอียง/Slanted",Minor,5
QC26070190,"12308 , 11010","พิมพ์แตก/Printing cracked , สีไม่ตรง STD./Color off Standard",Minor,560
QC26070190,"12309 , 12308 , 11010","พิมพ์แตก/Printing cracked , สีไม่ตรง STD./Color off Standard , จุดดำ/Black dot",Minor,34
QC26070190,"12310 , 12308 , 11010","พิมพ์แตก/Printing cracked , สีไม่ตรง STD./Color off Standard , ฝุ่น/Dust",Minor,22
QC26070190,"12327 , 12308 , 11010","พิมพ์แตก/Printing cracked , สีไม่ตรง STD./Color off Standard , รอยขีด/Scratch mark",Minor,5
QC26070190,"12312 , 12308 , 11010","พิมพ์แตก/Printing cracked , สีไม่ตรง STD./Color off Standard , คราบสกปรก/Dirty",Minor,2
QC26070190,"12313 , 12308 , 11010","พิมพ์แตก/Printing cracked , สีไม่ตรง STD./Color off Standard , เป็นเม็ด/Dot",Minor,2
QC26070190,"12321 , 12308 , 11010","พิมพ์แตก/Printing cracked , สีไม่ตรง STD./Color off Standard , มีเศษพลาสติกยื่น/ Plastic burr",Minor,2
QC26070190,"12304 , 12308 , 11010","พิมพ์แตก/Printing cracked , ถลอก/ Peeling , สีไม่ตรง STD./Color off Standard",Minor,2
QC26070190,"12332 , 12308 , 11010","พิมพ์แตก/Printing cracked , สีไม่ตรง STD./Color off Standard , ประกายเงิน/ Silver streak",Minor,1
QC26070191,12308,สีไม่ตรง STD./Color off Standard,Minor,142
QC26070191,"12101 , 12308","หมุนลงไม่สุด/Cannot rotate fully , สีไม่ตรง STD./Color off Standard",Minor,28
QC26070191,"12312 , 12308","สีไม่ตรง STD./Color off Standard , คราบสกปรก/Dirty",Minor,7
QC26070191,"12341 , 12308","สีไม่ตรง STD./Color off Standard , เปื้อนสี / Color stain",Minor,1
QC26070191,"11009 , 12308","พิมพ์ถลอก/Printing peeling , สีไม่ตรง STD./Color off Standard",Major,1
QC26070191,"12310 , 12308","สีไม่ตรง STD./Color off Standard , ฝุ่น/Dust",Minor,21
QC26070192,12308,สีไม่ตรง STD./Color off Standard,Minor,580
QC26070192,"12313 , 12308","สีไม่ตรง STD./Color off Standard , เป็นเม็ด/Dot",Minor,41
QC26070192,"12340 , 12308","สีไม่ตรง STD./Color off Standard , เปื้อนตัวยา / Bulk stain",Minor,2
QC26070192,"12305 , 12308","บุบ/Dent , สีไม่ตรง STD./Color off Standard",Minor,2
QC26070192,"12312 , 12308","สีไม่ตรง STD./Color off Standard , คราบสกปรก/Dirty",Minor,2
QC26070192,"12309 , 12308","สีไม่ตรง STD./Color off Standard , จุดดำ/Black dot",Minor,1
QC26070192,"12304 , 12308","ถลอก/ Peeling , สีไม่ตรง STD./Color off Standard",Minor,1
QC26070192,"11009 , 12308","พิมพ์ถลอก/Printing peeling , สีไม่ตรง STD./Color off Standard",Minor,1
QC26070193,12339,ไม่เหมือน STD./ not same STD.,Minor,541
QC26070193,"12304 , 12308","ถลอก/ Peeling , สีไม่ตรง STD./Color off Standard",Minor,38
QC26070193,"12318 , 12308","สีไม่ตรง STD./Color off Standard , รอยเส้น/Trace mark",Minor,29
QC26070193,"11020 , 12339","ไม่เหมือน STD./ not same STD. , พิมพ์เหลื่อม",Minor,9
QC26070193,"12339 , 12309","จุดดำ/Black dot , ไม่เหมือน STD./ not same STD.",Minor,8
QC26070193,"12339 , 12349","ไม่เหมือน STD./ not same STD. , เอียง/Slanted",Minor,5
QC26080036,12308,สีไม่ตรง STD./Color off Standard,Minor,966
QC26080036,"12309 , 12308","สีไม่ตรง STD./Color off Standard , จุดดำ/Black dot",Minor,34
QC26080037,12308,สีไม่ตรง STD./Color off Standard,Minor,953
QC26080037,"12309 , 12308","สีไม่ตรง STD./Color off Standard , จุดดำ/Black dot",Minor,46
QC26080037,"12312 , 12308","สีไม่ตรง STD./Color off Standard , คราบสกปรก/Dirty",Minor,1
QC26080038,12308,สีไม่ตรง STD./Color off Standard,Minor,111
QC26080038,"12309 , 12308","สีไม่ตรง STD./Color off Standard , จุดดำ/Black dot",Minor,12
QC26080038,"12313 , 12308","สีไม่ตรง STD./Color off Standard , เป็นเม็ด/Dot",Minor,1
QC26080038,"12312 , 12308","สีไม่ตรง STD./Color off Standard , คราบสกปรก/Dirty",Minor,1
QC26080039,12308,สีไม่ตรง STD./Color off Standard,Minor,352
QC26080039,"12309 , 12308","สีไม่ตรง STD./Color off Standard , จุดดำ/Black dot",Minor,48
QC26080040,12308,สีไม่ตรง STD./Color off Standard,Minor,578
QC26080040,"12309 , 12308","สีไม่ตรง STD./Color off Standard , จุดดำ/Black dot",Minor,49
QC26080040,"12310 , 12308","สีไม่ตรง STD./Color off Standard , ฝุ่น/Dust",Minor,2
QC26080040,"12313 , 12308","สีไม่ตรง STD./Color off Standard , เป็นเม็ด/Dot",Minor,1
QC26080041,12308,สีไม่ตรง STD./Color off Standard,Minor,59
QC26080041,"12309 , 12308","สีไม่ตรง STD./Color off Standard , จุดดำ/Black dot",Minor,4
QC26080041,"12309 , 12308","สีไม่ตรง STD./Color off Standard , จุดดำ/Black dot",Minor,16
QC26080041,"12308 , 12312","สีไม่ตรง STD./Color off Standard , คราบสกปรก/Dirty",Minor,1
QC26080042,"12308 , 12309","สีไม่ตรง STD./Color off Standard , จุดดำ/Black dot",Minor,48
QC26080042,12308,สีไม่ตรง STD./Color off Standard,Minor,576
QC26080042,12308,สีไม่ตรง STD./Color off Standard,Minor,4
QC26080042,"12310 , 12308","สีไม่ตรง STD./Color off Standard , ฝุ่น/Dust",Minor,2
QC26080043,12308,สีไม่ตรง STD./Color off Standard,Minor,355
QC26080043,"12308 , 12313","สีไม่ตรง STD./Color off Standard , เป็นเม็ด/Dot",Minor,1
QC26080043,"12308 , 12312","สีไม่ตรง STD./Color off Standard , คราบสกปรก/Dirty",Minor,2
QC26080043,"12309 , 12308","สีไม่ตรง STD./Color off Standard , จุดดำ/Black dot",Minor,42
QC26080044,12322,แหว่ง/chip,Major,4
QC26080044,12321,มีเศษพลาสติกยื่น/ Plastic burr,Minor,1
QC26080045,12308,สีไม่ตรง STD./Color off Standard,Minor,177
QC26080045,"12308 , 12346","สีไม่ตรง STD./Color off Standard , คราบกาว/Glue stain",Minor,1
QC26080045,"12308 , 12301","รอยด่าง/stain spot , สีไม่ตรง STD./Color off Standard",Minor,3
QC26080045,"12308 , 12312","สีไม่ตรง STD./Color off Standard , คราบสกปรก/Dirty",Minor,4
QC26080045,"12308 , 12309","สีไม่ตรง STD./Color off Standard , จุดดำ/Black dot",Minor,6
QC26080045,"12308 , 12304","ถลอก/ Peeling , สีไม่ตรง STD./Color off Standard",Minor,8
QC26080045,"12308 , 12101","หมุนลงไม่สุด/Cannot rotate fully , สีไม่ตรง STD./Color off Standard",Minor,1
QC26080053,12309,จุดดำ/Black dot,Minor,48
QC26080054,12308,สีไม่ตรง STD./Color off Standard,Minor,344
QC26080054,"12309 , 12308","สีไม่ตรง STD./Color off Standard , จุดดำ/Black dot",Minor,43
QC26080054,"12346 , 12308","สีไม่ตรง STD./Color off Standard , คราบกาว/Glue stain",Minor,5
QC26080054,"12312 , 12308","สีไม่ตรง STD./Color off Standard , คราบสกปรก/Dirty",Minor,4
QC26080054,"12127 , 12308","ประกอบไม่สนิท / Assembly incomplete , สีไม่ตรง STD./Color off Standard",Minor,2
QC26080054,"12122 , 12308","ยับ/ Wrinkled , สีไม่ตรง STD./Color off Standard",Minor,1
QC26080054,"12310 , 12308","สีไม่ตรง STD./Color off Standard , ฝุ่น/Dust",Minor,1
QC26080055,12308,สีไม่ตรง STD./Color off Standard,Minor,342
QC26080055,"12308 , 12346","สีไม่ตรง STD./Color off Standard , คราบกาว/Glue stain",Minor,48
QC26080055,"12309 , 12308","สีไม่ตรง STD./Color off Standard , จุดดำ/Black dot",Minor,7
QC26080055,"12127 , 12308","ประกอบไม่สนิท / Assembly incomplete , สีไม่ตรง STD./Color off Standard",Minor,3
QC26080056,12308,สีไม่ตรง STD./Color off Standard,Minor,377
QC26080056,"12309 , 12308","สีไม่ตรง STD./Color off Standard , จุดดำ/Black dot",Minor,9
QC26080056,"12127 , 12308","ประกอบไม่สนิท / Assembly incomplete , สีไม่ตรง STD./Color off Standard",Minor,2
QC26080056,"12312 , 12308","สีไม่ตรง STD./Color off Standard , คราบสกปรก/Dirty",Minor,2
QC26080056,"12346 , 12308","สีไม่ตรง STD./Color off Standard , คราบกาว/Glue stain",Minor,9
QC26080056,"12341 , 12308","สีไม่ตรง STD./Color off Standard , เปื้อนสี / Color stain",Minor,1
QC26080057,12308,สีไม่ตรง STD./Color off Standard,Minor,193
QC26080057,"12309 , 12308","สีไม่ตรง STD./Color off Standard , จุดดำ/Black dot",Minor,7
QC26080061,12308,สีไม่ตรง STD./Color off Standard,Minor,270
QC26080061,"12309 , 12308","สีไม่ตรง STD./Color off Standard , จุดดำ/Black dot",Minor,31
QC26080061,"12301 , 12308","สีไม่ตรง STD./Color off Standard , รอยด่าง/stain spot",Minor,6
QC26080061,"12341 , 12308","สีไม่ตรง STD./Color off Standard , เปื้อนสี / Color stain",Minor,3
QC26080061,"12341 , 12308","สีไม่ตรง STD./Color off Standard , เปื้อนสี / Color stain",Minor,2
QC26080061,"12356 , 12308","สีไม่ตรง STD./Color off Standard , เส้นผม/Hair contamination",Critical,3
QC26080062,12308,สีไม่ตรง STD./Color off Standard,Minor,970
QC26080062,"11010 , 12308","พิมพ์แตก/Printing cracked , สีไม่ตรง STD./Color off Standard",Minor,7
QC26080062,"12349 , 12308","สีไม่ตรง STD./Color off Standard , เอียง/Slanted",Minor,6
QC26080062,"12301 , 12308","รอยด่าง/stain spot , สีไม่ตรง STD./Color off Standard",Minor,5
QC26080062,"12349 , 12308","สีไม่ตรง STD./Color off Standard , เอียง/Slanted",Minor,3
QC26080062,"12312 , 12308","สีไม่ตรง STD./Color off Standard , คราบสกปรก/Dirty",Minor,1
QC26080062,"12121 , 12308","ฉีกขาด/Torn , สีไม่ตรง STD./Color off Standard",Critical,1
QC26080062,"12346 , 12308","สีไม่ตรง STD./Color off Standard , คราบกาว/Glue stain",Minor,1
QC26080062,"12107 , 12308","ประกอบไม่สุด/Assembly not complete , สีไม่ตรง STD./Color off Standard",Minor,6
QC26080063,12308,สีไม่ตรง STD./Color off Standard,Minor,950
QC26080063,"12349 , 12308","สีไม่ตรง STD./Color off Standard , เอียง/Slanted",Minor,29
QC26080063,"12301 , 12308","รอยด่าง/stain spot , สีไม่ตรง STD./Color off Standard",Minor,8
QC26080063,"12349 , 12308","สีไม่ตรง STD./Color off Standard , เอียง/Slanted",Minor,6
QC26080063,"12309 , 12308","สีไม่ตรง STD./Color off Standard , จุดดำ/Black dot",Minor,3
QC26080063,"12121 , 12308","ฉีกขาด/Torn , สีไม่ตรง STD./Color off Standard",Critical,1
QC26080063,"12122 , 12308","ยับ/ Wrinkled , สีไม่ตรง STD./Color off Standard",Minor,1
QC26080063,"12303 , 12308","รอยย่น/Wrinkle , สีไม่ตรง STD./Color off Standard",Minor,1
QC26080063,"12318 , 12308","สีไม่ตรง STD./Color off Standard , รอยเส้น/Trace mark",Minor,1
QC26080064,12308,สีไม่ตรง STD./Color off Standard,Minor,934
QC26080064,"12308 , 12349","สีไม่ตรง STD./Color off Standard , เอียง/Slanted",Minor,33
QC26080064,"12122 , 12308","ยับ/ Wrinkled , สีไม่ตรง STD./Color off Standard",Minor,18
QC26080064,"12309 , 12308","สีไม่ตรง STD./Color off Standard , จุดดำ/Black dot",Minor,7
QC26080064,"12301 , 12308","รอยด่าง/stain spot , สีไม่ตรง STD./Color off Standard",Minor,3
QC26080064,"12303 , 12308","รอยย่น/Wrinkle , สีไม่ตรง STD./Color off Standard",Minor,2
QC26080064,"12341 , 12308","สีไม่ตรง STD./Color off Standard , เปื้อนสี / Color stain",Minor,2
QC26080064,"12341 , 12308","สีไม่ตรง STD./Color off Standard , เปื้อนสี / Color stain",Minor,1
QC26080065,12308,สีไม่ตรง STD./Color off Standard,Minor,66
QC26080065,"12312 , 12308","สีไม่ตรง STD./Color off Standard , คราบสกปรก/Dirty",Minor,2
QC26080065,"12308 , 12310","สีไม่ตรง STD./Color off Standard , ฝุ่น/Dust",Minor,3
QC26080065,"12309 , 12308","สีไม่ตรง STD./Color off Standard , จุดดำ/Black dot",Minor,3
QC26080065,"12312 , 12308","สีไม่ตรง STD./Color off Standard , คราบสกปรก/Dirty",Minor,5
QC26080065,"12356 , 12308","สีไม่ตรง STD./Color off Standard , เส้นผม/Hair contamination",Critical,1
QC26080066,12308,สีไม่ตรง STD./Color off Standard,Major,88
QC26080066,"12309 , 12308","สีไม่ตรง STD./Color off Standard , จุดดำ/Black dot",Minor,37
QC26080067,"12308 , 11007 , 11008","พิมพ์หนา/Printing too thick , พิมพ์บาง/Printing too thin , สีไม่ตรง STD./Color off Standard",Minor,193
QC26080067,"12121 , 12308 , 11007 , 11008","พิมพ์หนา/Printing too thick , พิมพ์บาง/Printing too thin , ฉีกขาด/Torn , สีไม่ตรง STD./Color off Standard",Minor,6
QC26080068,12356,เส้นผม/Hair contamination,Critical,1
QC26080068,12309,จุดดำ/Black dot,Minor,2
QC26080068,12304,ถลอก/ Peeling,Minor,1
QC26080068,12313,เป็นเม็ด/Dot,Minor,1
QC26080068,12304,ถลอก/ Peeling,Minor,3
QC26080068,12341,เปื้อนสี / Color stain,Minor,2
QC26080068,12341,เปื้อนสี / Color stain,Minor,5
QC26080068,12332,ประกายเงิน/ Silver streak,Minor,2
QC26080068,12310,ฝุ่น/Dust,Minor,1
QC26080067,"12305 , 12308 , 11007 , 11008","พิมพ์หนา/Printing too thick , พิมพ์บาง/Printing too thin , บุบ/Dent , สีไม่ตรง STD./Color off Standard",Minor,1
QC26080069,"12308 , 12339","สีไม่ตรง STD./Color off Standard , ไม่เหมือน STD./ not same STD.",Minor,537
QC26080069,"12304 , 12308 , 12339","ถลอก/ Peeling , สีไม่ตรง STD./Color off Standard , ไม่เหมือน STD./ not same STD.",Minor,41
QC26080069,"12309 , 12308 , 12339","สีไม่ตรง STD./Color off Standard , จุดดำ/Black dot , ไม่เหมือน STD./ not same STD.",Minor,19
QC26080069,"12318 , 12308 , 12339","สีไม่ตรง STD./Color off Standard , รอยเส้น/Trace mark , ไม่เหมือน STD./ not same STD.",Minor,24
QC26080069,"12349 , 12308 , 12339","สีไม่ตรง STD./Color off Standard , ไม่เหมือน STD./ not same STD. , เอียง/Slanted",Minor,5
QC26080069,"12312 , 12308 , 12339","สีไม่ตรง STD./Color off Standard , คราบสกปรก/Dirty , ไม่เหมือน STD./ not same STD.",Minor,2
QC26080069,"12301 , 12308 , 12339","รอยด่าง/stain spot , สีไม่ตรง STD./Color off Standard , ไม่เหมือน STD./ not same STD.",Minor,1
QC26080069,"12313 , 12308 , 12339","สีไม่ตรง STD./Color off Standard , เป็นเม็ด/Dot , ไม่เหมือน STD./ not same STD.",Minor,1
QC26080070,12308,สีไม่ตรง STD./Color off Standard,Minor,589
QC26080070,"12327 , 12308","สีไม่ตรง STD./Color off Standard , รอยขีด/Scratch mark",Minor,28
QC26080070,"12304 , 12308","ถลอก/ Peeling , สีไม่ตรง STD./Color off Standard",Minor,6
QC26080070,"11018 , 12308","พิมพ์ไม่สม่ำเสมอ/Uneven printing , สีไม่ตรง STD./Color off Standard",Minor,3
QC26080070,"12346 , 12308","สีไม่ตรง STD./Color off Standard , คราบกาว/Glue stain",Minor,2
QC26080070,"12309 , 12308","สีไม่ตรง STD./Color off Standard , จุดดำ/Black dot",Minor,1
QC26080070,"12318 , 12308","สีไม่ตรง STD./Color off Standard , รอยเส้น/Trace mark",Minor,1
QC26080071,12308,สีไม่ตรง STD./Color off Standard,Minor,583
QC26080071,"12313 , 12308","สีไม่ตรง STD./Color off Standard , เป็นเม็ด/Dot",Minor,39
QC26080071,"12346 , 12308","สีไม่ตรง STD./Color off Standard , คราบกาว/Glue stain",Minor,1
QC26080071,"11327 , 12308","รอยขีด/Scratch mark , สีไม่ตรง STD./Color off Standard",Minor,6
QC26080071,"12305 , 12308","บุบ/Dent , สีไม่ตรง STD./Color off Standard",Minor,1
QC26080072,12308,สีไม่ตรง STD./Color off Standard,Minor,595
QC26080072,"12309 , 12308","สีไม่ตรง STD./Color off Standard , จุดดำ/Black dot",Minor,31
QC26080072,"12310 , 12308","สีไม่ตรง STD./Color off Standard , ฝุ่น/Dust",Major,2
QC26080072,"12312 , 12308","สีไม่ตรง STD./Color off Standard , คราบสกปรก/Dirty",Minor,2
QC26080073,12308,สีไม่ตรง STD./Color off Standard,Minor,962
QC26080073,"12327 , 12308","สีไม่ตรง STD./Color off Standard , รอยขีด/Scratch mark",Minor,36
QC26080073,"12309 , 12308","สีไม่ตรง STD./Color off Standard , จุดดำ/Black dot",Minor,2
QC26080074,12309,จุดดำ/Black dot,Minor,44
QC26080075,"12356 , 12308","สีไม่ตรง STD./Color off Standard , เส้นผม/Hair contamination",Critical,2
QC26080075,12308,สีไม่ตรง STD./Color off Standard,Minor,222
QC26080075,"12346 , 12308","สีไม่ตรง STD./Color off Standard , คราบกาว/Glue stain",Minor,74
QC26080075,"12304 , 12308","สีไม่ตรง STD./Color off Standard , ถลอก/ Peeling",Minor,63
QC26080075,"11009 , 12308","สีไม่ตรง STD./Color off Standard , พิมพ์ถลอก/Printing peeling",Major,17
QC26080075,"12309 , 12308","สีไม่ตรง STD./Color off Standard , จุดดำ/Black dot",Minor,11
QC26080075,"12313 , 12308","สีไม่ตรง STD./Color off Standard , เป็นเม็ด/Dot",Minor,3
QC26080075,"12341 , 12308","สีไม่ตรง STD./Color off Standard , เปื้อนสี / Color stain",Minor,2
QC26080075,"12339 , 12308","สีไม่ตรง STD./Color off Standard , ไม่เหมือน STD./ not same STD.",Minor,1
QC26080075,"12311 , 12308","สีไม่ตรง STD./Color off Standard , คราบวาสลีน/Vaseline stain",Major,2
QC26080075,"12312 , 12308","สีไม่ตรง STD./Color off Standard , คราบสกปรก/Dirty",Minor,2
QC26080075,"12326 , 12308","สีไม่ตรง STD./Color off Standard , บิ่น/chip",Major,1
QC26080076,12308,สีไม่ตรง STD./Color off Standard,Minor,352
QC26080076,"12308 , 12309","สีไม่ตรง STD./Color off Standard , จุดดำ/Black dot",Minor,44
QC26080076,"12318 , 12308","สีไม่ตรง STD./Color off Standard , รอยเส้น/Trace mark",Minor,4
QC26080077,12308,สีไม่ตรง STD./Color off Standard,Minor,283
QC26080077,"12312 , 12308","สีไม่ตรง STD./Color off Standard , คราบสกปรก/Dirty",Minor,5
QC26080077,"12120 , 12308","ห่าง/Gap , สีไม่ตรง STD./Color off Standard",Minor,5
QC26080077,"12309 , 12308","สีไม่ตรง STD./Color off Standard , จุดดำ/Black dot",Minor,4
QC26080077,"12309 , 12308","สีไม่ตรง STD./Color off Standard , จุดดำ/Black dot",Minor,3
QC26080077,"12127 , 12308","ประกอบไม่สนิท / Assembly incomplete , สีไม่ตรง STD./Color off Standard",Minor,3
QC26080077,"12313 , 12308","สีไม่ตรง STD./Color off Standard , เป็นเม็ด/Dot",Minor,3
QC26080077,"12309 , 12308","สีไม่ตรง STD./Color off Standard , จุดดำ/Black dot",Minor,2
QC26080077,"12327 , 12308","สีไม่ตรง STD./Color off Standard , รอยขีด/Scratch mark",Minor,2
QC26080077,"12306 , 12308","ร้าว/crack , สีไม่ตรง STD./Color off Standard",Major,2
QC26080077,"12312 , 12308","สีไม่ตรง STD./Color off Standard , คราบสกปรก/Dirty",Minor,1
QC26080077,"12120 , 12308","ห่าง/Gap , สีไม่ตรง STD./Color off Standard",Minor,1
QC26080077,"12310 , 12308","สีไม่ตรง STD./Color off Standard , ฝุ่น/Dust",Minor,1
QC26080078,12309,จุดดำ/Black dot,Minor,7
QC26080078,12322,แหว่ง/chip,Minor,3
QC26080078,12312,คราบสกปรก/Dirty,Minor,1
QC26080079,12308,สีไม่ตรง STD./Color off Standard,Minor,251
QC26080079,"12309 , 12308","สีไม่ตรง STD./Color off Standard , จุดดำ/Black dot",Minor,28
QC26080079,"12341 , 12308","สีไม่ตรง STD./Color off Standard , เปื้อนสี / Color stain",Minor,19
QC26080079,"12127 , 12308","ประกอบไม่สนิท / Assembly incomplete , สีไม่ตรง STD./Color off Standard",Minor,8
QC26080079,"12312 , 12308","สีไม่ตรง STD./Color off Standard , คราบสกปรก/Dirty",Minor,4
QC26080079,"12309 , 12308","สีไม่ตรง STD./Color off Standard , จุดดำ/Black dot",Minor,3
QC26080079,"12301 , 12308","รอยด่าง/stain spot , สีไม่ตรง STD./Color off Standard",Minor,1
QC26080079,"12363 , 12308","สีไม่ตรง STD./Color off Standard , ตัดไม่ขาด/ผิวไม่เรียบ/ Incomplete cutting / Rough surface",Minor,1
QC26080080,12308,สีไม่ตรง STD./Color off Standard,Minor,152
QC26080080,"12301 , 12308","รอยด่าง/stain spot , สีไม่ตรง STD./Color off Standard",Minor,42
QC26080080,"12309 , 12308","สีไม่ตรง STD./Color off Standard , จุดดำ/Black dot",Minor,6
QC26080081,12308,สีไม่ตรง STD./Color off Standard,Minor,191
QC26080081,"12309 , 12308","สีไม่ตรง STD./Color off Standard , จุดดำ/Black dot",Minor,4
QC26080081,"12301 , 12308","รอยด่าง/stain spot , สีไม่ตรง STD./Color off Standard",Minor,3
QC26080081,"12310 , 12308","สีไม่ตรง STD./Color off Standard , ฝุ่น/Dust",Minor,2
QC26080085,12309,จุดดำ/Black dot,Minor,49
QC26080086,12308,สีไม่ตรง STD./Color off Standard,Minor,31
QC26080086,"12309 , 12308","สีไม่ตรง STD./Color off Standard , จุดดำ/Black dot",Minor,48
QC26080086,"12304 , 12308","ถลอก/ Peeling , สีไม่ตรง STD./Color off Standard",Minor,1
QC26080089,12308,สีไม่ตรง STD./Color off Standard,Minor,200
QC26080090,"12308 , 11009","พิมพ์ถลอก/Printing peeling , สีไม่ตรง STD./Color off Standard",Minor,1
QC26080090,12308,สีไม่ตรง STD./Color off Standard,Minor,199
QC26080091,12309,จุดดำ/Black dot,Minor,49
QC26080091,12346,คราบกาว/Glue stain,Minor,10
QC26080091,12312,คราบสกปรก/Dirty,Minor,1
QC26080093,11020,พิมพ์เหลื่อม,Major,71
QC26080093,12301,รอยด่าง/stain spot,Minor,55
QC26080093,12349,เอียง/Slanted,Minor,51
QC26080093,12310,ฝุ่น/Dust,Minor,3
QC26080093,12327,รอยขีด/Scratch mark,Minor,2
QC26080093,12122,ยับ/ Wrinkled,Minor,1
QC26080093,12367,รอยกดทับ/Pressure marks,Minor,1
QC26080093,12312,คราบสกปรก/Dirty,Minor,1
QC26080094,12308,สีไม่ตรง STD./Color off Standard,Minor,895
QC26080094,"12349 , 12308","สีไม่ตรง STD./Color off Standard , เอียง/Slanted",Minor,52
QC26080094,"12301 , 12308","รอยด่าง/stain spot , สีไม่ตรง STD./Color off Standard",Minor,48
QC26080094,"11020 , 12308","สีไม่ตรง STD./Color off Standard , พิมพ์เหลื่อม",Minor,3
QC26080094,"12303 , 12308","รอยย่น/Wrinkle , สีไม่ตรง STD./Color off Standard",Minor,1
QC26080094,"12327 , 12308","สีไม่ตรง STD./Color off Standard , รอยขีด/Scratch mark",Minor,1
QC26080095,"12308 , 12328","สีไม่ตรง STD./Color off Standard , รูไม่ตรง/Hole off-center",Minor,265
QC26080095,"12308 , 12327 , 12328","สีไม่ตรง STD./Color off Standard , รอยขีด/Scratch mark , รูไม่ตรง/Hole off-center",Minor,51
QC26080095,"12304 , 12308 , 12328","สีไม่ตรง STD./Color off Standard , รูไม่ตรง/Hole off-center , ถลอก/ Peeling",Minor,34
QC26080095,"12309 , 12308 , 12328","สีไม่ตรง STD./Color off Standard , จุดดำ/Black dot , รูไม่ตรง/Hole off-center",Minor,29
QC26080095,"12322 , 12308 , 12328","สีไม่ตรง STD./Color off Standard , แหว่ง/chip , รูไม่ตรง/Hole off-center",Minor,13
QC26080095,"12315 , 12308 , 12328","สีไม่ตรง STD./Color off Standard , รูไม่ตรง/Hole off-center , ฟองอากาศ/Bubble",Minor,2
QC26080095,"12308 , 11374 , 12328","สีไม่ตรง STD./Color off Standard , รูไม่ตรง/Hole off-center , แมลง/Insect",Critical,1
QC26080095,"12356 , 12308 , 12328","สีไม่ตรง STD./Color off Standard , เส้นผม/Hair contamination , รูไม่ตรง/Hole off-center",Critical,1
QC26080095,"12318 , 12308 , 12328","สีไม่ตรง STD./Color off Standard , รูไม่ตรง/Hole off-center , รอยเส้น/Trace mark",Minor,1
QC26080095,"12301 , 12308 , 12328","สีไม่ตรง STD./Color off Standard , รูไม่ตรง/Hole off-center , รอยด่าง/stain spot",Minor,1
QC26080095,"12310 , 12308 , 12328","สีไม่ตรง STD./Color off Standard , รูไม่ตรง/Hole off-center , ฝุ่น/Dust",Minor,1
QC26080095,"12312 , 12308 , 12328","สีไม่ตรง STD./Color off Standard , รูไม่ตรง/Hole off-center , คราบสกปรก/Dirty",Minor,1
QC26080096,12349,เอียง/Slanted,Minor,63
QC26080097,12120,ห่าง/Gap,Minor,10
QC26080097,12127,ประกอบไม่สนิท / Assembly incomplete,Minor,4
QC26080097,12312,คราบสกปรก/Dirty,Minor,4
QC26080097,12309,จุดดำ/Black dot,Minor,3
QC26080097,12309,จุดดำ/Black dot,Minor,2
QC26080097,12310,ฝุ่น/Dust,Minor,1
QC26080097,12305,บุบ/Dent,Minor,1
QC26080097,12344,เคลือบไม่เต็ม/Coating incomplete,Minor,1
QC26080097,12332,ประกายเงิน/ Silver streak,Minor,1
QC26080097,12356,เส้นผม/Hair contamination,Critical,1
QC26080098,12118,หลวม/loose,Minor,71
QC26080098,12310,ฝุ่น/Dust,Minor,3
QC26080098,12322,แหว่ง/chip,Minor,3
QC26080098,12312,คราบสกปรก/Dirty,Minor,2
QC26080098,12301,รอยด่าง/stain spot,Minor,1
QC26080099,12309,จุดดำ/Black dot,Minor,40
QC26080099,12122,ยับ/ Wrinkled,Minor,30
QC26080099,12346,คราบกาว/Glue stain,Minor,4
QC26080099,12312,คราบสกปรก/Dirty,Minor,1
QC26080100,12309,จุดดำ/Black dot,Minor,34
QC26080100,12121,ฉีกขาด/Torn,Minor,3
QC26080101,12308,สีไม่ตรง STD./Color off Standard,Minor,77
QC26080101,"12312 , 12308","สีไม่ตรง STD./Color off Standard , คราบสกปรก/Dirty",Minor,4
QC26080101,"12314 , 12308","สีไม่ตรง STD./Color off Standard , ผิวไม่เรียบ/Uneven surface",Minor,2
QC26080101,"12309 , 12308","สีไม่ตรง STD./Color off Standard , จุดดำ/Black dot",Minor,36
QC26080101,"12310 , 12308","สีไม่ตรง STD./Color off Standard , ฝุ่น/Dust",Minor,3
QC26080101,"12314 , 12308","สีไม่ตรง STD./Color off Standard , ผิวไม่เรียบ/Uneven surface",Minor,3
QC26080102,12312,คราบสกปรก/Dirty,Minor,2
QC26080102,12309,จุดดำ/Black dot,Minor,25
QC26080103,12309,จุดดำ/Black dot,Minor,46
QC26080103,12312,คราบสกปรก/Dirty,Minor,4
QC26080104,"12122 , 12308","ยับ/ Wrinkled , สีไม่ตรง STD./Color off Standard",Minor,6
QC26080104,"11020 , 12308","สีไม่ตรง STD./Color off Standard , พิมพ์เหลื่อม",Minor,3
QC26080104,"12309 , 12308","สีไม่ตรง STD./Color off Standard , จุดดำ/Black dot",Minor,49
QC26080104,12318,รอยเส้น/Trace mark,Minor,7
QC26080105,12309,จุดดำ/Black dot,Minor,36
QC26080105,12346,คราบกาว/Glue stain,Minor,20
QC26080105,12312,คราบสกปรก/Dirty,Minor,3
QC26080105,12122,ยับ/ Wrinkled,Minor,2
QC26080105,12301,รอยด่าง/stain spot,Minor,1
QC26080105,12327,รอยขีด/Scratch mark,Minor,1
QC26080105,12310,ฝุ่น/Dust,Minor,1
QC26080106,12358,เป็นรู/Hole present,Minor,4
QC26080106,12310,ฝุ่น/Dust,Minor,5
QC26080106,12322,แหว่ง/chip,Major,41
QC26080106,12327,รอยขีด/Scratch mark,Minor,2
QC26080106,12312,คราบสกปรก/Dirty,Minor,2
QC26080106,12346,คราบกาว/Glue stain,Minor,1
QC26080106,12304,ถลอก/ Peeling,Minor,1
QC26080106,12341,เปื้อนสี / Color stain,Minor,7
QC26080109,12308,สีไม่ตรง STD./Color off Standard,Minor,142
QC26080109,"11010 , 12308","พิมพ์แตก/Printing cracked , สีไม่ตรง STD./Color off Standard",Minor,5
QC26080109,"12301 , 12308","รอยด่าง/stain spot , สีไม่ตรง STD./Color off Standard",Minor,2
QC26080109,"12304 , 12308","ถลอก/ Peeling , สีไม่ตรง STD./Color off Standard",Minor,4
QC26080109,"12309 , 12308","สีไม่ตรง STD./Color off Standard , จุดดำ/Black dot",Minor,9
QC26080109,"12312 , 12308","สีไม่ตรง STD./Color off Standard , คราบสกปรก/Dirty",Minor,5
QC26080109,"12309 , 12308","สีไม่ตรง STD./Color off Standard , จุดดำ/Black dot",Minor,33
QC26080110,12308,สีไม่ตรง STD./Color off Standard,Minor,581
QC26080110,"12301 , 12308","รอยด่าง/stain spot , สีไม่ตรง STD./Color off Standard",Minor,42
QC26080110,"12308 , 12309","สีไม่ตรง STD./Color off Standard , จุดดำ/Black dot",Minor,3
QC26080110,"12308 , 12356","สีไม่ตรง STD./Color off Standard , เส้นผม/Hair contamination",Critical,1
QC26080110,"12332 , 12308","สีไม่ตรง STD./Color off Standard , ประกายเงิน/ Silver streak",Minor,1
QC26080110,"12327 , 12308","สีไม่ตรง STD./Color off Standard , รอยขีด/Scratch mark",Minor,1
QC26080110,"12346 , 12308","สีไม่ตรง STD./Color off Standard , คราบกาว/Glue stain",Minor,1
QC26080111,12349,เอียง/Slanted,Minor,38
QC26080111,12304,ถลอก/ Peeling,Minor,2
QC26080111,12367,รอยกดทับ/Pressure marks,Minor,1
QC26080112,12308,สีไม่ตรง STD./Color off Standard,Minor,438
QC26080112,"12349 , 12308","สีไม่ตรง STD./Color off Standard , เอียง/Slanted",Minor,44
QC26080112,"11020 , 12308","สีไม่ตรง STD./Color off Standard , พิมพ์เหลื่อม",Minor,5
QC26080112,"12127 , 12308","ประกอบไม่สนิท / Assembly incomplete , สีไม่ตรง STD./Color off Standard",Minor,3
QC26080112,"12122 , 12308","ยับ/ Wrinkled , สีไม่ตรง STD./Color off Standard",Minor,2
QC26080112,"12304 , 12308","ถลอก/ Peeling , สีไม่ตรง STD./Color off Standard",Minor,1
QC26080112,"12121 , 12308","ฉีกขาด/Torn , สีไม่ตรง STD./Color off Standard",Critical,1
QC26080112,"12349 , 12308","สีไม่ตรง STD./Color off Standard , เอียง/Slanted",Minor,6
QC26080113,12308,สีไม่ตรง STD./Color off Standard,Minor,290
QC26080113,"12120 , 12308","ห่าง/Gap , สีไม่ตรง STD./Color off Standard",Minor,4
QC26080113,"12309 , 12308","สีไม่ตรง STD./Color off Standard , จุดดำ/Black dot",Minor,3
QC26080113,"12309 , 12308","สีไม่ตรง STD./Color off Standard , จุดดำ/Black dot",Minor,4
QC26080113,"12308 , 12309","สีไม่ตรง STD./Color off Standard , จุดดำ/Black dot",Minor,3
QC26080113,"12312 , 12308","สีไม่ตรง STD./Color off Standard , คราบสกปรก/Dirty",Minor,6
QC26080113,"12313 , 12308","สีไม่ตรง STD./Color off Standard , เป็นเม็ด/Dot",Minor,1
QC26080113,"12308 , 12127","ประกอบไม่สนิท / Assembly incomplete , สีไม่ตรง STD./Color off Standard",Minor,1
QC26080113,"12306 , 12308","ร้าว/crack , สีไม่ตรง STD./Color off Standard",Major,1
QC26080113,"12310 , 12308","สีไม่ตรง STD./Color off Standard , ฝุ่น/Dust",Minor,2
QC26080115,12308,สีไม่ตรง STD./Color off Standard,Minor,134
QC26080115,"12304 , 12308","ถลอก/ Peeling , สีไม่ตรง STD./Color off Standard",Minor,32
QC26080115,"12309 , 12308","สีไม่ตรง STD./Color off Standard , จุดดำ/Black dot",Minor,28
QC26080115,"12327 , 12308","สีไม่ตรง STD./Color off Standard , รอยขีด/Scratch mark",Minor,2
QC26080115,"12321 , 12308","สีไม่ตรง STD./Color off Standard , มีเศษพลาสติกยื่น/ Plastic burr",Minor,3
QC26080115,"12312 , 12308","สีไม่ตรง STD./Color off Standard , คราบสกปรก/Dirty",Minor,1
QC26080116,12308,สีไม่ตรง STD./Color off Standard,Minor,48
QC26080116,"12301 , 12308","รอยด่าง/stain spot , สีไม่ตรง STD./Color off Standard",Minor,1
QC26080116,"12309 , 12308","สีไม่ตรง STD./Color off Standard , จุดดำ/Black dot",Minor,16
QC26080116,"12312 , 12308","สีไม่ตรง STD./Color off Standard , คราบสกปรก/Dirty",Minor,1
QC26080121,12129,เปิดยาก/Hard to open,Major,37
QC26080121,12346,คราบกาว/Glue stain,Minor,8
QC26080121,12304,ถลอก/ Peeling,Minor,4
QC26080121,12313,เป็นเม็ด/Dot,Minor,4
QC26080121,12327,รอยขีด/Scratch mark,Minor,2
QC26080121,12313,เป็นเม็ด/Dot,Minor,3
QC26080121,12321,มีเศษพลาสติกยื่น/ Plastic burr,Minor,2
QC26080121,12313,เป็นเม็ด/Dot,Minor,1
QC26080121,12327,รอยขีด/Scratch mark,Minor,1
QC26080121,12305,บุบ/Dent,Minor,1
QC26080121,12309,จุดดำ/Black dot,Minor,1
QC26080123,11020,พิมพ์เหลื่อม,Minor,953
QC26080123,"12349 , 11020","เอียง/Slanted , พิมพ์เหลื่อม",Minor,29
QC26080123,"12122 , 11020","ยับ/ Wrinkled , พิมพ์เหลื่อม",Minor,4
QC26080123,"12312 , 11020","คราบสกปรก/Dirty , พิมพ์เหลื่อม",Minor,3
QC26080123,"12122 , 11020","ยับ/ Wrinkled , พิมพ์เหลื่อม",Minor,2
QC26080123,"12301 , 11020","รอยด่าง/stain spot , พิมพ์เหลื่อม",Minor,2
QC26080123,"12301 , 11020","รอยด่าง/stain spot , พิมพ์เหลื่อม",Minor,2
QC26080123,"12367 , 11020","รอยกดทับ/Pressure marks , พิมพ์เหลื่อม",Minor,1
QC26080123,"12309 , 11020","จุดดำ/Black dot , พิมพ์เหลื่อม",Minor,1
QC26080123,"12303 , 11020","รอยย่น/Wrinkle , พิมพ์เหลื่อม",Minor,1
QC26080123,"12313 , 11020","เป็นเม็ด/Dot , พิมพ์เหลื่อม",Minor,1
QC26080123,"12107 , 11020","ประกอบไม่สุด/Assembly not complete , พิมพ์เหลื่อม",Major,1
QC26080124,"12349 , 12308","สีไม่ตรง STD./Color off Standard , เอียง/Slanted",Minor,26
QC26080124,"12301 , 12308","รอยด่าง/stain spot , สีไม่ตรง STD./Color off Standard",Minor,33
QC26080124,"12322 , 12308","สีไม่ตรง STD./Color off Standard , แหว่ง/chip",Minor,1
QC26080124,"12367 , 12308","สีไม่ตรง STD./Color off Standard , รอยกดทับ/Pressure marks",Minor,1
QC26080124,"12304 , 12308","ถลอก/ Peeling , สีไม่ตรง STD./Color off Standard",Minor,1
QC26080124,12308,สีไม่ตรง STD./Color off Standard,Minor,437
QC26080124,"12313 , 12308","สีไม่ตรง STD./Color off Standard , เป็นเม็ด/Dot",Minor,1
QC26080125,12122,ยับ/ Wrinkled,Minor,8
QC26080125,12367,รอยกดทับ/Pressure marks,Minor,7
QC26080125,12312,คราบสกปรก/Dirty,Minor,6
QC26080125,12312,คราบสกปรก/Dirty,Minor,5
QC26080125,12341,เปื้อนสี / Color stain,Minor,1
QC26080125,12304,ถลอก/ Peeling,Minor,1
QC26080125,12301,รอยด่าง/stain spot,Minor,1
QC26080126,12308,สีไม่ตรง STD./Color off Standard,Minor,199
QC26080126,"12309 , 12308","สีไม่ตรง STD./Color off Standard , จุดดำ/Black dot",Minor,1
QC26080128,"12308 , 12301","รอยด่าง/stain spot , สีไม่ตรง STD./Color off Standard",Minor,32
QC26080128,12308,สีไม่ตรง STD./Color off Standard,Minor,168
QC26080129,12308,สีไม่ตรง STD./Color off Standard,Minor,357
QC26080129,"12309 , 12308","สีไม่ตรง STD./Color off Standard , จุดดำ/Black dot",Minor,42
QC26080129,"12332 , 12308","สีไม่ตรง STD./Color off Standard , ประกายเงิน/ Silver streak",Minor,1
QC26080130,12309,จุดดำ/Black dot,Minor,8
QC26080130,12327,รอยขีด/Scratch mark,Minor,45
QC26080130,12304,ถลอก/ Peeling,Minor,5
QC26080130,12301,รอยด่าง/stain spot,Minor,1
QC26080130,12340,เปื้อนตัวยา / Bulk stain,Minor,1
QC26080130,12346,คราบกาว/Glue stain,Minor,1
QC26080130,11009,พิมพ์ถลอก/Printing peeling,Minor,1
QC26080130,11009,พิมพ์ถลอก/Printing peeling,Minor,1
QC26080131,12308,สีไม่ตรง STD./Color off Standard,Minor,161
QC26080131,"12301 , 12308","รอยด่าง/stain spot , สีไม่ตรง STD./Color off Standard",Minor,36
QC26080131,"12312 , 12308","สีไม่ตรง STD./Color off Standard , คราบสกปรก/Dirty",Minor,1
QC26080131,"12327 , 12308","สีไม่ตรง STD./Color off Standard , รอยขีด/Scratch mark",Minor,1
QC26080131,"12332 , 12308","สีไม่ตรง STD./Color off Standard , ประกายเงิน/ Silver streak",Minor,1
QC26080132,12308,สีไม่ตรง STD./Color off Standard,Minor,587
QC26080132,"12309 , 12308","สีไม่ตรง STD./Color off Standard , จุดดำ/Black dot",Minor,43
QC26080133,12308,สีไม่ตรง STD./Color off Standard,Minor,585
QC26080133,"12309 , 12308","สีไม่ตรง STD./Color off Standard , จุดดำ/Black dot",Minor,44
QC26080133,"12310 , 12308","สีไม่ตรง STD./Color off Standard , ฝุ่น/Dust",Minor,1
QC26080134,12327,รอยขีด/Scratch mark,Minor,39
QC26080134,12304,ถลอก/ Peeling,Minor,7
QC26080134,11009,พิมพ์ถลอก/Printing peeling,Minor,1
QC26080134,11009,พิมพ์ถลอก/Printing peeling,Minor,1
QC26080135,12308,สีไม่ตรง STD./Color off Standard,Minor,273
QC26080135,"12301 , 12308","รอยด่าง/stain spot , สีไม่ตรง STD./Color off Standard",Minor,36
QC26080135,"12301 , 12308","รอยด่าง/stain spot , สีไม่ตรง STD./Color off Standard",Minor,4
QC26080135,"12309 , 12308","สีไม่ตรง STD./Color off Standard , จุดดำ/Black dot",Minor,1
QC26080135,"12304 , 12308","ถลอก/ Peeling , สีไม่ตรง STD./Color off Standard",Minor,1
QC26080136,12308,สีไม่ตรง STD./Color off Standard,Minor,269
QC26080136,"12301 , 12308","รอยด่าง/stain spot , สีไม่ตรง STD./Color off Standard",Minor,37
QC26080136,"12309 , 12308","สีไม่ตรง STD./Color off Standard , จุดดำ/Black dot",Minor,7
QC26080136,"12327 , 12308","สีไม่ตรง STD./Color off Standard , รอยขีด/Scratch mark",Minor,1
QC26080136,"12356 , 12308","สีไม่ตรง STD./Color off Standard , เส้นผม/Hair contamination",Critical,1
QC26080137,"12356 , 12308","สีไม่ตรง STD./Color off Standard , เส้นผม/Hair contamination",Critical,1
QC26080137,12308,สีไม่ตรง STD./Color off Standard,Minor,586
QC26080137,"12309 , 12308","สีไม่ตรง STD./Color off Standard , จุดดำ/Black dot",Minor,41
QC26080137,"12301 , 12308","รอยด่าง/stain spot , สีไม่ตรง STD./Color off Standard",Minor,1
QC26080137,"12312 , 12308","สีไม่ตรง STD./Color off Standard , คราบสกปรก/Dirty",Minor,1
QC26080138,12308,สีไม่ตรง STD./Color off Standard,Minor,190
QC26080138,"12304 , 12308","ถลอก/ Peeling , สีไม่ตรง STD./Color off Standard",Minor,48
QC26080138,"12346 , 12308","สีไม่ตรง STD./Color off Standard , คราบกาว/Glue stain",Minor,62
QC26080138,"12312 , 12308","สีไม่ตรง STD./Color off Standard , คราบสกปรก/Dirty",Minor,2
QC26080138,"12304 , 12308","ถลอก/ Peeling , สีไม่ตรง STD./Color off Standard",Minor,3
QC26080138,"12327 , 12308","สีไม่ตรง STD./Color off Standard , รอยขีด/Scratch mark",Minor,1
QC26080138,"12313 , 12308","สีไม่ตรง STD./Color off Standard , เป็นเม็ด/Dot",Minor,5
QC26080138,"12309 , 12308","สีไม่ตรง STD./Color off Standard , จุดดำ/Black dot",Minor,3
QC26080138,"12341 , 12308","สีไม่ตรง STD./Color off Standard , เปื้อนสี / Color stain",Minor,1
QC26080139,12339,ไม่เหมือน STD./ not same STD.,Minor,55
QC26080139,"12301 , 12339","รอยด่าง/stain spot , ไม่เหมือน STD./ not same STD.",Minor,3
QC26080139,"12122 , 12339","ยับ/ Wrinkled , ไม่เหมือน STD./ not same STD.",Minor,3
QC26080139,"12367 , 12339","ไม่เหมือน STD./ not same STD. , รอยกดทับ/Pressure marks",Minor,2
QC26080139,"12349 , 12339","ไม่เหมือน STD./ not same STD. , เอียง/Slanted",Minor,1
QC26080140,12308,สีไม่ตรง STD./Color off Standard,Minor,116
QC26080140,"12129 , 12308","เปิดยาก/Hard to open , สีไม่ตรง STD./Color off Standard",Minor,28
QC26080140,"12309 , 12308","สีไม่ตรง STD./Color off Standard , จุดดำ/Black dot",Minor,5
QC26080140,"12309 , 12308","สีไม่ตรง STD./Color off Standard , จุดดำ/Black dot",Minor,4
QC26080140,"12309 , 12308","สีไม่ตรง STD./Color off Standard , จุดดำ/Black dot",Minor,2
QC26080140,"13114 , 12308","สีไม่ตรง STD./Color off Standard , ปิดเบา / Soft closing",Minor,2
QC26080140,"12312 , 12308","สีไม่ตรง STD./Color off Standard , คราบสกปรก/Dirty",Minor,1
QC26080140,"12310 , 12308","สีไม่ตรง STD./Color off Standard , ฝุ่น/Dust",Minor,1
QC26080140,"12304 , 12308","ถลอก/ Peeling , สีไม่ตรง STD./Color off Standard",Minor,1
QC26080141,"12308 , 12339","สีไม่ตรง STD./Color off Standard , ไม่เหมือน STD./ not same STD.",Minor,946
QC26080141,"12309 , 12308 , 12339","สีไม่ตรง STD./Color off Standard , จุดดำ/Black dot , ไม่เหมือน STD./ not same STD.",Minor,42
QC26080141,"12327 , 12308 , 12309","สีไม่ตรง STD./Color off Standard , จุดดำ/Black dot , รอยขีด/Scratch mark",Minor,6
QC26080141,"12312 , 12308 , 12339","สีไม่ตรง STD./Color off Standard , คราบสกปรก/Dirty , ไม่เหมือน STD./ not same STD.",Minor,1
QC26080141,"12304 , 12308 , 12339","ถลอก/ Peeling , สีไม่ตรง STD./Color off Standard , ไม่เหมือน STD./ not same STD.",Minor,3
QC26080141,"12322 , 12308 , 12339","สีไม่ตรง STD./Color off Standard , แหว่ง/chip , ไม่เหมือน STD./ not same STD.",Minor,1
QC26080141,"12356 , 12308 , 12339","สีไม่ตรง STD./Color off Standard , ไม่เหมือน STD./ not same STD. , เส้นผม/Hair contamination",Critical,1
QC26080142,12308,สีไม่ตรง STD./Color off Standard,Minor,302
QC26080142,"12312 , 12308","สีไม่ตรง STD./Color off Standard , คราบสกปรก/Dirty",Minor,2
QC26080142,"12309 , 12308","สีไม่ตรง STD./Color off Standard , จุดดำ/Black dot",Minor,5
QC26080142,"12327 , 12308","สีไม่ตรง STD./Color off Standard , รอยขีด/Scratch mark",Minor,2
QC26080142,"12304 , 12308","ถลอก/ Peeling , สีไม่ตรง STD./Color off Standard",Minor,1
QC26080142,"12356 , 12308","สีไม่ตรง STD./Color off Standard , เส้นผม/Hair contamination",Critical,3
QC26080143,12308,สีไม่ตรง STD./Color off Standard,Minor,220
QC26080143,"12309 , 12308","สีไม่ตรง STD./Color off Standard , จุดดำ/Black dot",Minor,49
QC26080143,"12321 , 12308","สีไม่ตรง STD./Color off Standard , มีเศษพลาสติกยื่น/ Plastic burr",Minor,35
QC26080143,"12309 , 12308","สีไม่ตรง STD./Color off Standard , จุดดำ/Black dot",Minor,2
QC26080143,"12341 , 12308","สีไม่ตรง STD./Color off Standard , เปื้อนสี / Color stain",Minor,1
QC26080143,"12301 , 12308","รอยด่าง/stain spot , สีไม่ตรง STD./Color off Standard",Minor,1
QC26080143,"12301 , 12308","รอยด่าง/stain spot , สีไม่ตรง STD./Color off Standard",Minor,1
QC26080143,"12309 , 12308","สีไม่ตรง STD./Color off Standard , จุดดำ/Black dot",Minor,1
QC26080143,"12322 , 12308","สีไม่ตรง STD./Color off Standard , แหว่ง/chip",Minor,3
QC26080143,"12310 , 12308","สีไม่ตรง STD./Color off Standard , ฝุ่น/Dust",Minor,1
QC26080143,"12313 , 12308","สีไม่ตรง STD./Color off Standard , เป็นเม็ด/Dot",Minor,1
QC26080146,12308,สีไม่ตรง STD./Color off Standard,Minor,113
QC26080146,"12321 , 12308","สีไม่ตรง STD./Color off Standard , มีเศษพลาสติกยื่น/ Plastic burr",Minor,46
QC26080146,"12309 , 12308","สีไม่ตรง STD./Color off Standard , จุดดำ/Black dot",Minor,1
QC26080147,12308,สีไม่ตรง STD./Color off Standard,Minor,82
QC26080148,12310,ฝุ่น/Dust,Minor,8
QC26080149,"12344 , 12308","สีไม่ตรง STD./Color off Standard , เคลือบไม่เต็ม/Coating incomplete",Minor,5
QC26080149,"12306 , 12308","ร้าว/crack , สีไม่ตรง STD./Color off Standard",Major,55
QC26080149,"12119 , 12308","หลุด/ Detached , สีไม่ตรง STD./Color off Standard",Minor,1
QC26080149,"12309 , 12308","สีไม่ตรง STD./Color off Standard , จุดดำ/Black dot",Minor,2
QC26080149,12308,สีไม่ตรง STD./Color off Standard,Minor,97
QC26080150,"12310 , 12308","สีไม่ตรง STD./Color off Standard , ฝุ่น/Dust",Minor,1
QC26080150,"12309 , 12308","สีไม่ตรง STD./Color off Standard , จุดดำ/Black dot",Minor,3
QC26080150,"12332 , 12308","สีไม่ตรง STD./Color off Standard , ประกายเงิน/ Silver streak",Minor,1
QC26080150,"12327 , 12308","สีไม่ตรง STD./Color off Standard , รอยขีด/Scratch mark",Minor,2
QC26080150,"12312 , 12308","สีไม่ตรง STD./Color off Standard , คราบสกปรก/Dirty",Minor,2
QC26080150,12308,สีไม่ตรง STD./Color off Standard,Minor,191
QC26080151,12308,สีไม่ตรง STD./Color off Standard,Minor,376
QC26080151,"12301 , 12308","รอยด่าง/stain spot , สีไม่ตรง STD./Color off Standard",Minor,72
QC26080151,"12349 , 12308","สีไม่ตรง STD./Color off Standard , เอียง/Slanted",Minor,7
QC26080151,"11020 , 12308","สีไม่ตรง STD./Color off Standard , พิมพ์เหลื่อม",Minor,44
QC26080151,"12122 , 12308","ยับ/ Wrinkled , สีไม่ตรง STD./Color off Standard",Minor,1
QC26080152,12308,สีไม่ตรง STD./Color off Standard,Minor,287
QC26080152,"12312 , 12308","สีไม่ตรง STD./Color off Standard , คราบสกปรก/Dirty",Minor,5
QC26080152,"12312 , 12308","สีไม่ตรง STD./Color off Standard , คราบสกปรก/Dirty",Minor,6
QC26080152,"12127 , 12308","ประกอบไม่สนิท / Assembly incomplete , สีไม่ตรง STD./Color off Standard",Minor,3
QC26080152,"12309 , 12308","สีไม่ตรง STD./Color off Standard , จุดดำ/Black dot",Minor,3
QC26080152,"12310 , 12308","สีไม่ตรง STD./Color off Standard , ฝุ่น/Dust",Minor,2
QC26080152,"12306 , 12308","ร้าว/crack , สีไม่ตรง STD./Color off Standard",Minor,2
QC26080152,"12309 , 12308","สีไม่ตรง STD./Color off Standard , จุดดำ/Black dot",Minor,1
QC26080152,"12309 , 12308","สีไม่ตรง STD./Color off Standard , จุดดำ/Black dot",Minor,1
QC26080152,"12313 , 12308","สีไม่ตรง STD./Color off Standard , เป็นเม็ด/Dot",Minor,1
QC26080152,"12310 , 12308","สีไม่ตรง STD./Color off Standard , ฝุ่น/Dust",Minor,1
QC26080152,"11009 , 12308","พิมพ์ถลอก/Printing peeling , สีไม่ตรง STD./Color off Standard",Minor,1
QC26080152,"12120 , 12308","ห่าง/Gap , สีไม่ตรง STD./Color off Standard",Minor,2
QC26080153,12308,สีไม่ตรง STD./Color off Standard,Minor,267
QC26080153,"12309 , 12308","สีไม่ตรง STD./Color off Standard , จุดดำ/Black dot",Minor,48
QC26080154,12308,สีไม่ตรง STD./Color off Standard,Minor,212
QC26080154,"12321 , 12308","สีไม่ตรง STD./Color off Standard , มีเศษพลาสติกยื่น/ Plastic burr",Minor,31
QC26080154,"12309 , 12308","สีไม่ตรง STD./Color off Standard , จุดดำ/Black dot",Minor,62
QC26080154,"12312 , 12308","สีไม่ตรง STD./Color off Standard , คราบสกปรก/Dirty",Minor,3
QC26080154,"12322 , 12308","สีไม่ตรง STD./Color off Standard , แหว่ง/chip",Minor,5
QC26080154,"12310 , 12308","สีไม่ตรง STD./Color off Standard , ฝุ่น/Dust",Minor,1
QC26080154,"12356 , 12308","สีไม่ตรง STD./Color off Standard , เส้นผม/Hair contamination",Critical,1
QC26080155,12304,ถลอก/ Peeling,Minor,3
QC26080155,12309,จุดดำ/Black dot,Minor,2
QC26080155,12327,รอยขีด/Scratch mark,Minor,2
QC26080155,12118,หลวม/loose,Minor,62
QC26080157,12310,ฝุ่น/Dust,Minor,1
QC26080157,"12341 , 12308","สีไม่ตรง STD./Color off Standard , เปื้อนสี / Color stain",Minor,1
QC26080157,12340,เปื้อนตัวยา / Bulk stain,Minor,3
QC26080157,12312,คราบสกปรก/Dirty,Minor,5
QC26080157,"12309 , 12308","สีไม่ตรง STD./Color off Standard , จุดดำ/Black dot",Minor,40
QC26080158,15308,สีไม่ตรง STD./Color off Standard,Minor,202
QC26080158,"12309 , 15308","จุดดำ/Black dot , สีไม่ตรง STD./Color off Standard",Minor,50
QC26080158,"12312 , 15308","คราบสกปรก/Dirty , สีไม่ตรง STD./Color off Standard",Minor,62
QC26080158,"12340 , 15308","เปื้อนตัวยา / Bulk stain , สีไม่ตรง STD./Color off Standard",Minor,1
QC26080159,12309,จุดดำ/Black dot,Minor,42
QC26080159,"12312 , 12308","สีไม่ตรง STD./Color off Standard , คราบสกปรก/Dirty",Minor,33
QC26080159,"12340 , 12308","สีไม่ตรง STD./Color off Standard , เปื้อนตัวยา / Bulk stain",Minor,5
QC26080159,12341,เปื้อนสี / Color stain,Minor,1
QC26080160,12309,จุดดำ/Black dot,Minor,6
QC26070194,12308,สีไม่ตรง STD./Color off Standard,Minor,151
QC26070194,"12301 , 12308","รอยด่าง/stain spot , สีไม่ตรง STD./Color off Standard",Minor,28
QC26070194,"12309 , 12308","สีไม่ตรง STD./Color off Standard , จุดดำ/Black dot",Minor,7
QC26070194,"12332 , 12308","สีไม่ตรง STD./Color off Standard , ประกายเงิน/ Silver streak",Minor,2
QC26070194,"12312 , 12308","สีไม่ตรง STD./Color off Standard , คราบสกปรก/Dirty",Minor,3
QC26070194,"12341 , 12308","สีไม่ตรง STD./Color off Standard , เปื้อนสี / Color stain",Minor,5
QC26070194,"12339 , 12308","สีไม่ตรง STD./Color off Standard , ไม่เหมือน STD./ not same STD.",Minor,4
QC26080161,12308,สีไม่ตรง STD./Color off Standard,Minor,35
QC26080161,"12346 , 12308","สีไม่ตรง STD./Color off Standard , คราบกาว/Glue stain",Minor,33
QC26080161,"12309 , 12308","สีไม่ตรง STD./Color off Standard , จุดดำ/Black dot",Minor,22
QC26080161,"12312 , 12308","สีไม่ตรง STD./Color off Standard , คราบสกปรก/Dirty",Minor,1
QC26080162,"13103 , 12308","สีไม่ตรง STD./Color off Standard , หมุนไม่ขึ้น/Cannot rotate",Minor,29
QC26080162,"12312 , 12308","สีไม่ตรง STD./Color off Standard , คราบสกปรก/Dirty",Minor,2
QC26080162,"11010 , 12308","พิมพ์แตก/Printing cracked , สีไม่ตรง STD./Color off Standard",Minor,1
QC26080162,"12310 , 12308","สีไม่ตรง STD./Color off Standard , ฝุ่น/Dust",Minor,2
QC26080163,12308,สีไม่ตรง STD./Color off Standard,Minor,393
QC26080162,"12309 , 12308","สีไม่ตรง STD./Color off Standard , จุดดำ/Black dot",Minor,3
QC26080163,"12349 , 12308","สีไม่ตรง STD./Color off Standard , เอียง/Slanted",Minor,58
QC26080162,"12374 , 12308","สีไม่ตรง STD./Color off Standard , สีไม่ตรง STD (BULK)./Bulk color off standard",Critical,1
QC26080163,"11020 , 12308","สีไม่ตรง STD./Color off Standard , พิมพ์เหลื่อม",Minor,42
QC26080162,"12304 , 12308","ถลอก/ Peeling , สีไม่ตรง STD./Color off Standard",Minor,2
QC26080163,"12349 , 12308","สีไม่ตรง STD./Color off Standard , เอียง/Slanted",Minor,5
QC26080163,"12303 , 12308","รอยย่น/Wrinkle , สีไม่ตรง STD./Color off Standard",Minor,1
QC26080163,"12121 , 12308","ฉีกขาด/Torn , สีไม่ตรง STD./Color off Standard",Minor,1
QC26080164,12310,ฝุ่น/Dust,Minor,1
QC26080164,12318,รอยเส้น/Trace mark,Minor,3
QC26080164,12309,จุดดำ/Black dot,Minor,4
QC26080165,12309,จุดดำ/Black dot,Minor,3
QC26080165,12304,ถลอก/ Peeling,Minor,4
QC26080165,12312,คราบสกปรก/Dirty,Minor,3
QC26080166,12308,สีไม่ตรง STD./Color off Standard,Minor,35
QC26080166,"12346 , 12308","สีไม่ตรง STD./Color off Standard , คราบกาว/Glue stain",Minor,30
QC26080166,"12309 , 12308","สีไม่ตรง STD./Color off Standard , จุดดำ/Black dot",Minor,22
QC26080166,"12310 , 12308","สีไม่ตรง STD./Color off Standard , ฝุ่น/Dust",Minor,1
QC26080166,"12301 , 12308","รอยด่าง/stain spot , สีไม่ตรง STD./Color off Standard",Minor,1
QC26080167,12309,จุดดำ/Black dot,Minor,4
QC26080167,12332,ประกายเงิน/ Silver streak,Minor,1
QC26080167,12304,ถลอก/ Peeling,Minor,1
QC26080167,12312,คราบสกปรก/Dirty,Minor,3
QC26080168,12304,ถลอก/ Peeling,Minor,40
QC26080169,12309,จุดดำ/Black dot,Minor,7
QC26080170,12367,รอยกดทับ/Pressure marks,Minor,1
QC26080170,12313,เป็นเม็ด/Dot,Minor,1
QC26080170,12301,รอยด่าง/stain spot,Minor,3
QC26080170,12309,จุดดำ/Black dot,Minor,48
QC26080171,12308,สีไม่ตรง STD./Color off Standard,Minor,151
QC26080171,"12309 , 12308","สีไม่ตรง STD./Color off Standard , จุดดำ/Black dot",Minor,49
QC26080172,11010,พิมพ์แตก/Printing cracked,Minor,40
QC26080172,12309,จุดดำ/Black dot,Minor,49
QC26080173,"12309 , 12308","สีไม่ตรง STD./Color off Standard , จุดดำ/Black dot",Minor,66
QC26080173,12308,สีไม่ตรง STD./Color off Standard,Minor,249
QC26080174,12308,สีไม่ตรง STD./Color off Standard,Minor,269
QC26080174,"12309 , 12308","สีไม่ตรง STD./Color off Standard , จุดดำ/Black dot",Minor,38
QC26080174,"12312 , 12308","สีไม่ตรง STD./Color off Standard , คราบสกปรก/Dirty",Minor,1
QC26080174,"12327 , 12308","สีไม่ตรง STD./Color off Standard , รอยขีด/Scratch mark",Minor,3
QC26080174,"12341 , 12308","สีไม่ตรง STD./Color off Standard , เปื้อนสี / Color stain",Minor,3
QC26080174,"13100 , 12308","สีไม่ตรง STD./Color off Standard , หมุนมีเสียง/Rotation noise",Major,1
QC26080175,12309,จุดดำ/Black dot,Minor,20
QC26080175,12310,ฝุ่น/Dust,Minor,2
QC26080176,12349,เอียง/Slanted,Minor,9
QC26080176,12367,รอยกดทับ/Pressure marks,Minor,4
QC26080176,12309,จุดดำ/Black dot,Minor,3
QC26080176,12313,เป็นเม็ด/Dot,Minor,2
QC26080176,12304,ถลอก/ Peeling,Minor,2
QC26080176,12122,ยับ/ Wrinkled,Minor,2
QC26080177,12349,เอียง/Slanted,Minor,21
QC26080177,12301,รอยด่าง/stain spot,Minor,3
QC26080177,12312,คราบสกปรก/Dirty,Minor,1
QC26080177,12367,รอยกดทับ/Pressure marks,Minor,1
QC26080178,12308,สีไม่ตรง STD./Color off Standard,Minor,225
QC26080178,"12346 , 12308","สีไม่ตรง STD./Color off Standard , คราบกาว/Glue stain",Minor,42
QC26080178,"12304 , 12308","ถลอก/ Peeling , สีไม่ตรง STD./Color off Standard",Minor,37
QC26080178,"12313 , 12308","สีไม่ตรง STD./Color off Standard , เป็นเม็ด/Dot",Minor,6
QC26080178,"12309 , 12308","สีไม่ตรง STD./Color off Standard , จุดดำ/Black dot",Minor,3
QC26080178,"12310 , 12308","สีไม่ตรง STD./Color off Standard , ฝุ่น/Dust",Minor,1
QC26080179,12309,จุดดำ/Black dot,Minor,32
QC26080179,12312,คราบสกปรก/Dirty,Minor,1
QC26080179,12308,สีไม่ตรง STD./Color off Standard,Minor,282
QC26080180,12308,สีไม่ตรง STD./Color off Standard,Major,460
QC26080180,"12309 , 12308","สีไม่ตรง STD./Color off Standard , จุดดำ/Black dot",Minor,40
QC26080181,12308,สีไม่ตรง STD./Color off Standard,Minor,114
QC26080181,"11011 , 12308","พิมพ์เป็นรอยขีด/Printing scratched , สีไม่ตรง STD./Color off Standard",Minor,32
QC26080181,"12303 , 12308","รอยย่น/Wrinkle , สีไม่ตรง STD./Color off Standard",Minor,28
QC26080181,"12309 , 12308","สีไม่ตรง STD./Color off Standard , จุดดำ/Black dot",Minor,8
QC26080181,"12341 , 12308","สีไม่ตรง STD./Color off Standard , เปื้อนสี / Color stain",Minor,5
QC26080181,"12318 , 12308","สีไม่ตรง STD./Color off Standard , รอยเส้น/Trace mark",Minor,3
QC26080181,"11009 , 12308","พิมพ์ถลอก/Printing peeling , สีไม่ตรง STD./Color off Standard",Minor,3
QC26080181,"12313 , 12308","สีไม่ตรง STD./Color off Standard , เป็นเม็ด/Dot",Minor,4
QC26080181,"12304 , 12308","ถลอก/ Peeling , สีไม่ตรง STD./Color off Standard",Minor,2
QC26080181,"12310 , 12308","สีไม่ตรง STD./Color off Standard , ฝุ่น/Dust",Minor,1
QC26080182,12122,ยับ/ Wrinkled,Minor,5
QC26080182,12327,รอยขีด/Scratch mark,Minor,1
QC26080182,12301,รอยด่าง/stain spot,Minor,2
QC26080182,12349,เอียง/Slanted,Minor,6
QC26080182,11020,พิมพ์เหลื่อม,Minor,49
QC26080185,"12313 , 12308","สีไม่ตรง STD./Color off Standard , เป็นเม็ด/Dot",Minor,3
QC26080185,12308,สีไม่ตรง STD./Color off Standard,Minor,298
QC26080185,"12310 , 12308","สีไม่ตรง STD./Color off Standard , ฝุ่น/Dust",Minor,1
QC26080185,"12313 , 12308","สีไม่ตรง STD./Color off Standard , เป็นเม็ด/Dot",Minor,6
QC26080185,"12309 , 12308","สีไม่ตรง STD./Color off Standard , จุดดำ/Black dot",Minor,5
QC26080185,"12305 , 12308","บุบ/Dent , สีไม่ตรง STD./Color off Standard",Minor,1
QC26080185,"12332 , 12308","สีไม่ตรง STD./Color off Standard , ประกายเงิน/ Silver streak",Minor,1
QC26080187,"12313 , 12308","สีไม่ตรง STD./Color off Standard , เป็นเม็ด/Dot",Minor,7
QC26080187,"12332 , 12308","สีไม่ตรง STD./Color off Standard , ประกายเงิน/ Silver streak",Minor,1
QC26080187,"12327 , 12308","สีไม่ตรง STD./Color off Standard , รอยขีด/Scratch mark",Minor,2
QC26080187,"12309 , 12308","สีไม่ตรง STD./Color off Standard , จุดดำ/Black dot",Minor,2
QC26080192,12308,สีไม่ตรง STD./Color off Standard,Minor,155
QC26080192,"12310 , 12308","สีไม่ตรง STD./Color off Standard , ฝุ่น/Dust",Minor,1
QC26080192,"12309 , 12308","สีไม่ตรง STD./Color off Standard , จุดดำ/Black dot",Minor,35
QC26080192,"12346 , 12308","สีไม่ตรง STD./Color off Standard , คราบกาว/Glue stain",Minor,6
QC26080192,"12312 , 12308","สีไม่ตรง STD./Color off Standard , คราบสกปรก/Dirty",Minor,1
QC26080192,"12122 , 12308","ยับ/ Wrinkled , สีไม่ตรง STD./Color off Standard",Minor,2
QC26080193,12349,เอียง/Slanted,Minor,59
QC26080194,"12313 , 12308","สีไม่ตรง STD./Color off Standard , เป็นเม็ด/Dot",Minor,8
QC26080194,"12346 , 12308","สีไม่ตรง STD./Color off Standard , คราบกาว/Glue stain",Minor,56
QC26080194,"12309 , 12308","สีไม่ตรง STD./Color off Standard , จุดดำ/Black dot",Minor,1
QC26080194,"12305 , 12308","บุบ/Dent , สีไม่ตรง STD./Color off Standard",Minor,1
QC26080194,"12332 , 12308","สีไม่ตรง STD./Color off Standard , ประกายเงิน/ Silver streak",Minor,1
QC26080195,12308,สีไม่ตรง STD./Color off Standard,Minor,81
QC26080195,"12309 , 12308","สีไม่ตรง STD./Color off Standard , จุดดำ/Black dot",Minor,41
QC26080195,"12310 , 12308","สีไม่ตรง STD./Color off Standard , ฝุ่น/Dust",Minor,2
QC26080195,"12312 , 12308","สีไม่ตรง STD./Color off Standard , คราบสกปรก/Dirty",Minor,1
QC26080196,"12339 , 12308","สีไม่ตรง STD./Color off Standard , ไม่เหมือน STD./ not same STD.",Minor,486
QC26080196,"12327 , 12339 , 12308","สีไม่ตรง STD./Color off Standard , รอยขีด/Scratch mark , ไม่เหมือน STD./ not same STD.",Minor,5
QC26080196,"12324 , 12339 , 12308","สีไม่ตรง STD./Color off Standard , เสียรูปทรง/Deformation , ไม่เหมือน STD./ not same STD.",Minor,4
QC26080196,"12309 , 12339 , 12308","สีไม่ตรง STD./Color off Standard , จุดดำ/Black dot , ไม่เหมือน STD./ not same STD.",Minor,2
QC26080196,"12304 , 12339 , 12308","ถลอก/ Peeling , สีไม่ตรง STD./Color off Standard , ไม่เหมือน STD./ not same STD.",Minor,2
QC26080196,"12356 , 12339 , 12308","สีไม่ตรง STD./Color off Standard , ไม่เหมือน STD./ not same STD. , เส้นผม/Hair contamination",Minor,1
QC26080197,12308,สีไม่ตรง STD./Color off Standard,Minor,488
QC26080197,"12349 , 12308","สีไม่ตรง STD./Color off Standard , เอียง/Slanted",Minor,9
QC26080197,"12367 , 12308","สีไม่ตรง STD./Color off Standard , รอยกดทับ/Pressure marks",Minor,2
QC26080197,"12312 , 12308","สีไม่ตรง STD./Color off Standard , คราบสกปรก/Dirty",Minor,1
QC26080198,12356,เส้นผม/Hair contamination,Critical,1
QC26080199,12308,สีไม่ตรง STD./Color off Standard,Minor,151
QC26080199,"12340 , 12308","สีไม่ตรง STD./Color off Standard , เปื้อนตัวยา / Bulk stain",Minor,1
QC26080199,"12370 , 12308","สีไม่ตรง STD./Color off Standard , ไม่สมมาตร / Incomplete",Minor,25
QC26080199,"12309 , 12308","สีไม่ตรง STD./Color off Standard , จุดดำ/Black dot",Minor,3
QC26080199,"12127 , 12308","ประกอบไม่สนิท / Assembly incomplete , สีไม่ตรง STD./Color off Standard",Minor,20
QC26080200,12308,สีไม่ตรง STD./Color off Standard,Minor,146
QC26080200,"12127 , 12308","ประกอบไม่สนิท / Assembly incomplete , สีไม่ตรง STD./Color off Standard",Minor,25
QC26080200,"12370 , 12308","สีไม่ตรง STD./Color off Standard , ไม่สมมาตร / Incomplete",Minor,25
QC26080200,"12309 , 12308","สีไม่ตรง STD./Color off Standard , จุดดำ/Black dot",Minor,4
QC26080201,12308,สีไม่ตรง STD./Color off Standard,Minor,60
QC26080201,"12309 , 12308","สีไม่ตรง STD./Color off Standard , จุดดำ/Black dot",Minor,20
QC26080202,12308,สีไม่ตรง STD./Color off Standard,Minor,170
QC26080202,"12304 , 12308","ถลอก/ Peeling , สีไม่ตรง STD./Color off Standard",Minor,29
QC26080202,"12312 , 12308","สีไม่ตรง STD./Color off Standard , คราบสกปรก/Dirty",Minor,1
QC26080211,15308,สีไม่ตรง STD./Color off Standard,Minor,315
QC26080212,12304,ถลอก/ Peeling,Minor,35
QC26080213,"12308 , 15308","สีไม่ตรง STD./Color off Standard , สีไม่ตรง STD./Color off Standard",Minor,285
QC26080213,"12304 , 12308 , 15308","ถลอก/ Peeling , สีไม่ตรง STD./Color off Standard , สีไม่ตรง STD./Color off Standard",Minor,7
QC26080213,"12322 , 12308 , 15308","สีไม่ตรง STD./Color off Standard , แหว่ง/chip , สีไม่ตรง STD./Color off Standard",Minor,7
QC26080213,"12363 , 12308 , 15308","สีไม่ตรง STD./Color off Standard , ตัดไม่ขาด/ผิวไม่เรียบ/ Incomplete cutting / Rough surface , สีไม่ตรง STD./Color off Standard",Minor,4
QC26080213,"12327 , 12308 , 15308","สีไม่ตรง STD./Color off Standard , รอยขีด/Scratch mark , สีไม่ตรง STD./Color off Standard",Minor,2
QC26080213,"12367 , 12308 , 15308","สีไม่ตรง STD./Color off Standard , รอยกดทับ/Pressure marks , สีไม่ตรง STD./Color off Standard",Minor,2
QC26080213,"12321 , 12308 , 15308","สีไม่ตรง STD./Color off Standard , มีเศษพลาสติกยื่น/ Plastic burr , สีไม่ตรง STD./Color off Standard",Minor,2
QC26080213,"12303 , 12308 , 15308","รอยย่น/Wrinkle , สีไม่ตรง STD./Color off Standard , สีไม่ตรง STD./Color off Standard",Minor,1
QC26080213,"12338 , 12308 , 15308","สีไม่ตรง STD./Color off Standard , ขาด / missing , สีไม่ตรง STD./Color off Standard",Minor,1
QC26080213,"12122 , 12308 , 15308","ยับ/ Wrinkled , สีไม่ตรง STD./Color off Standard , สีไม่ตรง STD./Color off Standard",Minor,1
QC26080213,"12309 , 12308 , 15308","สีไม่ตรง STD./Color off Standard , จุดดำ/Black dot , สีไม่ตรง STD./Color off Standard",Minor,1
QC26080213,"12308 , 15308 , 12371","สีไม่ตรง STD./Color off Standard , ไขที่เนื้อยา/ Oil separation , สีไม่ตรง STD./Color off Standard",Minor,1
QC26080213,"12310 , 12308 , 15308","สีไม่ตรง STD./Color off Standard , ฝุ่น/Dust , สีไม่ตรง STD./Color off Standard",Minor,1
QC26080214,12122,ยับ/ Wrinkled,Minor,7
QC26080214,12309,จุดดำ/Black dot,Minor,2
QC26080214,12312,คราบสกปรก/Dirty,Minor,1
QC26080215,12310,ฝุ่น/Dust,Minor,55
QC26080215,"12312 , 12310","ฝุ่น/Dust , คราบสกปรก/Dirty",Minor,15
QC26080215,"12122 , 12310","ยับ/ Wrinkled , ฝุ่น/Dust",Minor,9
QC26080215,"12351 , 12310","ฝุ่น/Dust , คราบน้ำ/Water stain",Minor,1
